SL,Monomer 1,Monomer 2,Output_text,Group1,Group2,Temperature,Tg,Er,Prompt,Fixed Monomer 1,Fixed Monomer 2,Predicted Tg New,Predicted Er New,Difference Tg New,Difference Er New
1,Cc1cc(OCCOCC2CO2)ccc1OCCOCC4CO4,CC1(C)CC(N)CC(C)(CN)C1,"Based on your input, I designed monomers with the specified functionalities:
Monomer 1 with epoxy: Cc1cc(OCCOCC2CO2)ccc1OCCOCC4CO4
Monomer 2 with imine: CC1(C)CC(N)CC(C)(CN)C1",epoxy(C1OC1),imine(NC),0.3,,,Design a thermoset shape memory polymer using monomers that include epoxy(C1OC1) in monomer1 and imine(NC) in monomer2.,Cc1cc(OCCOCC2CO2)ccc1OCCOCC4CO4,CC1(C)CC(N)CC(C)(CN)C1,,,,
2,CC(C)(c2ccc(OCC1CO1)cc2)c4ccc(OCC3CO3)cc4,CC(N)COCC(C)COCC(C)COCC(C)COCC(C)COCC(C)N,"Here's a TSMP that includes the functional groups C1OC1 and NC, as requested:
Monomer 1: CC(C)(c2ccc(OCC1CO1)cc2)c4ccc(OCC3CO3)cc4
Monomer 2: CC(N)COCC(C)COCC(C)COCC(C)COCC(C)COCC(C)N",epoxy(C1OC1),imine(NC),0.3,,,Design a thermoset shape memory polymer using monomers that include epoxy(C1OC1) in monomer1 and imine(NC) in monomer2.,CC(C)(c2ccc(OCC1CO1)cc2)c4ccc(OCC3CO3)cc4,CC(N)COCC(C)COCC(C)COCC(C)COCC(C)COCC(C)N,,,,
3,C1OC1COC3COC4C(OC2CO2)COC34,CC1(C)CC(N)CC(C)(CN)C1,"Here's a TSMP that includes the requested functional groups:
Monomer 1 (epoxy): C1OC1COC3COC4C(OC2CO2)COC34
Monomer 2 (imine): CC1(C)CC(N)CC(C)(CN)C1",epoxy(C1OC1),imine(NC),0.3,,,Design a thermoset shape memory polymer using monomers that include epoxy(C1OC1) in monomer1 and imine(NC) in monomer2.,C1OC1COC3COC4C(OC2CO2)COC34,CC1(C)CC(N)CC(C)(CN)C1,,,,
4,CC(C)(c2ccc(OCC1CO1)cc2)c4ccc(OCC3CO3)cc4,NCCNCCN(CCNCCC(CN)CCN)CCN(CCNCCN)CCN(CCN)CCN,"Based on your input, I designed monomers containing C1OC1 and NC groups:
Monomer 1: CC(C)(c2ccc(OCC1CO1)cc2)c4ccc(OCC3CO3)cc4
Monomer 2: NCCNCCN(CCNCCC(CN)CCN)CCN(CCNCCN)CCN(CCN)CCN",epoxy(C1OC1),imine(NC),0.3,,,Design a thermoset shape memory polymer using monomers that include epoxy(C1OC1) in monomer1 and imine(NC) in monomer2.,CC(C)(c2ccc(OCC1CO1)cc2)c4ccc(OCC3CO3)cc4,NCCNCCN(CCNCCC(CN)CCN)CCN(CCNCCN)CCN(CCN)CCN,,,,
5,CC(C)(c2ccc(OCC1CO1)cc2)c4ccc(OCC3CO3)cc4,NCCNCCN(CCNCCC(CN)CCN)CCN(CCNCCN)CCN(CCN)CCN,"Based on your input, I designed monomers containing C1OC1 and NC groups:
Monomer 1: CC(C)(c2ccc(OCC1CO1)cc2)c4ccc(OCC3CO3)cc4
Monomer 2: NCCNCCN(CCNCCC(CN)CCN)CCN(CCNCCN)CCN(CCN)CCN",epoxy(C1OC1),imine(NC),0.3,,,Design a thermoset shape memory polymer using monomers that include epoxy(C1OC1) in monomer1 and imine(NC) in monomer2.,CC(C)(c2ccc(OCC1CO1)cc2)c4ccc(OCC3CO3)cc4,NCCNCCN(CCNCCC(CN)CCN)CCN(CCNCCN)CCN(CCN)CCN,,,,
6,Cc1cc(OCCOCC2CO2)ccc1OCCOCC4CO4,CC1(C)N(CCN(C)CC)CC(C)C(=O)N1CCN(CC)CC,"This monomer pair features the requested functional groups:
Monomer 1 with epoxy: Cc1cc(OCCOCC2CO2)ccc1OCCOCC4CO4
Monomer 2 with imine: CC1(C)N(CCN(C)CC)CC(C)C(=O)N1CCN(CC)CC",epoxy(C1OC1),imine(NC),0.5,,,Design a thermoset shape memory polymer using monomers that include epoxy(C1OC1) in monomer1 and imine(NC) in monomer2.,Cc1cc(OCCOCC2CO2)ccc1OCCOCC4CO4,CC1(C)N(CCN(C)CC)CC(C)C(=O)N1CCN(CC)CC,,,,
7,Cc1ccc2cc(OCCOCCOCCOCCOCCOCCOCCOCCOCCOCCOCCOCCOCCOCCOCCOCCOCC2)c1Cc4c(OCCOCCOCCOCCOCCOCCOCCOCCOCCOCCOCCOCCOCCOCCOCCOCCOCC3)c(OCCOCCOCCOCCOCCOCCOCCOCCOCCOCCOCCOCCOCCOCCOCCOCCOCC3)c(Cc2ccc(OCCOCCOCCOCCOCCOCCOCCOCCOCCOCCOCCOCCOCCOCCOCCOCCOCC1)cc2,NCCNCCN,"Here's a group-compliant monomer pair:
Monomer 1 includes epoxy groups: Cc1ccc2cc(OCCOCCOCCOCCOCCOCCOCCOCCOCCOCCOCCOCCOCCOCCOCCOCCOCC2)c1Cc4c(OCCOCCOCCOCCOCCOCCOCCOCCOCCOCCOCCOCCOCCOCCOCCOCCOCC3)c(OCCOCCOCCOCCOCCOCCOCCOCCOCCOCCOCCOCCOCCOCCOCCOCCOCC3)c(Cc2ccc(OCCOCCOCCOCCOCCOCCOCCOCCOCCOCCOCCOCCOCCOCCOCCOCCOCC1)cc2
Monomer 2 includes imine groups: NCCNCCN",epoxy(C1OC1),imine(NC),0.5,,,Design a thermoset shape memory polymer using monomers that include epoxy(C1OC1) in monomer1 and imine(NC) in monomer2.,Not found,Not found,,,,
8,CC(C)(c2ccc(OCC1CO1)cc2)c4ccc(OCC3CO3)cc4,CC(N)COCC(C)OCC(C)OCC(C)OCC(C)OCC(C)N,"Here's a pair of monomers that include the specified functional groups:
Monomer 1 (contains C1OC1): CC(C)(c2ccc(OCC1CO1)cc2)c4ccc(OCC3CO3)cc4
Monomer 2 (contains NC): CC(N)COCC(C)OCC(C)OCC(C)OCC(C)OCC(C)N",epoxy(C1OC1),imine(NC),0.5,,,Design a thermoset shape memory polymer using monomers that include epoxy(C1OC1) in monomer1 and imine(NC) in monomer2.,CC(C)(c2ccc(OCC1CO1)cc2)c4ccc(OCC3CO3)cc4,CC(N)COCC(C)OCC(C)OCC(C)OCC(C)OCC(C)N,,,,
9,CC(C)(c2ccc(OCC1CO1)cc2)c4ccc(OCC3CO3)cc4,CCC(COCC(C)OCC(C)OCC(C)OCC(C)OCC(C)OCC(C)OCC(C)OCC(C)N)N,"Here's a group-compliant monomer pair:
Monomer 1 includes C1OC1 groups: CC(C)(c2ccc(OCC1CO1)cc2)c4ccc(OCC3CO3)cc4
Monomer 2 includes NC groups: CCC(COCC(C)OCC(C)OCC(C)OCC(C)OCC(C)OCC(C)OCC(C)OCC(C)N)N",epoxy(C1OC1),imine(NC),0.5,,,Design a thermoset shape memory polymer using monomers that include epoxy(C1OC1) in monomer1 and imine(NC) in monomer2.,CC(C)(c2ccc(OCC1CO1)cc2)c4ccc(OCC3CO3)cc4,CCC(COCC(C)OCC(C)OCC(C)OCC(C)OCC(C)OCC(C)OCC(C)OCC(C)N)N,,,,
10,Cc1cc(OCCOCCOC(=O)C(=O)OCCOCCOCCOCCOCCOCCOCCOCCOCCOCCOCCOCCOCCOCCOCCOCCOCCOCCOCCOCCOCCOCCOCCOCCOCCOCCOCCOCCOCCOCCOCCOCCOCCOCCOCCOCCOCCOCCOCCOCCOCCOCCOCCOCCOCCOCCOCCOCCOCCOCCOCCOCCOCCOCCOCCOCCOCCOCCOCCOCCOCCOCCOCCOCCOCCOCCOCCOCCOCCOCCOCCOCCOCCOCCOCCOCCOCCOCCOCCOCCOCCOCCOCCOCCOCCOCCOCCOCCOCCOCCOCCOCCOCCOCCOCCOCCOCCOCCOCCOCCOCCOCCOCCOCCOCCOCCOCCOCCOCCOCCOCCOCCOCCOCCOCCOCCOCCOCCOCCOCCOCCOCCOCCOCCOCCOCCOCCOCCOCCOCCOCCO,,"Here's a pair of monomers fulfilling the functional group criteria:
Monomer 1 with epoxy: Cc1cc(OCCOCCOC(=O)C(=O)OCCOCCOCCOCCOCCOCCOCCOCCOCCOCCOCCOCCOCCOCCOCCOCCOCCOCCOCCOCCOCCOCCOCCOCCOCCOCCOCCOCCOCCOCCOCCOCCOCCOCCOCCOCCOCCOCCOCCOCCOCCOCCOCCOCCOCCOCCOCCOCCOCCOCCOCCOCCOCCOCCOCCOCCOCCOCCOCCOCCOCCOCCOCCOCCOCCOCCOCCOCCOCCOCCOCCOCCOCCOCCOCCOCCOCCOCCOCCOCCOCCOCCOCCOCCOCCOCCOCCOCCOCCOCCOCCOCCOCCOCCOCCOCCOCCOCCOCCOCCOCCOCCOCCOCCOCCOCCOCCOCCOCCOCCOCCOCCOCCOCCOCCOCCOCCOCCOCCOCCOCCOCCOCCOCCOCCOCCOCCOCCOCCOCCOCCO",epoxy(C1OC1),imine(NC),0.5,,,Design a thermoset shape memory polymer using monomers that include epoxy(C1OC1) in monomer1 and imine(NC) in monomer2.,Not found,Not found,,,,
11,C1OC1C1OC1COC1COC1C(CO)C(OC2CO2)C(OC3CO3)C(OC4CO4)C(OC5CO5)C(OC6CO6)C(OC7CO7)C(OC8CO8)N2CCN1C(CCC1N2)C(C)C(C)C(CC(C)N(C)C)N(C)C,CC1=C(C)N(CCN(CC)CC)C(=O)N1CC(C)C(=O)N1CCN(CCN2CCN(CCN(C)CC)(CCN2)CC)CCN1,"Based on your input, I designed monomers with the specified functional groups:
Monomer 1 with epoxy: C1OC1C1OC1COC1COC1C(CO)C(OC2CO2)C(OC3CO3)C(OC4CO4)C(OC5CO5)C(OC6CO6)C(OC7CO7)C(OC8CO8)N2CCN1C(CCC1N2)C(C)C(C)C(CC(C)N(C)C)N(C)C
Monomer 2 with imine: CC1=C(C)N(CCN(CC)CC)C(=O)N1CC(C)C(=O)N1CCN(CCN2CCN(CCN(C)CC)(CCN2)CC)CCN1",epoxy(C1OC1),imine(NC),0.7,,,Design a thermoset shape memory polymer using monomers that include epoxy(C1OC1) in monomer1 and imine(NC) in monomer2.,Not found,Not found,,,,
12,Cc1cc(c2ccccc2)c(C(=O)OCCOCCOCCOCCOC(=O)C(=O)CCCCC(=O)OCCOCCOCCOCCOC(=O)C(=O)CCCCC(=O)OCCOCCOCCOCCOCC(=O)NCC1CO1)C(=O)OCCOCCOCCOCCOCC(=O)NCC1CO1,CC(N)COCC(C)OCC(C)OCC(C)N,"Based on your functional group requirements, I suggest the following monomers:
Monomer 1: Cc1cc(c2ccccc2)c(C(=O)OCCOCCOCCOCCOC(=O)C(=O)CCCCC(=O)OCCOCCOCCOCCOC(=O)C(=O)CCCCC(=O)OCCOCCOCCOCCOCC(=O)NCC1CO1)C(=O)OCCOCCOCCOCCOCC(=O)NCC1CO1
Monomer 2: CC(N)COCC(C)OCC(C)OCC(C)N",epoxy(C1OC1),imine(NC),0.7,,,Design a thermoset shape memory polymer using monomers that include epoxy(C1OC1) in monomer1 and imine(NC) in monomer2.,Not found,Not found,,,,
13,Cc3cc(OCC1CO1)c2cc(Cc1ccc(OCC(O)COc4ccc(Cc5ccc(OCC(O)COc3ccc(2OC4)CC)CC5)CC7)CC6)cc1CC7 COCC(C)OCC(C)COc12ccc(OCC(C)COc11ccc(Cc4ccc(OCC(C)COc7ccc(Cc6ccc(OCC2CO2)CC5)CC4)CC3)CC)CC(C)COc9ccc(OCC8CO8)CC(C)c9,COCC(C)OCC(C)OCC(C)OCC(C)OCC(C)OCC(C)OCC(C)OCC(C)OCC(C)OCC(C)OCC(C)OCC(C)OCC(C)OCC(C)OCC(C)OCC(C)OCC(C)OCC(C)OCC(C)OCC(C)OCC(C)OCC(C)OCC(C)OCC(C)OCC(C)OCC(C)OCC(C)OCC(C)OCC(C)OCC(C)OCC(C)OCC(C)O,"This monomer pair includes your desired functional groups: Monomer 1 has epoxies (C1OC1), and Monomer 2 has imines (NC). For the available groups, the SMILES are: Cc3cc(OCC1CO1)c2cc(Cc1ccc(OCC(O)COc4ccc(Cc5ccc(OCC(O)COc3ccc(2OC4)CC)CC5)CC7)CC6)cc1CC7 COCC(C)OCC(C)COc12ccc(OCC(C)COc11ccc(Cc4ccc(OCC(C)COc7ccc(Cc6ccc(OCC2CO2)CC5)CC4)CC3)CC)CC(C)COc9ccc(OCC8CO8)CC(C)c9 COCC(C)OCC(C)OCC(C)OCC(C)OCC(C)OCC(C)OCC(C)OCC(C)OCC(C)OCC(C)OCC(C)OCC(C)OCC(C)OCC(C)OCC(C)OCC(C)OCC(C)OCC(C)OCC(C)OCC(C)OCC(C)OCC(C)OCC(C)OCC(C)OCC(C)OCC(C)OCC(C)OCC(C)OCC(C)OCC(C)OCC(C)OCC(C)O",epoxy(C1OC1),imine(NC),0.7,,,Design a thermoset shape memory polymer using monomers that include epoxy(C1OC1) in monomer1 and imine(NC) in monomer2.,Not found,Not found,,,,
14,Cc1ccc2c(c1)c3ccccc3c2CC(OCC4CO4)CC(CC)COCC5CO5,CC1(C)CC(N)CC(C)(CN)C1,"Here's a TSMP that includes the requested functional groups:
Monomer 1 (epoxy): Cc1ccc2c(c1)c3ccccc3c2CC(OCC4CO4)CC(CC)COCC5CO5
Monomer 2 (imine): CC1(C)CC(N)CC(C)(CN)C1",epoxy(C1OC1),imine(NC),0.7,,,Design a thermoset shape memory polymer using monomers that include epoxy(C1OC1) in monomer1 and imine(NC) in monomer2.,Not found,Not found,,,,
15,CC(C)(c2ccc(OCCOCCOCCOC4CC4)cc2)c6ccc(OCCOCCOCCOC5CC5)cc6,NCCNCCN(CCNCCC(CN)CCN)CCN(CCNCCN)CCN(CCN)CCN,"I've found a pair of monomers that incorporate your desired functional groups:
Monomer 1 with epoxy (C1OC1): CC(C)(c2ccc(OCCOCCOCCOC4CC4)cc2)c6ccc(OCCOCCOCCOC5CC5)cc6
Monomer 2 with imine (NC): NCCNCCN(CCNCCC(CN)CCN)CCN(CCNCCN)CCN(CCN)CCN",epoxy(C1OC1),imine(NC),0.7,,,Design a thermoset shape memory polymer using monomers that include epoxy(C1OC1) in monomer1 and imine(NC) in monomer2.,CC(C)(c2ccc(OCCOCCOCCOC4CC4)cc2)c6ccc(OCCOCCOCCOC5CC5)cc6,NCCNCCN(CCNCCC(CN)CCN)CCN(CCNCCN)CCN(CCN)CCN,,,,
16,Cc3ccc(OCC1CO1)c2ccc(Cc1ccc(OCC4CO4)cc1)cc2,NCCCOCCOCCCNCCc1ccc(CCc2ccc(NCCCOCCOCCC(N)CC)(c2)CC)(c1)N,"Based on your input, I designed monomers with the required functionalities:
Monomer 1 with epoxy groups: Cc3ccc(OCC1CO1)c2ccc(Cc1ccc(OCC4CO4)cc1)cc2
Monomer 2 with imine groups: NCCCOCCOCCCNCCc1ccc(CCc2ccc(NCCCOCCOCCC(N)CC)(c2)CC)(c1)N",epoxy(C1OC1),imine(NC),0.9,,,Design a thermoset shape memory polymer using monomers that include epoxy(C1OC1) in monomer1 and imine(NC) in monomer2.,Not found,Not found,,,,
17,CC(C)(c2ccc(OCC1CO1)cc2)c4ccc(OCC3CO3)cc4,CC(N)COCC(C)OCC(C)OCC(C)OCC(C)OCC(C)N,"Here's a TSMP designed with the specified groups:
Monomer 1 (contains C1OC1): CC(C)(c2ccc(OCC1CO1)cc2)c4ccc(OCC3CO3)cc4
Monomer 2 (contains NC): CC(N)COCC(C)OCC(C)OCC(C)OCC(C)OCC(C)N",epoxy(C1OC1),imine(NC),0.9,,,Design a thermoset shape memory polymer using monomers that include epoxy(C1OC1) in monomer1 and imine(NC) in monomer2.,CC(C)(c2ccc(OCC1CO1)cc2)c4ccc(OCC3CO3)cc4,CC(N)COCC(C)OCC(C)OCC(C)OCC(C)OCC(C)N,,,,
18,CCC(CC2)(CC1)C3CC(C1-C(=O)OCC4CO4-C(=O)OCC(C)C(C)C(C)(C)C4CO4)C2CC3Â·CCC(CC6)(CC5)C9CC(C5-C(=O)OCC7CO7-C(=O)OCC8CO8)C8CC6CC9Â·CCCÂ·CCCÂ·CCCÂ·CCCÂ·CCOCC(C)(C)C(=O)OCC(=O)OCC(C)(C)C,O=c1nc(=O)n(c1=O)c3c(=O)n(c2c(=O)nc2=O)c3=O,"Based on your request for C1OC1 and NC groups, I designed monomers that comply with the critical rules:
Monomer 1 includes C1OC1 groups and has the structure CCC(CC2)(CC1)C3CC(C1-C(=O)OCC4CO4-C(=O)OCC(C)C(C)C(C)(C)C4CO4)C2CC3Ã‚Â·CCC(CC6)(CC5)C9CC(C5-C(=O)OCC7CO7-C(=O)OCC8CO8)C8CC6CC9Ã‚Â·CCCÃ‚Â·CCCÃ‚Â·CCCÃ‚Â·CCCÃ‚Â·CCOCC(C)(C)C(=O)OCC(=O)OCC(C)(C)C
Monomer 2 includes NC groups and has the structure O=c1nc(=O)n(c1=O)c3c(=O)n(c2c(=O)nc2=O)c3=O",epoxy(C1OC1),imine(NC),0.9,,,Design a thermoset shape memory polymer using monomers that include epoxy(C1OC1) in monomer1 and imine(NC) in monomer2.,Not found,Not found,,,,
19,CC(C)(c2ccc(OCC1CO1)cc2)c4ccc(OCC3CO3)cc4,CC(N)COCC(C)OCC(C)OCC(C)N,"We designed your monomers based on the specified functional groups and availability:
Monomer 1 includes epoxy groups (C1OC1), and Monomer 2 includes imine groups (NC). 
Here's the output we found:
Monomer 1: CC(C)(c2ccc(OCC1CO1)cc2)c4ccc(OCC3CO3)cc4
Monomer 2: CC(N)COCC(C)OCC(C)OCC(C)N",epoxy(C1OC1),imine(NC),0.9,,,Design a thermoset shape memory polymer using monomers that include epoxy(C1OC1) in monomer1 and imine(NC) in monomer2.,CC(C)(c2ccc(OCC1CO1)cc2)c4ccc(OCC3CO3)cc4,CC(N)COCC(C)OCC(C)OCC(C)N,,,,
20,CC(C)(c2ccc(OCCOCCOCCOCC1CCC1)cc2)c4ccc(OCCOCCOCCOCC3CCC3)cc,NCCNCCN,"Based on your inputs, I designed monomers containing C1OC1 and NC groups for potential TSMP formation:
Monomer 1: CC(C)(c2ccc(OCCOCCOCCOCC1CCC1)cc2)c4ccc(OCCOCCOCCOCC3CCC3)cc4
Monomer 2: NCCNCCN",epoxy(C1OC1),imine(NC),0.9,,,Design a thermoset shape memory polymer using monomers that include epoxy(C1OC1) in monomer1 and imine(NC) in monomer2.,Not found,Not found,,,,
21,c1cc(OCC1CO)ccc1CC(OCC2CO2)CC1,CC(N)COCC(C)OCC(C)OCC(C)N,"Here's a TSMP designed with the specified functional groups:
Monomer 1 (epoxy): c1cc(OCC1CO)ccc1CC(OCC2CO2)CC1
Monomer 2 (imine): CC(N)COCC(C)OCC(C)OCC(C)N",epoxy(C1OC1),imine(NC),1.0,,,Design a thermoset shape memory polymer using monomers that include epoxy(C1OC1) in monomer1 and imine(NC) in monomer2.,Not found,Not found,,,,
22,Cc3cc(C)c2cc(CC1CC1)oc2cc(C)c3C,CC(C)(c2ccc(NCC1CO1)cc2)c4ccc(NCC3CO3)cc4,"Based on your input, I designed monomers containing the specified groups:
Monomer 1 with epoxy (C1OC1): Cc3cc(C)c2cc(CC1CC1)oc2cc(C)c3C
Monomer 2 with imine (NC): CC(C)(c2ccc(NCC1CO1)cc2)c4ccc(NCC3CO3)cc4",epoxy(C1OC1),imine(NC),1.0,,,Design a thermoset shape memory polymer using monomers that include epoxy(C1OC1) in monomer1 and imine(NC) in monomer2.,Cc3cc(C)c2cc(CC1CC1)oc2cc(C)c3C,CC(C)(c2ccc(NCC1CO1)cc2)c4ccc(NCC3CO3)cc4,,,,
23,Cc1cc3OCC(c2ccc(OCC3-Cc1)CC2)COC2CCC(CC2)C(=O)NCC(=O)OCC4CO4,NCCCOCCCOCCCN,"I designed monomers based on your functional group requirements:
Monomer 1 with epoxy: Cc1cc3OCC(c2ccc(OCC3-Cc1)CC2)COC2CCC(CC2)C(=O)NCC(=O)OCC4CO4
Monomer 2 with imine: NCCCOCCCOCCCN",epoxy(C1OC1),imine(NC),1.0,,,Design a thermoset shape memory polymer using monomers that include epoxy(C1OC1) in monomer1 and imine(NC) in monomer2.,Cc1cc3OCC(c2ccc(OCC3-Cc1)CC2)COC2CCC(CC2)C(=O)NCC(=O)OCC4CO4,NCCCOCCCOCCCN,,,,
24,Cc3cc(c1cc(OCC2CO2)cc1O)cc(c3O)(c4cc(OCC6CO6)cc4OCCC(O)(CO)CO)CCS(=O)(=O)NCC5CO5,CC1(C)CC(N)CC(O)C1,"Based on your input, I designed monomers containing epoxy and imine groups:
Monomer 1 with epoxy: Cc3cc(c1cc(OCC2CO2)cc1O)cc(c3O)(c4cc(OCC6CO6)cc4OCCC(O)(CO)CO)CCS(=O)(=O)NCC5CO5
Monomer 2 with imine: CC1(C)CC(N)CC(O)C1",epoxy(C1OC1),imine(NC),1.0,,,Design a thermoset shape memory polymer using monomers that include epoxy(C1OC1) in monomer1 and imine(NC) in monomer2.,Not found,Not found,,,,
25,Cc3ccc2Cc(=O)c1cc(OCc1cc2-c3)c(=O)C4=CC(=C(O4)C)C(=C)C(=O)OCC(c5ccc(OCC(=O)OCC)(c5)Cc6ccc(OCC(=O)OCC)(c6)C(=O)OCC(=O)OCC)C(=O)OCC(=O)OCC,NCC(C)N(CC)(CC)CC,"Here's a TSMP that includes the requested functional groups:
Monomer 1 (with C1OC1): Cc3ccc2Cc(=O)c1cc(OCc1cc2-c3)c(=O)C4=CC(=C(O4)C)C(=C)C(=O)OCC(c5ccc(OCC(=O)OCC)(c5)Cc6ccc(OCC(=O)OCC)(c6)C(=O)OCC(=O)OCC)C(=O)OCC(=O)OCC
Monomer 2 (with NC): NCC(C)N(CC)(CC)CC",epoxy(C1OC1),imine(NC),1.0,,,Design a thermoset shape memory polymer using monomers that include epoxy(C1OC1) in monomer1 and imine(NC) in monomer2.,Not found,Not found,,,,
26,C=C(C)C(=O)OCCOCCOCCOCCOCCOCCOCCOCCOCCOCCOCCOCCOCCOCCOCCOCCOCCOCCOCCOCCOCCOC(=O)C(=C)C,CCCCCCCCCCCSCCCCCCCCCCC,"Sure, I can design monomers with the specified functionalities. Here's a valid combination: 
Monomer 1 with vinyls - C=C(C)C(=O)OCCOCCOCCOCCOCCOCCOCCOCCOCCOCCOCCOCCOCCOCCOCCOCCOCCOCCOCCOCCOCCOC(=O)C(=C)C 
Monomer 2 with thiols - CCCCCCCCCCCSCCCCCCCCCCC",vinyl(C=C),thiol(CCS),0.3,,,"Generate two monomers for a TSMP, ensuring one includes vinyl(C=C) in monomer1 and the other includes thiol(CCS) in monomer2.",C=C(C)C(=O)OCCOCCOCCOCCOCCOCCOCCOCCOCCOCCOCCOCCOCCOCCOCCOCCOCCOCCOCCOCCOCCOC(=O)C(=C)C,CCCCCCCCCCCSCCCCCCCCCCC,,,,
27,C=C(C)C(=O)OCCOCCOCCOCCOCCOCCOCCOCCOCCOCCOCCOCCOCCOCCOCCOCCOCCOCCOCCOCCOCCOC(=O)C(=C)C,CCC(CS)CC(CS)CC(CS)COC(=O)CC(=O)OCC(COCC(COCC(COCC1CO1)COCC2CO2)COCC3CO3)COC(=O)CC(=O)OCC(COCC(COCC4CO4)COCC5CO5)COCC6COC6,"Sure, I can design monomers with the specified functionalities. Here's a valid combination: 
Monomer 1 with vinyls - C=C(C)C(=O)OCCOCCOCCOCCOCCOCCOCCOCCOCCOCCOCCOCCOCCOCCOCCOCCOCCOCCOCCOCCOCCOC(=O)C(=C)C 
Monomer 2 with thiols - CCC(CS)CC(CS)CC(CS)COC(=O)CC(=O)OCC(COCC(COCC(COCC1CO1)COCC2CO2)COCC3CO3)COC(=O)CC(=O)OCC(COCC(COCC4CO4)COCC5CO5)COCC6COC6",vinyl(C=C),thiol(CCS),0.3,,,"Generate two monomers for a TSMP, ensuring one includes vinyl(C=C) in monomer1 and the other includes thiol(CCS) in monomer2.",C=C(C)C(=O)OCCOCCOCCOCCOCCOCCOCCOCCOCCOCCOCCOCCOCCOCCOCCOCCOCCOCCOCCOCCOCCOC(=O)C(=C)C,CCC(CS)CC(CS)CC(CS)COC(=O)CC(=O)OCC(COCC(COCC(COCC1CO1)COCC2CO2)COCC3CO3)COC(=O)CC(=O)OCC(COCC(COCC4CO4)COCC5CO5)COCC6COC6,,,,
28,C=C(C)C(=C)OCOCCOC(=O)C(=C)C,C=C(C)C(=O)OCCOCCOCCOCCOCCOCCOCCOCCOCCOCCOCCOCCOCCOCCOCCOCCOCCOCCOCCOCCOCCOCCOCCOCCOCCOCCOCCOCCOCCOCCOCCOCCOCCOCCOCCOCC(C)=O,"Sure! Here's a pair of monomers containing vinyl and thiol groups, ideal for TSMP design:
Monomer 1: C=C(C)C(=C)OCOCCOC(=O)C(=C)C
Monomer 2: C=C(C)C(=O)OCCOCCOCCOCCOCCOCCOCCOCCOCCOCCOCCOCCOCCOCCOCCOCCOCCOCCOCCOCCOCCOCCOCCOCCOCCOCCOCCOCCOCCOCCOCCOCCOCCOCCOCCOCC(C)=O",vinyl(C=C),thiol(CCS),0.3,,,"Generate two monomers for a TSMP, ensuring one includes vinyl(C=C) in monomer1 and the other includes thiol(CCS) in monomer2.",C=C(C)C(=C)OCOCCOC(=O)C(=C)C,C=C(C)C(=O)OCCOCCOCCOCCOCCOCCOCCOCCOCCOCCOCCOCCOCCOCCOCCOCCOCCOCCOCCOCCOCCOCCOCCOCCOCCOCCOCCOCCOCCOCCOCCOCCOCCOCCOCCOCC(C)=O,,,,
29,C=C(C)C(=O)OCCOCCOCCOCCOCCOCCOCCOCCOCCOCCOCCOCCOCCOCCOCCOCCOCCOC(=O)C(=C)C,CCCC(=O)OCCCCC,"The following monomers feature your desired functional groups:
Monomer 1 (C=C): C=C(C)C(=O)OCCOCCOCCOCCOCCOCCOCCOCCOCCOCCOCCOCCOCCOCCOCCOCCOCCOC(=O)C(=C)C
Monomer 2 (CCS): CCCC(=O)OCCCCC",vinyl(C=C),thiol(CCS),0.3,,,"Generate two monomers for a TSMP, ensuring one includes vinyl(C=C) in monomer1 and the other includes thiol(CCS) in monomer2.",C=C(C)C(=O)OCCOCCOCCOCCOCCOCCOCCOCCOCCOCCOCCOCCOCCOCCOCCOCCOCCOC(=O)C(=C)C,CCCC(=O)OCCCCC,,,,
30,C=C(C)C(=C)OCOCCOC(=O)C(=C)C,CCCC(COC(=O)CC)(COC(=O)CC)COC(=O)CC,"The following monomers feature your desired functional groups:
Monomer 1 with vinyls: C=C(C)C(=C)OCOCCOC(=O)C(=C)C
Monomer 2 with thiols: CCCC(COC(=O)CC)(COC(=O)CC)COC(=O)CC",vinyl(C=C),thiol(CCS),0.3,,,"Generate two monomers for a TSMP, ensuring one includes vinyl(C=C) in monomer1 and the other includes thiol(CCS) in monomer2.",C=C(C)C(=C)OCOCCOC(=O)C(=C)C,CCCC(COC(=O)CC)(COC(=O)CC)COC(=O)CC,,,,
31,C=C(C)C(=O)OCCOCCOCCOCCOCCOCCOCCOCCOCCOCCOCCOCCOCCOCCOCCOCCOCCOC(=O)C(=C)C,CCC(CSCCC)(CSCCC)CSCCC,"The following monomers feature your desired functional groups:
Monomer 1 (C=C): C=C(C)C(=O)OCCOCCOCCOCCOCCOCCOCCOCCOCCOCCOCCOCCOCCOCCOCCOCCOCCOC(=O)C(=C)C
Monomer 2 (CCS): CCC(CSCCC)(CSCCC)CSCCC",vinyl(C=C),thiol(CCS),0.5,,,"Generate two monomers for a TSMP, ensuring one includes vinyl(C=C) in monomer1 and the other includes thiol(CCS) in monomer2.",C=C(C)C(=O)OCCOCCOCCOCCOCCOCCOCCOCCOCCOCCOCCOCCOCCOCCOCCOCCOCCOC(=O)C(=C)C,CCC(CSCCC)(CSCCC)CSCCC,,,,
32,C=C(C)C(=C)OCOc2ccc(C=C(C)C(=C)OCOc1ccc(OCOc3ccc(C(=C)C)cc3CC(=C)OCOCC(=C)OCC(=C)OCOCC(=C)OCC(=C)OCC(=C)OCC(=C)OCC(=C)OCC(=C)OCC(=C)OCC(=C)OCC(=C)OCC(=C)OCC(=C)OCC(=C)OCC(=C)OCC(=C)OCC(=C)OCC(=C)OCC(=C)OCC(=C)OCC(=C)OCC(=C)OCC(=C)OCC(=C)OCC(=C)OCC(=C)OCC(=C)OCC(=C)OCC(=C)OCC(=C)OCC(=C)OCC(=C)OCC(=C)OCC(=C)OCC(=C)OCC(=C)OCC(=C)OCC(=C)OCC(=C,,"The following monomers feature your desired functional groups:
Monomer 1 (C=C): C=C(C)C(=C)OCOc2ccc(C=C(C)C(=C)OCOc1ccc(OCOc3ccc(C(=C)C)cc3CC(=C)OCOCC(=C)OCC(=C)OCOCC(=C)OCC(=C)OCC(=C)OCC(=C)OCC(=C)OCC(=C)OCC(=C)OCC(=C)OCC(=C)OCC(=C)OCC(=C)OCC(=C)OCC(=C)OCC(=C)OCC(=C)OCC(=C)OCC(=C)OCC(=C)OCC(=C)OCC(=C)OCC(=C)OCC(=C)OCC(=C)OCC(=C)OCC(=C)OCC(=C)OCC(=C)OCC(=C)OCC(=C)OCC(=C)OCC(=C)OCC(=C)OCC(=C)OCC(=C)OCC(=C)OCC(=C)OCC(=C",vinyl(C=C),thiol(CCS),0.5,,,"Generate two monomers for a TSMP, ensuring one includes vinyl(C=C) in monomer1 and the other includes thiol(CCS) in monomer2.",Not found,Not found,,,,
33,C=C(C)C(=O)OCCn1c(=O)n(C(=O)OCC)(C(=O)OCC)n(C(=O)OCC)c1=O,C=C(CCS)OCC(COC(=O)CCS)(COC(=O)CCS)COC(=O)CCS,"Based on your input, I designed monomers with the specified functionalities:
Monomer 1 with vinyls: C=C(C)C(=O)OCCn1c(=O)n(C(=O)OCC)(C(=O)OCC)n(C(=O)OCC)c1=O
Monomer 2 with thiols: C=C(CCS)OCC(COC(=O)CCS)(COC(=O)CCS)COC(=O)CCS",vinyl(C=C),thiol(CCS),0.5,,,"Generate two monomers for a TSMP, ensuring one includes vinyl(C=C) in monomer1 and the other includes thiol(CCS) in monomer2.",Not found,Not found,,,,
34,C=C(C)C(=O)OCCOCCOCCOCCOCCOCCOCCOCCOCCOCCOCCOCCOCCOCCOCCOCCOCCOC(=O)C(=C)C,CCCC(=O)OCCCCC,"The following monomers feature your desired functional groups:
Monomer 1 (C=C): C=C(C)C(=O)OCCOCCOCCOCCOCCOCCOCCOCCOCCOCCOCCOCCOCCOCCOCCOCCOCCOC(=O)C(=C)C
Monomer 2 (CCS): CCCC(=O)OCCCCC",vinyl(C=C),thiol(CCS),0.5,,,"Generate two monomers for a TSMP, ensuring one includes vinyl(C=C) in monomer1 and the other includes thiol(CCS) in monomer2.",C=C(C)C(=O)OCCOCCOCCOCCOCCOCCOCCOCCOCCOCCOCCOCCOCCOCCOCCOCCOCCOC(=O)C(=C)C,CCCC(=O)OCCCCC,,,,
35,C=C(C)C(=O)OCCOCCOCCOCCOCCOCCOCCOCCOC(=O)C(=C)C,CCCCCCCCCCCSCCCCCCCCCCC,"The following monomers feature your desired functional groups:
Monomer 1 (C=C): C=C(C)C(=O)OCCOCCOCCOCCOCCOCCOCCOCCOC(=O)C(=C)C
Monomer 2 (CCS): CCCCCCCCCCCSCCCCCCCCCCC",vinyl(C=C),thiol(CCS),0.5,,,"Generate two monomers for a TSMP, ensuring one includes vinyl(C=C) in monomer1 and the other includes thiol(CCS) in monomer2.",C=C(C)C(=O)OCCOCCOCCOCCOCCOCCOCCOCCOC(=O)C(=C)C,CCCCCCCCCCCSCCCCCCCCCCC,,,,
36,"C=C(C)C(=O)OCCn1c(=O)n(CCOC(=O)C(=C)C(=C)OCC)(C(=O)OCC)(c2ccc(OCCOC(=O)CCCCC(=O)OCC)(c3ccc(OCC)(ccc3)CC2)CC1)C(=O)OCCOC(=O)CCCCC(=O)OCCOC(=O)CC1C(=O)OCC1C(=O)OCC1C(=O)OCC1C(=O)OCC1C(=O)OCC1C(=O)OCC1C(=O)OCC1C(=O)OCC1C(=O)OCC1C(=O)OCC1C(=O)OCC1C(=O)OCC1C(=O)OCC1C(=O)OCC1C(=O)OCC1C(=O)OCC1C(=O)OCC1C(=O)OCC1C(=O)OCC1C(=O)OCC1C(=O)OCC1C(=""",,"Sure! Here's a pair of monomers containing vinyl and thiol groups, as requested:
Monomer 1: C=C(C)C(=O)OCCn1c(=O)n(CCOC(=O)C(=C)C(=C)OCC)(C(=O)OCC)(c2ccc(OCCOC(=O)CCCCC(=O)OCC)(c3ccc(OCC)(ccc3)CC2)CC1)C(=O)OCCOC(=O)CCCCC(=O)OCCOC(=O)CC1C(=O)OCC1C(=O)OCC1C(=O)OCC1C(=O)OCC1C(=O)OCC1C(=O)OCC1C(=O)OCC1C(=O)OCC1C(=O)OCC1C(=O)OCC1C(=O)OCC1C(=O)OCC1C(=O)OCC1C(=O)OCC1C(=O)OCC1C(=O)OCC1C(=O)OCC1C(=O)OCC1C(=O)OCC1C(=O)OCC1C(=O)OCC1C(=",vinyl(C=C),thiol(CCS),0.7,,,"Generate two monomers for a TSMP, ensuring one includes vinyl(C=C) in monomer1 and the other includes thiol(CCS) in monomer2.",Not found,Not found,,,,
37,C=C(C)C(=O)OCCn1c(=O)n(CCOC(=O)C(=C)C)cn(CCOC(=O)C(=C)C)c1=O,Cc1ccc(NCCOCCOCCN)cc1,"Given your functional group preference of vinyl (C=C) and thiol (CCS), I suggest this combination:
Monomer 1: C=C(C)C(=O)OCCn1c(=O)n(CCOC(=O)C(=C)C)cn(CCOC(=O)C(=C)C)c1=O
Monomer 2: Cc1ccc(NCCOCCOCCN)cc1",vinyl(C=C),thiol(CCS),0.7,,,"Generate two monomers for a TSMP, ensuring one includes vinyl(C=C) in monomer1 and the other includes thiol(CCS) in monomer2.",Not found,Not found,,,,
38,C=C(C)C(=O)OCCn1c(=O)n(CCOC(=O)C(=C)C)cn(CCOC(=O)C(=C)C)c1=O,CC(CS)COC(=O)CCOC(=O)CCOC(=O)CCOC(=O)CCOC(=O)CCOC(=O)CCOC(=O)CCS,"Here is a group-compliant monomer pair:
Monomer 1 includes vinyl groups: C=C(C)C(=O)OCCn1c(=O)n(CCOC(=O)C(=C)C)cn(CCOC(=O)C(=C)C)c1=O
Monomer 2 includes thiol groups: CC(CS)COC(=O)CCOC(=O)CCOC(=O)CCOC(=O)CCOC(=O)CCOC(=O)CCOC(=O)CCS",vinyl(C=C),thiol(CCS),0.7,,,"Generate two monomers for a TSMP, ensuring one includes vinyl(C=C) in monomer1 and the other includes thiol(CCS) in monomer2.",Not found,Not found,,,,
39,C=C(CC)(C)OCCn1c(=O)n(CCOC(=O)CC)c(=O)n(CCOC(=O)CC)c(=O)n1 CCOCCOCCOCCOCCOCCOCCOCCOCCOCCOCCOCCOCCOCCOCCOCCOCCOCCOCCOCCOCCOCCOCCOCCOCCOCCOCCOCCOCCOCCOCCOCCOCCOCCOCCOCCOCCOCCO,CCOCCOCCOC(=O)NCCS(=O)(=O)NCCOC(=O)CCOC(=O)CCOC(=O)CCOC(=O)CCOC(=O)CCOC(=O)CCOC(=O)CCOC(=O)CCOCCOCCOCCOCCOCCOCCOCCOCCOCCOCCOCCOCCOCCOCCOCCOCCOCCOCCOCCOCCOCCOCCOCCOCCOCCOCCOCCOCCOCCOCCOCCOCCOCCOCCOCCOCCOCCOCCOCCOCCOCCOCCOCCOCCO,"This monomer pair includes vinyl groups for the first monomer and thiol groups for the second:
Monomer 1: C=C(CC)(C)OCCn1c(=O)n(CCOC(=O)CC)c(=O)n(CCOC(=O)CC)c(=O)n1CCOCCOCCOCCOCCOCCOCCOCCOCCOCCOCCOCCOCCOCCOCCOCCOCCOCCOCCOCCOCCOCCOCCOCCOCCOCCOCCOCCOCCOCCOCCOCCOCCOCCOCCOCCOCCOCCOCCOCCOCCOC(=O)NCCS(=O)(=O)NCCOC(=O)CCOC(=O)CCOC(=O)CCOC(=O)CCOC(=O)CCOC(=O)CCOC(=O)CCOC(=O)CCOCCOCCOCCOCCOCCOCCOCCOCCOCCOCCOCCOCCOCCOCCOCCOCCOCCOCCOCCOCCOCCOCCOCCOCCOCCOCCOCCOCCOCCOCCOCCOCCOCCOCCOCCOCCOCCOCCOCCOCCOCCOCCOCCOCCO",vinyl(C=C),thiol(CCS),0.7,,,"Generate two monomers for a TSMP, ensuring one includes vinyl(C=C) in monomer1 and the other includes thiol(CCS) in monomer2.",Not found,Not found,,,,
40,C=C(C)C(=O)OCCn1c(=O)n(CCOC(=O)C(=C)C)cn1C,CCC(COCC(C)OCC(C)OCC(C)OCC(C)OCC(C)OCC(C)OCC(C)OCCOCCOCCOCCOCCOCCOCC(C)OCC(C)OCC(C)OCC(C)OCC(C)OCC(C)NCC(C)NCC(C)NCC(C)NCC(C)NCC(C)N,"Sure! Here's a pair of monomers featuring vinyl and thiol groups, ideal for TSMP design:
Monomer 1: C=C(C)C(=O)OCCn1c(=O)n(CCOC(=O)C(=C)C)cn1C
Monomer 2: CCC(COCC(C)OCC(C)OCC(C)OCC(C)OCC(C)OCC(C)OCC(C)OCCOCCOCCOCCOCCOCCOCC(C)OCC(C)OCC(C)OCC(C)OCC(C)OCC(C)NCC(C)NCC(C)NCC(C)NCC(C)NCC(C)N",vinyl(C=C),thiol(CCS),0.7,,,"Generate two monomers for a TSMP, ensuring one includes vinyl(C=C) in monomer1 and the other includes thiol(CCS) in monomer2.",Not found,Not found,,,,
41,C=COC C  C  C  C  C  O  C  C (=O)  O  C  C  C  C  C  C  O  C  C  C  O  C  C  C  O  C  C  C  O  C  C  C  O,C(=O)OCC(=O)OCC1CO1,"Sure, I can help you design monomers with the specified functional groups. Here's a valid combination: C=C - C=C - O - C - C - C - C - C - C - O - C - C (=O) - O - C - C - C - C - C - C - O - C - C - C - O - C - C - C - O - C - C - C - O - C - C - C - O C(=O)OCC(=O)OCC1CO1 What's more important: the functional groups or the molecule's properties?",vinyl(C=C),thiol(CCS),0.9,,,"Generate two monomers for a TSMP, ensuring one includes vinyl(C=C) in monomer1 and the other includes thiol(CCS) in monomer2.",C=COC C  C  C  C  C  O  C  C (=O)  O  C  C  C  C  C  C  O  C  C  C  O  C  C  C  O  C  C  C  O  C  C  C  O,C(=O)OCC(=O)OCC1CO1,,,,
42,C=C(C)C(=C)OCOC(=C)C(=C)OCOC(=C)C(=C)OCOC(=C)C(=C)OCOC(=C)C(=C)OCOC(=C)C(=C)OCOC(=C)C(=C)OCOC(=C)C(=C)OCOC(=C)C(=C)OCOC(=C)C(=C)OCOC(=C)C(=C)OCOC(=C)C(=C)OCOC(=C)C(=C)OCOC(=C)C(=C)OCOC(=C)C(=C)OCOC(=C)C(=C)OCOC(=C)CCOC(=C)C(=C)OCOC(=C)CCOC(=C)C(=C)OCOC(=C)CCOC(=C)C(=C)OCOC(=C)CCOC(=C)C(=C)OCOC(=C)CCOC(=C)C(=C)OCOC(=C),,"Here's a group-compliant monomer pair:
Monomer 1: C=C(C)C(=C)OCOC(=C)C(=C)OCOC(=C)C(=C)OCOC(=C)C(=C)OCOC(=C)C(=C)OCOC(=C)C(=C)OCOC(=C)C(=C)OCOC(=C)C(=C)OCOC(=C)C(=C)OCOC(=C)C(=C)OCOC(=C)C(=C)OCOC(=C)C(=C)OCOC(=C)C(=C)OCOC(=C)C(=C)OCOC(=C)C(=C)OCOC(=C)C(=C)OCOC(=C)CCOC(=C)C(=C)OCOC(=C)CCOC(=C)C(=C)OCOC(=C)CCOC(=C)C(=C)OCOC(=C)CCOC(=C)C(=C)OCOC(=C)CCOC(=C)C(=C)OCOC(=C)",vinyl(C=C),thiol(CCS),0.9,,,"Generate two monomers for a TSMP, ensuring one includes vinyl(C=C) in monomer1 and the other includes thiol(CCS) in monomer2.",Not found,Not found,,,,
43,C=Cc1cccc(Oc3ccc(C=C)c(OCC)(c3)C(=O)OCC)c2c1Cc1ccc(Oc4ccc(C=C)c(OCC)(c4)C(=O)OCC)c2c1CCS1,CCC(CS)CC(CS)CC(CS)CC(COC(C)C(=O)N)COC(C)C(=O)N,"Here's a group-compliant monomer pair:
Monomer 1 includes vinyl groups: C=Cc1cccc(Oc3ccc(C=C)c(OCC)(c3)C(=O)OCC)c2c1Cc1ccc(Oc4ccc(C=C)c(OCC)(c4)C(=O)OCC)c2c1CCS1
Monomer 2 includes thiol groups: CCC(CS)CC(CS)CC(CS)CC(COC(C)C(=O)N)COC(C)C(=O)N",vinyl(C=C),thiol(CCS),0.9,,,"Generate two monomers for a TSMP, ensuring one includes vinyl(C=C) in monomer1 and the other includes thiol(CCS) in monomer2.",Not found,Not found,,,,
44,C=C(C)C(=O)OCC(O)COc1ccc(C(C)(C)c2ccc(OCC(O)COC(=O)C(=C)C)cc2)cc1,CCC(CS)CC(CS)CC(CS)CC(CS)CCS,"Sure! Here's a pair of monomers containing the specified groups:
Monomer 1 (C=C): C=C(C)C(=O)OCC(O)COc1ccc(C(C)(C)c2ccc(OCC(O)COC(=O)C(=C)C)cc2)cc1
Monomer 2 (CCS): CCC(CS)CC(CS)CC(CS)CC(CS)CCS",vinyl(C=C),thiol(CCS),0.9,,,"Generate two monomers for a TSMP, ensuring one includes vinyl(C=C) in monomer1 and the other includes thiol(CCS) in monomer2.",C=C(C)C(=O)OCC(O)COc1ccc(C(C)(C)c2ccc(OCC(O)COC(=O)C(=C)C)cc2)cc1,CCC(CS)CC(CS)CC(CS)CC(CS)CCS,,,,
45,C=C(C)C(=C)OCOCCOC(=O)C(=C)C,C=C(C)C(=O)OCCOCCOCCOC(=O)C(=C)C,"Here is a group-compliant monomer pair:
Monomer 1 with vinyl: C=C(C)C(=C)OCOCCOC(=O)C(=C)C Monomer 2 with thiol: C=C(C)C(=O)OCCOCCOCCOC(=O)C(=C)C",vinyl(C=C),thiol(CCS),0.9,,,"Generate two monomers for a TSMP, ensuring one includes vinyl(C=C) in monomer1 and the other includes thiol(CCS) in monomer2.",C=C(C)C(=C)OCOCCOC(=O)C(=C)C,C=C(C)C(=O)OCCOCCOCCOC(=O)C(=C)C,,,,
46,c1ccc2c(c1)c3c(cc2)OCCOCC3OCC4CO4,CC(CS)CC(CS)CC(CS)COC(=O)CC(=O)OCC,"For your TSMP with functional groups vinyl (C=C) and thiol (CCS), try this combination:
Monomer 1: c1ccc2c(c1)c3c(cc2)OCCOCC3OCC4CO4
Monomer 2: CC(CS)CC(CS)CC(CS)COC(=O)CC(=O)OCC",vinyl(C=C),thiol(CCS),1.0,,,"Generate two monomers for a TSMP, ensuring one includes vinyl(C=C) in monomer1 and the other includes thiol(CCS) in monomer2.",c1ccc2c(c1)c3c(cc2)OCCOCC3OCC4CO4,CC(CS)CC(CS)CC(CS)COC(=O)CC(=O)OCC,,,,
47,C=C(CC=C)OCCn1c(=O)n(CCOC(=O)CC=C)c(=O)n(CCOC(=O)CC=C)c(=O)n1CCOC(=O)CC=C,CCC(CCS)(CCS)CCS,"Here's a pair of monomers containing the requested groups:
Monomer 1 (C=C): C=C(CC=C)OCCn1c(=O)n(CCOC(=O)CC=C)c(=O)n(CCOC(=O)CC=C)c(=O)n1CCOC(=O)CC=C
Monomer 2 (CCS): CCC(CCS)(CCS)CCS",vinyl(C=C),thiol(CCS),1.0,,,"Generate two monomers for a TSMP, ensuring one includes vinyl(C=C) in monomer1 and the other includes thiol(CCS) in monomer2.",C=C(CC=C)OCCn1c(=O)n(CCOC(=O)CC=C)c(=O)n(CCOC(=O)CC=C)c(=O)n1CCOC(=O)CC=C,CCC(CCS)(CCS)CCS,,,,
48,C=C(C)C(=O)OCCn1c(=O)n(C(=O)OCC(C)(C)C)SN1c(=O)C(=O)OCC(C)(C)C,CC(CCS)(CCS)CCOCCOCCOCCOCCOCCOCCOCCOCCOCCOCCOCCOCCOCCOCCOCCOCCOCCOCCOCCS,"Sure! Here's a pair of monomers containing vinyl and thiol groups, as requested:
Monomer 1: C=C(C)C(=O)OCCn1c(=O)n(C(=O)OCC(C)(C)C)SN1c(=O)C(=O)OCC(C)(C)C
Monomer 2: CC(CCS)(CCS)CCOCCOCCOCCOCCOCCOCCOCCOCCOCCOCCOCCOCCOCCOCCOCCOCCOCCOCCOCCS",vinyl(C=C),thiol(CCS),1.0,,,"Generate two monomers for a TSMP, ensuring one includes vinyl(C=C) in monomer1 and the other includes thiol(CCS) in monomer2.",Not found,Not found,,,,
49,C=C(C)C(=O)OCC(O)(COC(=O)C(=C)C)COC(=O)C(=C)C,CCCCCCCCCSCCCCCCCS,"These monomers match the functional group criteria and include valid SMILES:
Monomer 1 with C=C: C=C(C)C(=O)OCC(O)(COC(=O)C(=C)C)COC(=O)C(=C)C
Monomer 2 with CCS: CCCCCCCCCSCCCCCCCS",vinyl(C=C),thiol(CCS),1.0,,,"Generate two monomers for a TSMP, ensuring one includes vinyl(C=C) in monomer1 and the other includes thiol(CCS) in monomer2.",C=C(C)C(=O)OCC(O)(COC(=O)C(=C)C)COC(=O)C(=C)C,CCCCCCCCCSCCCCCCCS,,,,
50,C=C(C)C(=O)OCCn1c(=O)n(CCOC(=O)C(=C)C)cn(CCOC(=O)C(=C)C)c1=O,CC(COc3ccc(C(C)OCC(C)OCC(C)OCC(C)OCC(C)OCC(C)OCC(C)OCC(C)OCC(C)OCC(C)OCC(C)OCC(C)OCC(C)OCC(C)OCC1(C)CC(C)C1)cc2CCCC2OCC3(C)CC(C)(CC3)C(=O)OCC4(C)CC(C)(CC4)C(=O)OCC5(C)CC(C)(CC5)C(=O)OCC6(C)CC(C)(CC6)C(=O)OCC7(C)CC(C)(CC7)C(=O)OCC8(C)CC(C)(CC8)C(=O)OCC9(C)CC(C)(CC9)C(=O)OCC(C)OC(=O)CC(C)OC(=O)CC(C)OC(=O)CC(C)OC(=O)CC(C)OC(=O,"Based on your request for C=C and CCS groups, I propose:
Monomer 1: C=C(C)C(=O)OCCn1c(=O)n(CCOC(=O)C(=C)C)cn(CCOC(=O)C(=C)C)c1=O
Monomer 2: CC(COc3ccc(C(C)OCC(C)OCC(C)OCC(C)OCC(C)OCC(C)OCC(C)OCC(C)OCC(C)OCC(C)OCC(C)OCC(C)OCC(C)OCC(C)OCC1(C)CC(C)C1)cc2CCCC2OCC3(C)CC(C)(CC3)C(=O)OCC4(C)CC(C)(CC4)C(=O)OCC5(C)CC(C)(CC5)C(=O)OCC6(C)CC(C)(CC6)C(=O)OCC7(C)CC(C)(CC7)C(=O)OCC8(C)CC(C)(CC8)C(=O)OCC9(C)CC(C)(CC9)C(=O)OCC(C)OC(=O)CC(C)OC(=O)CC(C)OC(=O)CC(C)OC(=O)CC(C)OC(=O",vinyl(C=C),thiol(CCS),1.0,,,"Generate two monomers for a TSMP, ensuring one includes vinyl(C=C) in monomer1 and the other includes thiol(CCS) in monomer2.",Not found,Not found,,,,
51,C=C(C)C(=O)OCCOCCOCCOCCOCCOCCOCCOCCOCCOCCOCCOCCOCCOCCOCCOCCOCCOCCOC(=O)C(=C)C,C=C(C)C(=O)OCCOCCOCCOCCOCCOCCOCCOCCOCCOCCOCCOCCOCCOCCOCCOCCOCCOCCOCCOCCOCCOC(=O)C(=C)C,"Based on your request for vinyl-based monomers, I suggest this combination:
Monomer 1: C=C(C)C(=O)OCCOCCOCCOCCOCCOCCOCCOCCOCCOCCOCCOCCOCCOCCOCCOCCOCCOCCOC(=O)C(=C)C
Monomer 2: C=C(C)C(=O)OCCOCCOCCOCCOCCOCCOCCOCCOCCOCCOCCOCCOCCOCCOCCOCCOCCOCCOCCOCCOCCOC(=O)C(=C)C",vinyl(C=C),vinyl(C=C),0.3,,,Design a thermoset shape memory polymer using monomers that include vinyl(C=C) in monomer1 and vinyl(C=C) in monomer2.,C=C(C)C(=O)OCCOCCOCCOCCOCCOCCOCCOCCOCCOCCOCCOCCOCCOCCOCCOCCOCCOCCOC(=O)C(=C)C,C=C(C)C(=O)OCCOCCOCCOCCOCCOCCOCCOCCOCCOCCOCCOCCOCCOCCOCCOCCOCCOCCOCCOCCOCCOC(=O)C(=C)C,,,,
52,C=C(C)C(=C)OCOCCOC(=O)C(=C)C,C=C(CC1=CC=CC=C1)(CC3=CC=CC=C3)CC2=CC=CC=C2,"Sure! Here's a monomer pair that includes vinyl groups as requested:
Monomer 1: C=C(C)C(=C)OCOCCOC(=O)C(=C)C
Monomer 2: C=C(CC1=CC=CC=C1)(CC3=CC=CC=C3)CC2=CC=CC=C2",vinyl(C=C),vinyl(C=C),0.3,,,Design a thermoset shape memory polymer using monomers that include vinyl(C=C) in monomer1 and vinyl(C=C) in monomer2.,C=C(C)C(=C)OCOCCOC(=O)C(=C)C,CC(CC1CCCCC1)(CC1CCCCC1)CC1CCCCC1,,,,
53,C=C(C)C(=C)OCOCCOC(=O)C(=C)C,C=C(CC1=CC=CC=C1)(CC2=CC=CC=C2)OCCOCCOCCOCCOCCOCCOCCOCCOCCOCCOCCOCCOCCOCCOCCOCCOCCOCCOCCOCCOCCOCCOCCOCCOCCOCCOCCOCCOCCOCCOCCOCCOCCOCCOCCOCCOCCOCCOCCOCCOCCOCCOCCOCCOCCOCCOCCOCCOCCOCCOCCOCCOCCOCCOCCOCCOCCOCCOCC(C)OCC(C)OCC(C)OCC(C)OCC(C)OCC(C)OCC(C)OCC(C)OCC(C)OCC(C)OCC(C)OCC(C)OCC(C)OCC(C)OCC(C)OCC(C)OCC(C)OCC(C)OCC(C)OCC(C)OCC(C)OCC(C)OCC(C)OCC(C)OCC(C)OCC(C)OCC(C)OCC(C)OCC(C)O,"Based on your request for vinyl groups, I suggest this combination:
Monomer 1: C=C(C)C(=C)OCOCCOC(=O)C(=C)C
Monomer 2: C=C(CC1=CC=CC=C1)(CC2=CC=CC=C2)OCCOCCOCCOCCOCCOCCOCCOCCOCCOCCOCCOCCOCCOCCOCCOCCOCCOCCOCCOCCOCCOCCOCCOCCOCCOCCOCCOCCOCCOCCOCCOCCOCCOCCOCCOCCOCCOCCOCCOCCOCCOCCOCCOCCOCCOCCOCCOCCOCCOCCOCCOCCOCCOCCOCCOCCOCCOCCOCC(C)OCC(C)OCC(C)OCC(C)OCC(C)OCC(C)OCC(C)OCC(C)OCC(C)OCC(C)OCC(C)OCC(C)OCC(C)OCC(C)OCC(C)OCC(C)OCC(C)OCC(C)OCC(C)OCC(C)OCC(C)OCC(C)OCC(C)OCC(C)OCC(C)OCC(C)OCC(C)OCC(C)OCC(C)O",vinyl(C=C),vinyl(C=C),0.3,,,Design a thermoset shape memory polymer using monomers that include vinyl(C=C) in monomer1 and vinyl(C=C) in monomer2.,C=C(C)C(=C)OCOCCOC(=O)C(=C)C,CC(O)COC(C)COC(C)COC(C)COC(C)COC(C)COC(C)COC(C)COC(C)COC(C)COC(C)COC(C)COC(C)COC(C)COC(C)COC(C)COC(C)COC(C)COC(C)COC(C)COC(C)COC(C)COC(C)COC(C)COC(C)COC(C)COC(C)COC(C)COC(C)COCCOCCOCCOCCOCCOCCOCCOCCOCCOCCOCCOCCOCCOCCOCCOCCOCCOCCOCCOCCOCCOCCOCCOCCOCCOCCOCCOCCOCCOCCOCCOCCOCCOCCOCCOCCOCCOCCOCCOCCOCCOCCOCCOCCOCCOCCOCCOCCOCCOCCOCCOCCOCCOCCOCCOCCOCCOCCOC(C)(CC1CCCCC1)CC1CCCCC1,,,,
54,C=C(C)C(=C)OCOCCOC(=O)C(=C)C,C=C(CC1=CC=CC=C1)(CC3=CC=CC=C3)CC2=CC=CC=C2,"Sure! Here's a monomer pair that includes vinyl groups as requested:
Monomer 1: C=C(C)C(=C)OCOCCOC(=O)C(=C)C
Monomer 2: C=C(CC1=CC=CC=C1)(CC3=CC=CC=C3)CC2=CC=CC=C2",vinyl(C=C),vinyl(C=C),0.3,,,Design a thermoset shape memory polymer using monomers that include vinyl(C=C) in monomer1 and vinyl(C=C) in monomer2.,C=C(C)C(=C)OCOCCOC(=O)C(=C)C,CC(CC1CCCCC1)(CC1CCCCC1)CC1CCCCC1,,,,
55,C=C(C)C(=C)OCOCCOC(=O)C(=C)C,C=C(CC1=CC=CC=C1)(CC3=CC=CC=C3)CC2=CC=CC=C2,"Sure! Here's a monomer pair that includes vinyl groups as requested:
Monomer 1: C=C(C)C(=C)OCOCCOC(=O)C(=C)C
Monomer 2: C=C(CC1=CC=CC=C1)(CC3=CC=CC=C3)CC2=CC=CC=C2",vinyl(C=C),vinyl(C=C),0.3,,,Design a thermoset shape memory polymer using monomers that include vinyl(C=C) in monomer1 and vinyl(C=C) in monomer2.,C=C(C)C(=C)OCOCCOC(=O)C(=C)C,CC(CC1CCCCC1)(CC1CCCCC1)CC1CCCCC1,,,,
56,C=C(C)C(=C)OCOC(=O)C(=C)C,C=C(C)C(=O)OCCOCCOCCOC(=O)C(=C)C,"Here is a pair of monomers containing vinyl groups, as requested:
Monomer 1: C=C(C)C(=C)OCOC(=O)C(=C)C
Monomer 2: C=C(C)C(=O)OCCOCCOCCOC(=O)C(=C)C",vinyl(C=C),vinyl(C=C),0.5,,,Design a thermoset shape memory polymer using monomers that include vinyl(C=C) in monomer1 and vinyl(C=C) in monomer2.,C=C(C)C(=C)OCOC(=O)C(=C)C,C=C(C)C(=O)OCCOCCOCCOC(=O)C(=C)C,,,,
57,C=C(C)C(=O)OCCOCCOCCOCCOCCOCCOCCOCCOCCOCCOCCOCCOCCOCCOCCOCCOCCOCCOC(=O)C(=C)C,"C=C(CC)(C)C(=O)OCCOCCOCCOCCOCCOCCOCCOCCOCCOCCOCCOCCOCCOCCOCCOCCOCCOCCOCCOCCOCCOCCOCCOCCOCCOCCOCCOCCOCCOCCOCCOCCOCCOCCOCCOCCOCCOCCOCCOCCOCCOCCOCCOCCOCCOCCOCCOCCOCCOCCOCCOCCOCCOCCOCCOCCOCCOCCOCCOCCOCCOCCOCCOCCOCCOCCOCCOCCOCCOCCOCCOCCOCCOCCOCCOCCOCCOCCOCCOCCOCCOCCOCCOCCOCCOCCOCCOCCOCCOCCOCCOCCOCCOCCOCCOCCOCCOCCOCCOCCOCCOCCOCC""","Sure! Here's a pair of monomers containing vinyl groups, as you requested:
Monomer 1: C=C(C)C(=O)OCCOCCOCCOCCOCCOCCOCCOCCOCCOCCOCCOCCOCCOCCOCCOCCOCCOCCOC(=O)C(=C)C
Monomer 2: C=C(CC)(C)C(=O)OCCOCCOCCOCCOCCOCCOCCOCCOCCOCCOCCOCCOCCOCCOCCOCCOCCOCCOCCOCCOCCOCCOCCOCCOCCOCCOCCOCCOCCOCCOCCOCCOCCOCCOCCOCCOCCOCCOCCOCCOCCOCCOCCOCCOCCOCCOCCOCCOCCOCCOCCOCCOCCOCCOCCOCCOCCOCCOCCOCCOCCOCCOCCOCCOCCOCCOCCOCCOCCOCCOCCOCCOCCOCCOCCOCCOCCOCCOCCOCCOCCOCCOCCOCCOCCOCCOCCOCCOCCOCCOCCOCCOCCOCCOCCOCCOCCOCCOCCOCCOCCOCCOCC",vinyl(C=C),vinyl(C=C),0.5,,,Design a thermoset shape memory polymer using monomers that include vinyl(C=C) in monomer1 and vinyl(C=C) in monomer2.,C=C(C)C(=O)OCCOCCOCCOCCOCCOCCOCCOCCOCCOCCOCCOCCOCCOCCOCCOCCOCCOCCOC(=O)C(=C)C,CCOCCOCCOCCOCCOCCOCCOCCOCCOCCOCCOCCOCCOCCOCCOCCOCCOCCOCCOCCOCCOCCOCCOCCOCCOCCOCCOCCOCCOCCOCCOCCOCCOCCOCCOCCOCCOCCOCCOCCOCCOCCOCCOCCOCCOCCOCCOCCOCCOCCOCCOCCOCCOCCOCCOCCOCCOCCOCCOCCOCCOCCOCCOCCOCCOCCOCCOCCOCCOCCOCCOCCOCCOCCOCCOCCOCCOCCOCCOCCOCCOCCOCCOCCOCCOCCOCCOCCOCCOCCOCCOCCOCCOCCOCCOCCOCCOCCOCCOCCOCCOCCOCCOC(O)C(C)(C)CC,,,,
58,C=C(C)C(=O)OCCOCCOCCOCCOCCOCCOCCOCCOCCOC(=O)C(=C)C,C=C(CCS(=O)(=O)N)OCC(COC(=O)NCCS(=O)(=O)C(C)=O)(COC(=O)NCCS(=O)(=O)C(C)=O)COC(=O)NCCS(=O)(=O)C(C)=O,"Based on your input, I designed monomers with the specified functionalities:
Monomer 1 with vinyl(C=C): C=C(C)C(=O)OCCOCCOCCOCCOCCOCCOCCOCCOCCOC(=O)C(=C)C
Monomer 2 with vinyl(C=C): C=C(CCS(=O)(=O)N)OCC(COC(=O)NCCS(=O)(=O)C(C)=O)(COC(=O)NCCS(=O)(=O)C(C)=O)COC(=O)NCCS(=O)(=O)C(C)=O",vinyl(C=C),vinyl(C=C),0.5,,,Design a thermoset shape memory polymer using monomers that include vinyl(C=C) in monomer1 and vinyl(C=C) in monomer2.,C=C(C)C(=O)OCCOCCOCCOCCOCCOCCOCCOCCOCCOC(=O)C(=C)C,C=C(CCS(=O)(=O)N)OCC(COC(=O)NCCS(=O)(=O)C(C)=O)(COC(=O)NCCS(=O)(=O)C(C)=O)COC(=O)NCCS(=O)(=O)C(C)=O,,,,
59,C=C(C)C(=O)OCCOCCOCCOCCOCCOCCOCCOCCOCCOCCOCCOCCOCCOC(=O)C(=C)C,C=C(C)C(=O)OCCOCCOCCOCCOCCOCCOCCOCCOCCOCCOCCOCCOCCOCCOCCOCCOCCOCCOCCOCCOCCOCCOCCOCCOCCOCCOCCOCCOCCOCCOCCOCCOCCOCCOCCOCCOCCOCCOCCOCCOCCOCCOCCOCCOCCOCCOCCOCCOCCOCCOCCOCCOCCOCCOCCOCCOCCOCCOCCOCCOCCOCCOCCOCCOCCOCCOCCOCCOCCOCCOCCOCCOCCOCCOCCOCCOCCOCCOCCOCCOCCOCCOCCOCCOCCOCCOCCOCCOCCOCCOCCOCCOCCOCCOCCOCCOCCOCCOCCOCCOCCOCCOCCOCCOCCOCC,"Based on your input, I designed monomers with the required functionalities:
Monomer 1 (C=C rich): C=C(C)C(=O)OCCOCCOCCOCCOCCOCCOCCOCCOCCOCCOCCOCCOCCOC(=O)C(=C)C
Monomer 2 (C=C rich): C=C(C)C(=O)OCCOCCOCCOCCOCCOCCOCCOCCOCCOCCOCCOCCOCCOCCOCCOCCOCCOCCOCCOCCOCCOCCOCCOCCOCCOCCOCCOCCOCCOCCOCCOCCOCCOCCOCCOCCOCCOCCOCCOCCOCCOCCOCCOCCOCCOCCOCCOCCOCCOCCOCCOCCOCCOCCOCCOCCOCCOCCOCCOCCOCCOCCOCCOCCOCCOCCOCCOCCOCCOCCOCCOCCOCCOCCOCCOCCOCCOCCOCCOCCOCCOCCOCCOCCOCCOCCOCCOCCOCCOCCOCCOCCOCCOCCOCCOCCOCCOCCOCCOCCOCCOCCOCCOCCOCCOCC",vinyl(C=C),vinyl(C=C),0.5,,,Design a thermoset shape memory polymer using monomers that include vinyl(C=C) in monomer1 and vinyl(C=C) in monomer2.,C=C(C)C(=O)OCCOCCOCCOCCOCCOCCOCCOCCOCCOCCOCCOCCOCCOC(=O)C(=C)C,C=C(C)C(=O)OCCOCCOCCOCCOCCOCCOCCOCCOCCOCCOCCOCCOCCOCCOCCOCCOCCOCCOCCOCCOCCOCCOCCOCCOCCOCCOCCOCCOCCOCCOCCOCCOCCOCCOCCOCCOCCOCCOCCOCCOCCOCCOCCOCCOCCOCCOCCOCCOCCOCCOCCOCCOCCOCCOCCOCCOCCOCCOCCOCCOCCOCCOCCOCCOCCOCCOCCOCCOCCOCCOCCOCCOCCOCCOCCOCCOCCOCCOCCOCCOCCOCCOCCOCCOCCOCCOCCOCCOCCOCCOCCOCCOCCOCCOCCOCCOCCOCCOCCOCCOCCOCCOCCOCCOCCOCC,,,,
60,C=CC(=O)OCCn1c(=O)n(CCOC(=O)C=C)c(=O)n(CCOC(=O)C=C)c1=O,C=CCOC(=O)NCCN(C)CCOC(=O)C=C,"Here's a TSMP designed with vinyl groups as requested:
Monomer 1: C=CC(=O)OCCn1c(=O)n(CCOC(=O)C=C)c(=O)n(CCOC(=O)C=C)c1=O
Monomer 2: C=CCOC(=O)NCCN(C)CCOC(=O)C=C",vinyl(C=C),vinyl(C=C),0.5,,,Design a thermoset shape memory polymer using monomers that include vinyl(C=C) in monomer1 and vinyl(C=C) in monomer2.,C=CC(=O)OCCn1c(=O)n(CCOC(=O)C=C)c(=O)n(CCOC(=O)C=C)c1=O,C=CCOC(=O)NCCN(C)CCOC(=O)C=C,,,,
61,C=C(C)C(=C)OCOC(=C)C,C=C(C)C(=O)OCCn1c(=O)n(CCOC(=O)C=C)c(=O)n(CCOC(=O)C=C)c1=O,"Here's a pair of monomers containing vinyl groups, as requested:
Monomer 1: C=C(C)C(=C)OCOC(=C)C
Monomer 2: C=C(C)C(=O)OCCn1c(=O)n(CCOC(=O)C=C)c(=O)n(CCOC(=O)C=C)c1=O",vinyl(C=C),vinyl(C=C),0.7,,,Design a thermoset shape memory polymer using monomers that include vinyl(C=C) in monomer1 and vinyl(C=C) in monomer2.,C=C(C)C(=C)OCOC(=C)C,C=C(C)C(=O)OCCn1c(=O)n(CCOC(=O)C=C)c(=O)n(CCOC(=O)C=C)c1=O,,,,
62, C=C(C)C(=O)OCCOC(=O)C(=C)C,C=C(CCS)OCCn1c(=O)n(CCOC(=O)CCS)c(=O)n(CCOC(=O)CCS)c1=O,"Sure! Here's a monomer pair that includes vinyl groups, as requested:
Monomer 1: C=C(C)C(=O)OCCOC(=O)C(=C)C
Monomer 2: C=C(CCS)OCCn1c(=O)n(CCOC(=O)CCS)c(=O)n(CCOC(=O)CCS)c1=O",vinyl(C=C),vinyl(C=C),0.7,,,Design a thermoset shape memory polymer using monomers that include vinyl(C=C) in monomer1 and vinyl(C=C) in monomer2.,C=C(C)C(=O)OCCOC(=O)C(=C)C,C=C(CCS)OCCn1c(=O)n(CCOC(=O)CCS)c(=O)n(CCOC(=O)CCS)c1=O,,,,
63,C=CCOC(CC)(CO)CO,C=C(C)C(=O)OCCOCCOCCOC(=O)C(=C)C,"Here's a vinyl-based monomer pair that fits your criteria:
Monomer 1: C=CCOC(CC)(CO)CO
Monomer 2: C=C(C)C(=O)OCCOCCOCCOC(=O)C(=C)C",vinyl(C=C),vinyl(C=C),0.7,,,Design a thermoset shape memory polymer using monomers that include vinyl(C=C) in monomer1 and vinyl(C=C) in monomer2.,C=CCOC(CC)(CO)CO,C=C(C)C(=O)OCCOCCOCCOC(=O)C(=C)C,,,,
64,C=C(C)C(=C)OCOCCOC(=O)C(=C)C,C=C(C)C(=C)OCCOCCOC(=O)C(=C)C,"Here's a pair of monomers containing vinyl groups, as you requested:
Monomer 1: C=C(C)C(=C)OCOCCOC(=O)C(=C)C
Monomer 2: C=C(C)C(=C)OCCOCCOC(=O)C(=C)C",vinyl(C=C),vinyl(C=C),0.7,,,Design a thermoset shape memory polymer using monomers that include vinyl(C=C) in monomer1 and vinyl(C=C) in monomer2.,C=C(C)C(=C)OCOCCOC(=O)C(=C)C,C=C(C)C(=C)OCCOCCOC(=O)C(=C)C,,,,
65,C=C(C)C(=O)OCCOCCOCCOCCOCCOCCOCCOCCOC(=O)C(=C)C,C=C(C)C(=O)OCCOCCOCCOCCOCCOCCOCCOCCOCCOCCOCCOCCOC(=O)C(=C)C,"Here's a TSMP designed with vinyl groups for potential crosslinking:
Monomer 1: C=C(C)C(=O)OCCOCCOCCOCCOCCOCCOCCOCCOC(=O)C(=C)C
Monomer 2: C=C(C)C(=O)OCCOCCOCCOCCOCCOCCOCCOCCOCCOCCOCCOCCOC(=O)C(=C)C",vinyl(C=C),vinyl(C=C),0.7,,,Design a thermoset shape memory polymer using monomers that include vinyl(C=C) in monomer1 and vinyl(C=C) in monomer2.,C=C(C)C(=O)OCCOCCOCCOCCOCCOCCOCCOCCOC(=O)C(=C)C,C=C(C)C(=O)OCCOCCOCCOCCOCCOCCOCCOCCOCCOCCOCCOCCOC(=O)C(=C)C,,,,
66,C=C(C)C(=C)OCCOCCOCCOCCOCCOCCOCCOCCOC(=O)C(=C)C,C=Cc1cccc(C=C)c1,"Sure! Here's a TSMP that includes the requested functional groups:
Monomer 1 (contains C=C): C=C(C)C(=C)OCCOCCOCCOCCOCCOCCOCCOCCOC(=O)C(=C)C
Monomer 2 (contains C=C): C=Cc1cccc(C=C)c1",vinyl(C=C),vinyl(C=C),0.9,,,Design a thermoset shape memory polymer using monomers that include vinyl(C=C) in monomer1 and vinyl(C=C) in monomer2.,C=C(C)C(=C)OCCOCCOCCOCCOCCOCCOCCOCCOC(=O)C(=C)C,C=Cc1cccc(C=C)c1,,,,
67,C=C(C)C(=C)OCCOCCOCCOCCOCCOCCOCCOCCOC(=O)C(=C)C,C=CCOC(=O)CCCCCCOC(=O)CC=C,"A TSMP with vinyl groups is ready for creation:
Monomer 1: C=C(C)C(=C)OCCOCCOCCOCCOCCOCCOCCOCCOC(=O)C(=C)C
Monomer 2: C=CCOC(=O)CCCCCCOC(=O)CC=C",vinyl(C=C),vinyl(C=C),0.9,,,Design a thermoset shape memory polymer using monomers that include vinyl(C=C) in monomer1 and vinyl(C=C) in monomer2.,C=C(C)C(=C)OCCOCCOCCOCCOCCOCCOCCOCCOC(=O)C(=C)C,C=CCOC(=O)CCCCCCOC(=O)CC=C,,,,
68,C=C(C)C(=O)OCCOCCOCCOC(=O)C(=C)C,C=C(CCS(=O)(=O)OCCCCC)OCC(COC(=O)S(=O)(C(CC)CC)(C(CC)CC)C(CC)CC)C(=O)OCCS(=O)(=O)OCCCCC)C(=C)C,"Here's a TSMP that includes vinyl-functional monomers for potential crosslinking:
Monomer 1: C=C(C)C(=O)OCCOCCOCCOC(=O)C(=C)C
Monomer 2: C=C(CCS(=O)(=O)OCCCCC)OCC(COC(=O)S(=O)(C(CC)CC)(C(CC)CC)C(CC)CC)C(=O)OCCS(=O)(=O)OCCCCC)C(=C)C",vinyl(C=C),vinyl(C=C),0.9,,,Design a thermoset shape memory polymer using monomers that include vinyl(C=C) in monomer1 and vinyl(C=C) in monomer2.,Not found,Not found,,,,
69,CC(=C)C(=C)C(=C)OCOCCOCCOCCOCCOCCOCCOCCOCCOCCOC(=O)CC(=C)C(=C)C,CC(C)(C)c2ccc(OCC(O)COCC(O)COCC(O)COCC(O)COCC(O)COCC(O)COCC(O)COCC(O)COCC(O)COCC(O)COCC(O)COCC1OCC1)cc1c(C)c(CC(C)(C)C)c(C(C)(C)C)c(C(C)(C)C)c(CC1=c(OCC(O)COCC(O)COCC(O)COCC(O)COCC(O)COCC(O)COCC(O)COCC(O)COCC(O)COCC(O)COCC(O)C1O)C(=C)OCC(O)COCC(O)COCC(O)COCC(O)COCC(O)COCC(O)COCC(O)COCC(O)COCC(O)COCC2OCC2)C(=C)OCC(O)COCC(O)COCC(O)COCC(O)COCC(O)COCC(O)COCC(O,"To meet the functional group constraints of vinyl (C=C) and vinyl (C=C), I suggest this combination: 
Monomer 1: CC(=C)C(=C)C(=C)OCOCCOCCOCCOCCOCCOCCOCCOCCOCCOC(=O)CC(=C)C(=C)C
Monomer 2: CC(C)(C)c2ccc(OCC(O)COCC(O)COCC(O)COCC(O)COCC(O)COCC(O)COCC(O)COCC(O)COCC(O)COCC(O)COCC(O)COCC1OCC1)cc1c(C)c(CC(C)(C)C)c(C(C)(C)C)c(C(C)(C)C)c(CC1=c(OCC(O)COCC(O)COCC(O)COCC(O)COCC(O)COCC(O)COCC(O)COCC(O)COCC(O)COCC(O)COCC(O)C1O)C(=C)OCC(O)COCC(O)COCC(O)COCC(O)COCC(O)COCC(O)COCC(O)COCC(O)COCC(O)COCC2OCC2)C(=C)OCC(O)COCC(O)COCC(O)COCC(O)COCC(O)COCC(O)COCC(O",vinyl(C=C),vinyl(C=C),0.9,,,Design a thermoset shape memory polymer using monomers that include vinyl(C=C) in monomer1 and vinyl(C=C) in monomer2.,Not found,Not found,,,,
70,C=C(C)C(=C)OCOCCOC(=O)C(=C)C,CC(C)(C)C(=O)OCC(OCC(OCC(OCC(OCC(C)OCC(OCC(OCC(OCC(OCC(C)OCC(OCC(OCC(OCC1CO1)OCC2CO2)OCC3CO3)OCC4CO4)OCC5CO5)OCC6CO6)OCC7CO7)OCC8CO8)OCC9CO9)OCC(C)OCC(C)OCC(C)OCC(C)OCC(C)OCC(C)OCC(C)OCC(C)OCC(C)OCC(C)OCC(C)OCC(C)OCC(C)OCC(C)OCC(C)OCC(C)OCC(C)OCC(C)OCC(C)OCC(C)OCC(C)OCC(C)OCC(C)OCC(C)OCC(C)OCC(C)OCC(C)OCC(C)OCC(C)OCC(C)OCC(C)OCC(C)OCC(C)OCC1CO1,"Here is a valid monomer pair complying with the vinyl(C=C) requirement:
Monomer 1: C=C(C)C(=C)OCOCCOC(=O)C(=C)C
Monomer 2: CC(C)(C)C(=O)OCC(OCC(OCC(OCC(OCC(C)OCC(OCC(OCC(OCC(OCC(C)OCC(OCC(OCC(OCC1CO1)OCC2CO2)OCC3CO3)OCC4CO4)OCC5CO5)OCC6CO6)OCC7CO7)OCC8CO8)OCC9CO9)OCC(C)OCC(C)OCC(C)OCC(C)OCC(C)OCC(C)OCC(C)OCC(C)OCC(C)OCC(C)OCC(C)OCC(C)OCC(C)OCC(C)OCC(C)OCC(C)OCC(C)OCC(C)OCC(C)OCC(C)OCC(C)OCC(C)OCC(C)OCC(C)OCC(C)OCC(C)OCC(C)OCC(C)OCC(C)OCC(C)OCC(C)OCC(C)OCC(C)OCC1CO1
Here's the breakdown of the monomers:
- Monomer 1: C=C(C)",vinyl(C=C),vinyl(C=C),0.9,,,Design a thermoset shape memory polymer using monomers that include vinyl(C=C) in monomer1 and vinyl(C=C) in monomer2.,C=C(C)C(=C)OCOCCOC(=O)C(=C)C,CC(COC(C)COC(C)COC(C)COC(C)COC(C)COC(C)COC(C)COC(C)COC(C)COC(C)COC(C)COC(C)COC(C)COC(C)COC(C)COC(C)COC(COCCOCCOC(O)C(C)(C)C)OCC(OCC(C)OCC(OCC1CO1)OCC(OCC1CO1)OCC(OCC1CO1)OCC(OCC(C)OCC(OCC1CO1)OCC(OCC1CO1)OCC(OCC1CO1)OCC1CO1)OCC1CO1)OCC1CO1)OCC(C)OCC(C)OCC(C)OCC(C)OCC(C)OCC(C)OCC(C)OCC(C)OCC(C)OCC(C)OCC(C)OCC(C)OCC(C)OCC(C)OCC(C)OCC(C)OCC1CO1,,,,
71,C=C(C)C(=C)OCOCCOC(=O)C(=C)C,C=C(CC1=CC=CC=C1CC=C(CC2=CC=CC=C2)OCC3=CC=CC=C3)OCC4=CC=CC=C4,"Based on your request for vinyl-based monomers, I propose the following:
Monomer 1: C=C(C)C(=C)OCOCCOC(=O)C(=C)C
Monomer 2: C=C(CC1=CC=CC=C1CC=C(CC2=CC=CC=C2)OCC3=CC=CC=C3)OCC4=CC=CC=C4",vinyl(C=C),vinyl(C=C),1.0,,,Design a thermoset shape memory polymer using monomers that include vinyl(C=C) in monomer1 and vinyl(C=C) in monomer2.,C=C(C)C(=C)OCOCCOC(=O)C(=C)C,C=C(CC1=CC=CC=C1CC=C(CC2=CC=CC=C2)OCC3=CC=CC=C3)OCC4=CC=CC=C4,,,,
72,C=C(C)C(=O)OCCOCCOCCOC(=O)C(=C)C,C=C(CCS(=O)(=O)OCC)C(=C)OCCS(=O)(=O)OCCYou asked for monomers with vinyl groups; I've provided what I could:\nMonomer 1: C=C(C)C(=O)OCCOCCOCCOC(=O)C(=C)C\nMonomer 2: C=C(CCOCC1CO1)CCOCC4OCC3OCC(C3COC4COC(=O)CC(=O)OCC(=O)OCC(=O)OCC(=O)OCC(=O)OCC(=O)OCC(=O)OCC(=O)OCC(=O)OCC(=O)OCC(=O)OCC(=O)OCC(=O)OCC(=O)OCC(=O)OCC1CO1,"Based on your input, I found monomers containing vinyl groups that are available in our database:
Monomer 1: C=C(C)C(=O)OCCOCCOCCOC(=O)C(=C)C
Monomer 2: C=C(CCS(=O)(=O)OCC)C(=C)OCCS(=O)(=O)OCCYou asked for monomers with vinyl groups; I've provided what I could:
Monomer 1: C=C(C)C(=O)OCCOCCOCCOC(=O)C(=C)C
Monomer 2: C=C(CCOCC1CO1)CCOCC4OCC3OCC(C3COC4COC(=O)CC(=O)OCC(=O)OCC(=O)OCC(=O)OCC(=O)OCC(=O)OCC(=O)OCC(=O)OCC(=O)OCC(=O)OCC(=O)OCC(=O)OCC(=O)OCC(=O)OCC(=O)OCC1CO1Please note that these monomers might not meet the functional group criteria anymore.",vinyl(C=C),vinyl(C=C),1.0,,,Design a thermoset shape memory polymer using monomers that include vinyl(C=C) in monomer1 and vinyl(C=C) in monomer2.,Not found,Not found,,,,
73,CC(=C)C(=C)OCOCCOCCOCCOCCOCCOCCOCCOCCOCCOCCOCCOCCOCCOCCOCCOC(=O)CC(=C)C(=C)C,CC(=C)OC(=O)CCSC(=O)NCC(C)=O,"Based on your input, I suggest the following monomers:
Monomer 1: CC(=C)C(=C)OCOCCOCCOCCOCCOCCOCCOCCOCCOCCOCCOCCOCCOCCOCCOCCOC(=O)CC(=C)C(=C)C
Monomer 2: CC(=C)OC(=O)CCSC(=O)NCC(C)=O",vinyl(C=C),vinyl(C=C),1.0,,,Design a thermoset shape memory polymer using monomers that include vinyl(C=C) in monomer1 and vinyl(C=C) in monomer2.,CC(=C)C(=C)OCOCCOCCOCCOCCOCCOCCOCCOCCOCCOCCOCCOCCOCCOCCOCCOC(=O)CC(=C)C(=C)C,CC(=C)OC(=O)CCSC(=O)NCC(C)=O,,,,
74,C=CCOC(C)(C)c2ccc(OCC=C)cc2,CC(C/C=C)\\C(=O)OCC(O)COc3ccc(C(C)(C)c2ccc(OCC(O)COC(=O)CC(C)(C)C2CC1CCC1)cc3)cc4c2CCC(OCC(O)COC(=O)CC(C)(C)C2CCC4)CC1OCC(O)CO1,"Based on your request for vinyl-based monomers, I suggest:
Monomer 1: C=CCOC(C)(C)c2ccc(OCC=C)cc2
Monomer 2: CC(C/C=C)\C(=O)OCC(O)COc3ccc(C(C)(C)c2ccc(OCC(O)COC(=O)CC(C)(C)C2CC1CCC1)cc3)cc4c2CCC(OCC(O)COC(=O)CC(C)(C)C2CCC4)CC1OCC(O)CO1",vinyl(C=C),vinyl(C=C),1.0,,,Design a thermoset shape memory polymer using monomers that include vinyl(C=C) in monomer1 and vinyl(C=C) in monomer2.,Not found,Not found,,,,
75,C=CCc1ccccc1OCC(O)COc2ccccc2Cc3ccc(OCC4CO4)cc3,C=CCc1ccccc1OCC2(CC2COC(C=C)CC1(C=C)COC1(C=C)CC2(C=C)OCC2(C=C)COC3(C=C)CC3)COC4(C=C)CC4,"Based on your input, I designed monomers with the specified functional groups:
Monomer 1 with vinyl(C=C): C=CCc1ccccc1OCC(O)COc2ccccc2Cc3ccc(OCC4CO4)cc3
Monomer 2 with vinyl(C=C): C=CCc1ccccc1OCC2(CC2COC(C=C)CC1(C=C)COC1(C=C)CC2(C=C)OCC2(C=C)COC3(C=C)CC3)COC4(C=C)CC4",vinyl(C=C),vinyl(C=C),1.0,,,Design a thermoset shape memory polymer using monomers that include vinyl(C=C) in monomer1 and vinyl(C=C) in monomer2.,C=CCc1ccccc1OCC(O)COc2ccccc2Cc3ccc(OCC4CO4)cc3,C=CCc1ccccc1OCC2(CC2COC(C=C)CC1(C=C)COC1(C=C)CC2(C=C)OCC2(C=C)COC3(C=C)CC3)COC4(C=C)CC4,,,,
76,C=C(C=O)OCCn1c(=O)n(CCOC(=O)CC1=O)CCOC(=O)CC2=OCCO2,C=Cn1c(=O)n(CCS(=O)(=O)CC)c(=O)n(CCS(=O)(=O)CC)c1=O,"Here's a group-compliant monomer pair:
Monomer 1 includes acrylate groups: C=C(C=O)OCCn1c(=O)n(CCOC(=O)CC1=O)CCOC(=O)CC2=OCCO2
Monomer 2 includes vinyl groups: C=Cn1c(=O)n(CCS(=O)(=O)CC)c(=O)n(CCS(=O)(=O)CC)c1=O",acrylate(C=C(C=O)),vinyl(C=C),0.3,,,"Generate two monomers for a TSMP, ensuring one includes acrylate(C=C(C=O)) in monomer1 and the other includes vinyl(C=C) in monomer2.",Not found,Not found,,,,
77,C=C(C=O)OCCn1c(=O)n(CCOC(=O)CC1=O)CCOC(=O)CC2=OCCO2,C=Cn1c(=O)n(CCS(=O)(=O)CC)c(=O)n(CCS(=O)(=O)CC)c1=O,"Here's a group-compliant monomer pair:
Monomer 1 includes acrylate groups: C=C(C=O)OCCn1c(=O)n(CCOC(=O)CC1=O)CCOC(=O)CC2=OCCO2
Monomer 2 includes vinyl groups: C=Cn1c(=O)n(CCS(=O)(=O)CC)c(=O)n(CCS(=O)(=O)CC)c1=O",acrylate(C=C(C=O)),vinyl(C=C),0.3,,,"Generate two monomers for a TSMP, ensuring one includes acrylate(C=C(C=O)) in monomer1 and the other includes vinyl(C=C) in monomer2.",Not found,Not found,,,,
78,CC(C)(c2ccc(OCC1CO1)cc2)c4ccc(OCC3CO3)cc4,CC(C)(c2ccc(OCC1CO1)cc2)c4ccc(OCC3CO3)cc4,"Here's a group-compliant monomer pair:
Monomer 1 includes acrylate groups (C=C(C=O)), and Monomer 2 includes vinyl (C=C):
Monomer 1: CC(C)(c2ccc(OCC1CO1)cc2)c4ccc(OCC3CO3)cc4
Monomer 2: CC(C)(c2ccc(OCC1CO1)cc2)c4ccc(OCC3CO3)cc4",acrylate(C=C(C=O)),vinyl(C=C),0.3,,,"Generate two monomers for a TSMP, ensuring one includes acrylate(C=C(C=O)) in monomer1 and the other includes vinyl(C=C) in monomer2.",CC(C)(c2ccc(OCC1CO1)cc2)c4ccc(OCC3CO3)cc4,CC(C)(c2ccc(OCC1CO1)cc2)c4ccc(OCC3CO3)cc4,,,,
79,C=C(C=O)OCCn1c(=O)n(CCOC(=O)C(C)=O)c(=O)n(CCOC(=O)C(C)=O)c1=O,C=C(CCS(=O)(=O)N)OCCn1c(=O)n(CCOC(=O)C(CC)(C)C)cn1C,"Here's a group-compliant monomer pair:
Monomer 1 includes acrylate groups: C=C(C=O)OCCn1c(=O)n(CCOC(=O)C(C)=O)c(=O)n(CCOC(=O)C(C)=O)c1=O
Monomer 2 includes vinyl groups: C=C(CCS(=O)(=O)N)OCCn1c(=O)n(CCOC(=O)C(CC)(C)C)cn1C",acrylate(C=C(C=O)),vinyl(C=C),0.3,,,"Generate two monomers for a TSMP, ensuring one includes acrylate(C=C(C=O)) in monomer1 and the other includes vinyl(C=C) in monomer2.",Not found,Not found,,,,
80,C=C(C=O)OCCn1c(=O)n(CCOC(=O)CC1=O)CCOC(=O)CC2=OCCO2,C=Cn1c(=O)n(CCS(=O)(=O)CC)c(=O)n(CCS(=O)(=O)CC)c1=O,"Here's a group-compliant monomer pair:
Monomer 1 includes acrylate groups: C=C(C=O)OCCn1c(=O)n(CCOC(=O)CC1=O)CCOC(=O)CC2=OCCO2
Monomer 2 includes vinyl groups: C=Cn1c(=O)n(CCS(=O)(=O)CC)c(=O)n(CCS(=O)(=O)CC)c1=O",acrylate(C=C(C=O)),vinyl(C=C),0.3,,,"Generate two monomers for a TSMP, ensuring one includes acrylate(C=C(C=O)) in monomer1 and the other includes vinyl(C=C) in monomer2.",Not found,Not found,,,,
81,C=C(C)C(=O)OCCOCCOCCOC(=O)C(=C)C,C=C(C)C(=O)OCCOCCOCCOCCOCCOCCOCCOCCOCCOCCOCCOCCOCCOCCOCCOCCOC(=O)C(=C)C,"Here's a group-compliant monomer pair:
Monomer 1: C=C(C)C(=O)OCCOCCOCCOC(=O)C(=C)C
Monomer 2: C=C(C)C(=O)OCCOCCOCCOCCOCCOCCOCCOCCOCCOCCOCCOCCOCCOCCOCCOCCOC(=O)C(=C)C",acrylate(C=C(C=O)),vinyl(C=C),0.5,,,"Generate two monomers for a TSMP, ensuring one includes acrylate(C=C(C=O)) in monomer1 and the other includes vinyl(C=C) in monomer2.",C=C(C)C(=O)OCCOCCOCCOC(=O)C(=C)C,C=C(C)C(=O)OCCOCCOCCOCCOCCOCCOCCOCCOCCOCCOCCOCCOCCOCCOCCOCCOC(=O)C(=C)C,,,,
82,C=CC(=C)C(=C)OCOCCOC(=O)C(=C)C(=C)C,C=C(C)C(=O)OCCOCCOCCOC(=O)C(=C)C,"To meet the functional group constraints of C=C(C=O) and C=C, I suggest this combination:
Monomer 1: C=CC(=C)C(=C)OCOCCOC(=O)C(=C)C(=C)C
Monomer 2: C=C(C)C(=O)OCCOCCOCCOC(=O)C(=C)C",acrylate(C=C(C=O)),vinyl(C=C),0.5,,,"Generate two monomers for a TSMP, ensuring one includes acrylate(C=C(C=O)) in monomer1 and the other includes vinyl(C=C) in monomer2.",C=CC(=C)C(=C)OCOCCOC(=O)C(=C)C(=C)C,C=C(C)C(=O)OCCOCCOCCOC(=O)C(=C)C,,,,
83,C=C(C=O)OCCOCCOCCOCCOCCOCCOCCOCCOCCOCCOCCOCCOCCOCCOCCOCCOCCOCCOCCOCCOCCOCCOCCOCCOCCOCCOCCOCCOCCOCCOCCOCCOCCOCCOCCOCCOCCOCCOCCOCCOCCOCCOCCOCCOCCOCCOCCOCC(C)=,OCCOCCOCCOCCOCCOCCOCCOCCOCCOCCOCCOCCOCCOCCOCCOCCOCCOCCOCCOCCOCCOCCOCCOCCOCCOCCOCCOCCOCCOCCOCCOCCOCCOCCOCCOCCOCCOCCOCCOCCOCCOCCOCCOCCOCCOCCOCCOCCOCCOCCOCCOCCOCCOCCOCCOCCOCCOCCOCCOCCOCCOCCOCCOCCOCCOCCOCCOCCOCCOCCOCCOCCOCCOCCOCCOCCOCCOCCOCC,"Here's a group-compliant monomer pair:
Monomer 1 includes acrylate groups: C=C(C=O)OCCOCCOCCOCCOCCOCCOCCOCCOCCOCCOCCOCCOCCOCCOCCOCCOCCOCCOCCOCCOCCOCCOCCOCCOCCOCCOCCOCCOCCOCCOCCOCCOCCOCCOCCOCCOCCOCCOCCOCCOCCOCCOCCOCCOCCOCCOCCOCC(C)=O
Monomer 2 includes vinyl groups: C=C(C)C(=C)OCCOCCOCCOCCOCCOCCOCCOCCOCCOCCOCCOCCOCCOCCOCCOCCOCCOCCOCCOCCOCCOCCOCCOCCOCCOCCOCCOCCOCCOCCOCCOCCOCCOCCOCCOCCOCCOCCOCCOCCOCCOCCOCCOCCOCCOCCOCCOCCOCCOCCOCCOCCOCCOCCOCCOCCOCCOCCOCCOCCOCCOCCOCCOCCOCCOCCOCCOCCOCCOCCOCCOCCOCCOCCOCCOCCOCCOCCOCC",acrylate(C=C(C=O)),vinyl(C=C),0.5,,,"Generate two monomers for a TSMP, ensuring one includes acrylate(C=C(C=O)) in monomer1 and the other includes vinyl(C=C) in monomer2.",CCCOCCOCCOCCOCCOCCOCCOCCOCCOCCOCCOCCOCCOCCOCCOCCOCCOCCOCCOCCOCCOCCOCCOCCOCCOCCOCCOCCOCCOCCOCCOCCOCCOCCOCCOCCOCCOCCOCCOCCOCCOCCOCCOCCOCCOCCOCCOCCOC(C)CO,OCCOCCOCCOCCOCCOCCOCCOCCOCCOCCOCCOCCOCCOCCOCCOCCOCCOCCOCCOCCOCCOCCOCCOCCOCCOCCOCCOCCOCCOCCOCCOCCOCCOCCOCCOCCOCCOCCOCCOCCOCCOCCOCCOCCOCCOCCOCCOCCOCCOCCOCCOCCOCCOCCOCCOCCOCCOCCOCCOCCOCCOCCOCCOCCOCCOCCOCCOCCOCCOCCOCCOCCOCCOCCOCCOCCOCCOCCOCC,,,,
84,CC(C)(C)c2ccc(OCC1CO1)cc2,CC(C)(C)N,"Here's a group-compliant monomer pair:
Monomer 1 includes acrylate groups (C=C(C=O)), and Monomer 2 includes vinyl (C=C):
Monomer 1: CC(C)(C)c2ccc(OCC1CO1)cc2
Monomer 2: CC(C)(C)N",acrylate(C=C(C=O)),vinyl(C=C),0.5,,,"Generate two monomers for a TSMP, ensuring one includes acrylate(C=C(C=O)) in monomer1 and the other includes vinyl(C=C) in monomer2.",CC(C)(C)c2ccc(OCC1CO1)cc2,CC(C)(C)N,,,,
85,c1cc(OCCNCC(OCC)c1cc(OCC)c3cc(OCC)c2cc(C(C)C)c3c2)CCN(CC)CC,,A common approach to designing TSMPs is to start with the functional groups. Does this example meet your needs? Ã¢Â†Â’ c1cc(OCCNCC(OCC)c1cc(OCC)c3cc(OCC)c2cc(C(C)C)c3c2)CCN(CC)CCÃ¢Â†Â’,acrylate(C=C(C=O)),vinyl(C=C),0.5,,,"Generate two monomers for a TSMP, ensuring one includes acrylate(C=C(C=O)) in monomer1 and the other includes vinyl(C=C) in monomer2.",Not found,Not found,,,,
86,C=C(C)C(=O)OCCOCCOCCOCCOCCOCCOCCOCCOCCOCCOCCOCCOC(=O)C(=C)C,C=C(CCS(=O)(=O)O)OCC(=O)OCC(CCS(=O)(=O)O)COC(=O)NCC1(C)CC(NC(=O)OCC(=O)OCC(C)OCC(C)OCC(C)OCC(C)OCC(C)OCC(C)OCC(C)OCC(C)OCC(C)OCC(C)OCC(C)OCC(C)CO1,"Based on your input, I designed monomers with the specified functionalities:
Monomer 1 with acrylate: C=C(C)C(=O)OCCOCCOCCOCCOCCOCCOCCOCCOCCOCCOCCOCCOC(=O)C(=C)C
Monomer 2 with vinyl: C=C(CCS(=O)(=O)O)OCC(=O)OCC(CCS(=O)(=O)O)COC(=O)NCC1(C)CC(NC(=O)OCC(=O)OCC(C)OCC(C)OCC(C)OCC(C)OCC(C)OCC(C)OCC(C)OCC(C)OCC(C)OCC(C)OCC(C)OCC(C)CO1",acrylate(C=C(C=O)),vinyl(C=C),0.7,,,"Generate two monomers for a TSMP, ensuring one includes acrylate(C=C(C=O)) in monomer1 and the other includes vinyl(C=C) in monomer2.",C=C(C)C(=O)OCCOCCOCCOCCOCCOCCOCCOCCOCCOCCOCCOCCOC(=O)C(=C)C,CC1COC(C)COC(C)COC(C)COC(C)COC(C)COC(C)COC(C)COC(C)COC(C)COC(C)COC(C)COC(O)COC(O)NCCC(C)(CNC(O)OCC(CCS(O)(O)O)COC(O)COC(C)CCS(O)(O)O)OC1,,,,
87,C=C(C)C(=C)(c3ccc(OCCOCCOCCOC4CCC(C(C)(C)C4)OCCOCCOCC2OCCOCC1OCC1CC2)cc3)c6ccc(OCCOCCOCC5CCC(C(c2ccc(OCCOCCOCC1CCC(C)(C)OCCOCCOCC4CCC(C3)OCCOCCOCC2)C5)CC4)cc2)c6,C=C(CCS(=O)(=O)OCC1CO1)C,"Based on your input, I designed monomers with the specified functionalities:
Monomer 1 with acrylate groups: C=C(C)C(=C)(c3ccc(OCCOCCOCCOC4CCC(C(C)(C)C4)OCCOCCOCC2OCCOCC1OCC1CC2)cc3)c6ccc(OCCOCCOCC5CCC(C(c2ccc(OCCOCCOCC1CCC(C)(C)OCCOCCOCC4CCC(C3)OCCOCCOCC2)C5)CC4)cc2)c6
Monomer 2 with vinyl groups: C=C(CCS(=O)(=O)OCC1CO1)C",acrylate(C=C(C=O)),vinyl(C=C),0.7,,,"Generate two monomers for a TSMP, ensuring one includes acrylate(C=C(C=O)) in monomer1 and the other includes vinyl(C=C) in monomer2.",Not found,Not found,,,,
88,C=C(C)C(=O)OCCOCCOCCOCCOCCOCCOCCOCCOCCOCCOCCOCCOCCOCCOCCOCCOCCOCCOCCOCCOCCOCCOCCOCCOCCOC(=O)C(=C)C,C=C(C)C(=O)OCCOCCOCCOCCOC(=O)C(C)=O,"Based on your input, I designed monomers with the specified functionalities:
Monomer 1 with acrylate: C=C(C)C(=O)OCCOCCOCCOCCOCCOCCOCCOCCOCCOCCOCCOCCOCCOCCOCCOCCOCCOCCOCCOCCOCCOCCOCCOCCOCCOC(=O)C(=C)C
Monomer 2 with vinyl: C=C(C)C(=O)OCCOCCOCCOCCOC(=O)C(C)=O",acrylate(C=C(C=O)),vinyl(C=C),0.7,,,"Generate two monomers for a TSMP, ensuring one includes acrylate(C=C(C=O)) in monomer1 and the other includes vinyl(C=C) in monomer2.",C=C(C)C(=O)OCCOCCOCCOCCOCCOCCOCCOCCOCCOCCOCCOCCOCCOCCOCCOCCOCCOCCOCCOCCOCCOCCOCCOCCOCCOC(=O)C(=C)C,C=C(C)C(=O)OCCOCCOCCOCCOC(=O)C(C)=O,,,,
89,C=C(C)C(=C)OCOCCOC(=O)C(=C)C,C=C(C)C(=O)OCCOCCOCCOCCOCCOCCOCCOCCOCCOCCOCCOCCOCCOCCOCCOCCOCCOCCOCCOCCOCCOCCOCCOC(=O)C(=C)C,"Based on your input, I designed monomers with the specified functionalities:
Monomer 1 with acrylate: C=C(C)C(=C)OCOCCOC(=O)C(=C)C
Monomer 2 with vinyl: C=C(C)C(=O)OCCOCCOCCOCCOCCOCCOCCOCCOCCOCCOCCOCCOCCOCCOCCOCCOCCOCCOCCOCCOCCOCCOCCOC(=O)C(=C)C",acrylate(C=C(C=O)),vinyl(C=C),0.7,,,"Generate two monomers for a TSMP, ensuring one includes acrylate(C=C(C=O)) in monomer1 and the other includes vinyl(C=C) in monomer2.",C=C(C)C(=C)OCOCCOC(=O)C(=C)C,C=C(C)C(=O)OCCOCCOCCOCCOCCOCCOCCOCCOCCOCCOCCOCCOCCOCCOCCOCCOCCOCCOCCOCCOCCOCCOCCOC(=O)C(=C)C,,,,
90,C=C(C)C(=O)OCCOCCOCCOCCOCCOCCOCCOC(=O)C(C)=O,C=C(C)C(=O)OCCOCCOCCOCCOCCOCCOCCOCCOCCOCCOCCOCCOCCOCCOCCOCCOCCOCCOC(=O)C(=C)C,"Based on your input, I designed monomers with the required functionalities:
Monomer 1 with acrylate groups: C=C(C)C(=O)OCCOCCOCCOCCOCCOCCOCCOC(=O)C(C)=O
Monomer 2 with vinyl groups: C=C(C)C(=O)OCCOCCOCCOCCOCCOCCOCCOCCOCCOCCOCCOCCOCCOCCOCCOCCOCCOCCOC(=O)C(=C)C",acrylate(C=C(C=O)),vinyl(C=C),0.7,,,"Generate two monomers for a TSMP, ensuring one includes acrylate(C=C(C=O)) in monomer1 and the other includes vinyl(C=C) in monomer2.",C=C(C)C(=O)OCCOCCOCCOCCOCCOCCOCCOC(=O)C(C)=O,C=C(C)C(=O)OCCOCCOCCOCCOCCOCCOCCOCCOCCOCCOCCOCCOCCOCCOCCOCCOCCOCCOC(=O)C(=C)C,,,,
91,C=CC(=C)C(=O)OCC(O)COc3ccc2OCC(C)(c2c1ccc(OCC(O)COC(=O)C(=C)C(=C)O1)cc3)CC4=c2cc(OCC(O)COC(=O)C(=C)C(=C)O1)cc(OCC(O)COC(=O)C(=C)C(=C)O4)cc2OCC(O)COC(=O)C(=C)C(=C)O4,C=C(C)C(=O)OCCOCCOCCOCCOCCOCCOCCOCCOCCOCCOCCOCCOC(=O)C(=C)C,"Based on your input, I designed monomers with the specified functionalities:
Monomer 1 with acrylate: C=CC(=C)C(=O)OCC(O)COc3ccc2OCC(C)(c2c1ccc(OCC(O)COC(=O)C(=C)C(=C)O1)cc3)CC4=c2cc(OCC(O)COC(=O)C(=C)C(=C)O1)cc(OCC(O)COC(=O)C(=C)C(=C)O4)cc2OCC(O)COC(=O)C(=C)C(=C)O4 monomer1
Monomer 2 with vinyl: C=C(C)C(=O)OCCOCCOCCOCCOCCOCCOCCOCCOCCOCCOCCOCCOC(=O)C(=C)C monomer2",acrylate(C=C(C=O)),vinyl(C=C),0.9,,,"Generate two monomers for a TSMP, ensuring one includes acrylate(C=C(C=O)) in monomer1 and the other includes vinyl(C=C) in monomer2.",Not found,Not found,,,,
92,C=C(C=O)OCCOCCOCCOCCOCCOCCOCCOCCOC(=O)C(C)=O,C=C(C)C(=C)OCCn1c(=O)n(CCOC(=O)CC=C)c(=O)n(CCOC(=O)CC=C)n1,"Based on your input, I designed monomers with these functional groups:
- Monomer 1 (acrylate): C=C(C=O)OCCOCCOCCOCCOCCOCCOCCOCCOC(=O)C(C)=O
- Monomer 2 (vinyl): C=C(C)C(=C)OCCn1c(=O)n(CCOC(=O)CC=C)c(=O)n(CCOC(=O)CC=C)n1",acrylate(C=C(C=O)),vinyl(C=C),0.9,,,"Generate two monomers for a TSMP, ensuring one includes acrylate(C=C(C=O)) in monomer1 and the other includes vinyl(C=C) in monomer2.",Not found,Not found,,,,
93,C=C(C)C(=C)OCOCCOCCOC(=O)C(=C)C,C=C(C)C(=O)OCCCCCCOCC(=O)C(=C)C,"Here's a pair of monomers meeting your specifications:
Monomer 1 (C=C(C=O)): C=C(C)C(=C)OCOCCOCCOC(=O)C(=C)C
Monomer 2 (C=C): C=C(C)C(=O)OCCCCCCOCC(=O)C(=C)C",acrylate(C=C(C=O)),vinyl(C=C),0.9,,,"Generate two monomers for a TSMP, ensuring one includes acrylate(C=C(C=O)) in monomer1 and the other includes vinyl(C=C) in monomer2.",C=C(C)C(=C)OCOCCOCCOC(=O)C(=C)C,C=C(C)C(=O)OCCCCCCOCC(=O)C(=C)C,,,,
94,C=C(C)C(=O)OCC(O)(COC(=O)C(=C)C(C)(C)C)COC(=O)C(=C)C(C)(C)C,C=C(C)C(=O)OCCOCCOCCOCCOCCOCCOCCOCCOCCOCCOCCOCCOCCOCCOCCOC(=O)C(=C)C,"Here is a group-compliant monomer pair:
Monomer 1: C=C(C)C(=O)OCC(O)(COC(=O)C(=C)C(C)(C)C)COC(=O)C(=C)C(C)(C)C
Monomer 2: C=C(C)C(=O)OCCOCCOCCOCCOCCOCCOCCOCCOCCOCCOCCOCCOCCOCCOCCOC(=O)C(=C)C",acrylate(C=C(C=O)),vinyl(C=C),0.9,,,"Generate two monomers for a TSMP, ensuring one includes acrylate(C=C(C=O)) in monomer1 and the other includes vinyl(C=C) in monomer2.",C=C(C)C(=O)OCC(O)(COC(=O)C(=C)C(C)(C)C)COC(=O)C(=C)C(C)(C)C,C=C(C)C(=O)OCCOCCOCCOCCOCCOCCOCCOCCOCCOCCOCCOCCOCCOCCOCCOC(=O)C(=C)C,,,,
95,C=C(C)C(=O)OCCOCCOCCOCCOCCOCCOCCOCCOCCOCCOCCOCCOCCOCCOCCOCCOCCOCCOCCOCCOC(=O)C(=C)C,C=C(C)C(=O)OCCOCCOCCOCCOCCOCCOCCOCCOCCOCCOCCOCCOCCOCCOCCOCCOCCOC(=O)C(=C)C,"For your TSMP with functional groups acrylate and vinyl, I suggest:
Monomer 1: C=C(C)C(=O)OCCOCCOCCOCCOCCOCCOCCOCCOCCOCCOCCOCCOCCOCCOCCOCCOCCOCCOCCOCCOC(=O)C(=C)C
Monomer 2: C=C(C)C(=O)OCCOCCOCCOCCOCCOCCOCCOCCOCCOCCOCCOCCOCCOCCOCCOCCOCCOC(=O)C(=C)C",acrylate(C=C(C=O)),vinyl(C=C),0.9,,,"Generate two monomers for a TSMP, ensuring one includes acrylate(C=C(C=O)) in monomer1 and the other includes vinyl(C=C) in monomer2.",C=C(C)C(=O)OCCOCCOCCOCCOCCOCCOCCOCCOCCOCCOCCOCCOCCOCCOCCOCCOCCOCCOCCOCCOC(=O)C(=C)C,C=C(C)C(=O)OCCOCCOCCOCCOCCOCCOCCOCCOCCOCCOCCOCCOCCOCCOCCOCCOCCOC(=O)C(=C)C,,,,
96,C=C(C)C(=O)OCCn1c(=O)n(OCC(O)COC(=O)C(=C)C(=O)OCC(O)COC(=O)CC(=C)OCC(=C)OCC(=C)OCC(=C)OCC(=C)OCC(=C)OCC(=C)OCC(=C)OCC(=C)OCC(=C)OCC(=C)OCC(=C)OCC(=C)OCC(=C)C(=O)OCC(=C)OCC(=C)OCC(=C)OCC(=C)OCC(=C)OCC(=C)OCC(=C)OCC(=C)OCC(=C)OCC(=C)OCC(=C)OCC(=C)OCC(=C)C(=O)OCC(=C)OCC(=C)OCC(=C)OCC(=C)OCC(=C)OCC(=C)OCC(=C)OCC(=C)OCC(=C,,"Here is a pair of monomers fulfilling the requirements of working with acrylate and vinyl groups:
Monomer 1 has the sequence: C=C(C)C(=O)OCCn1c(=O)n(OCC(O)COC(=O)C(=C)C(=O)OCC(O)COC(=O)CC(=C)OCC(=C)OCC(=C)OCC(=C)OCC(=C)OCC(=C)OCC(=C)OCC(=C)OCC(=C)OCC(=C)OCC(=C)OCC(=C)OCC(=C)OCC(=C)C(=O)OCC(=C)OCC(=C)OCC(=C)OCC(=C)OCC(=C)OCC(=C)OCC(=C)OCC(=C)OCC(=C)OCC(=C)OCC(=C)OCC(=C)OCC(=C)C(=O)OCC(=C)OCC(=C)OCC(=C)OCC(=C)OCC(=C)OCC(=C)OCC(=C)OCC(=C)OCC(=C",acrylate(C=C(C=O)),vinyl(C=C),1.0,,,"Generate two monomers for a TSMP, ensuring one includes acrylate(C=C(C=O)) in monomer1 and the other includes vinyl(C=C) in monomer2.",Not found,Not found,,,,
97,C=C(C)C(=C)OCOC(=O)C(=C)C,C=C(C)C(=O)OCCOCCOCCOCCOCCOCCOCCOCCOCCOCCOCCOCCOCCOCCOCCOCCOCCOCCOCCOCCOC(=O)C(=C)C,"Based on your input, I designed monomers that include the specified functional groups:
Monomer 1 with acrylate(C=C(C=O)) and Monomer 2 with vinyl(C=C):
C=C(C)C(=C)OCOC(=O)C(=C)C Ã‚Â·Ã‚Â·Ã‚Â· C=C(C)C(=O)OCCOCCOCCOCCOCCOCCOCCOCCOCCOCCOCCOCCOCCOCCOCCOCCOCCOCCOCCOCCOC(=O)C(=C)C",acrylate(C=C(C=O)),vinyl(C=C),1.0,,,"Generate two monomers for a TSMP, ensuring one includes acrylate(C=C(C=O)) in monomer1 and the other includes vinyl(C=C) in monomer2.",C=C(C)C(=C)OCOC(=O)C(=C)C,C=C(C)C(=O)OCCOCCOCCOCCOCCOCCOCCOCCOCCOCCOCCOCCOCCOCCOCCOCCOCCOCCOCCOCCOC(=O)C(=C)C,,,,
98,C=C(C)C(=O)OCCOCCOCCOCCOCCOCCOCCOCCOCCOCCOCCOCCOCCOC(=O)C(=C)C,C=C(C)C(=O)OCCC,"Sure! Here's a pair of monomers containing the requested functional groups:
Monomer 1 (acrylate): C=C(C)C(=O)OCCOCCOCCOCCOCCOCCOCCOCCOCCOCCOCCOCCOCCOC(=O)C(=C)C
Monomer 2 (vinyl): C=C(C)C(=O)OCCC",acrylate(C=C(C=O)),vinyl(C=C),1.0,,,"Generate two monomers for a TSMP, ensuring one includes acrylate(C=C(C=O)) in monomer1 and the other includes vinyl(C=C) in monomer2.",C=C(C)C(=O)OCCOCCOCCOCCOCCOCCOCCOCCOCCOCCOCCOCCOCCOC(=O)C(=C)C,C=C(C)C(=O)OCCC,,,,
99,C=C(C=O)OCCn1c(=O)n(Cc3ccccc3)c(=O)n(CCOCC)oCCS(=O)(=O)NCCc2cc(C(=O)OCC=C)ccc2OCC=C,C=Cn1cc(CC=C)cn(CC=C)n,"Great choice of functional groups. Here's a compatible monomer pair:
Monomer 1 includes acrylate groups: C=C(C=O)OCCn1c(=O)n(Cc3ccccc3)c(=O)n(CCOCC)oCCS(=O)(=O)NCCc2cc(C(=O)OCC=C)ccc2OCC=C
Monomer 2 includes vinyl groups: C=Cn1cc(CC=C)cn(CC=C)n1",acrylate(C=C(C=O)),vinyl(C=C),1.0,,,"Generate two monomers for a TSMP, ensuring one includes acrylate(C=C(C=O)) in monomer1 and the other includes vinyl(C=C) in monomer2.",Not found,Not found,,,,
100,C=C(C)C(=O)OCCOCCOCCOCCOCCOCCOCCOCCOC(=O)C(=C)C,C=C(CCS(=O)(=O)CCN)OCC(COc2ccc(OCC(C)OCC1CO1)cc2)OCC3CO3,"Sure! Here's a group-compliant monomer pair:
Monomer 1: C=C(C)C(=O)OCCOCCOCCOCCOCCOCCOCCOCCOC(=O)C(=C)C
Monomer 2: C=C(CCS(=O)(=O)CCN)OCC(COc2ccc(OCC(C)OCC1CO1)cc2)OCC3CO3",acrylate(C=C(C=O)),vinyl(C=C),1.0,,,"Generate two monomers for a TSMP, ensuring one includes acrylate(C=C(C=O)) in monomer1 and the other includes vinyl(C=C) in monomer2.",C=C(C)C(=O)OCCOCCOCCOCCOCCOCCOCCOCCOC(=O)C(=C)C,C=C(CCS(=O)(=O)CCN)OCC(COc2ccc(OCC(C)OCC1CO1)cc2)OCC3CO3,,,,
101,C=C(C)C(=C)OCOCCOC(=O)C(=C)C,C=C(CCS)OCC(C)OCC(C)OCC(C)OCCOCCOCCOCCOCCOCCOCCOCCOCCOCCOCCOCCOCC(C)OCC(C)OCC(C)OCC(C)OCC(C)OCC(C)OCC(C)N,"Based on your input, I designed monomers with the specified functionalities:
Monomer 1 with vinyl groups: C=C(C)C(=C)OCOCCOC(=O)C(=C)C
Monomer 2 with hydroxyl groups: C=C(CCS)OCC(C)OCC(C)OCC(C)OCCOCCOCCOCCOCCOCCOCCOCCOCCOCCOCCOCCOCC(C)OCC(C)OCC(C)OCC(C)OCC(C)OCC(C)OCC(C)N",vinyl(C=C),hydroxyl(=O),0.3,,,"Generate two monomers for a TSMP, ensuring one includes vinyl(C=C) in monomer1 and the other includes hydroxyl(=O) in monomer2.",C=C(C)C(=C)OCOCCOC(=O)C(=C)C,C=C(CCS)OCC(C)OCC(C)OCC(C)OCCOCCOCCOCCOCCOCCOCCOCCOCCOCCOCCOCCOCC(C)OCC(C)OCC(C)OCC(C)OCC(C)OCC(C)OCC(C)N,,,,
102,C=C(C)C(=O)OCCOCCOCCOCCOCCOCCOCCOCCOCCOCCOCCOCCOCCOCCOCCOCCOCCOCCOCCOCCOCCOCCOCCOCCOCCOCCOCCOCCOCCOCCOCCOCCOCCOCCOCCOCCOCCOCCOCCOCCOCCOCCOCCOCCOCCOCCOCCOCCOCCOCCOCCOCCOCCOCCOCC(=O)C(=C)C,CC(C)(C)C(=O)OCC(O)COc1ccc(C(=O)OCC(C)(C)C)c(OC(=O)CC(C)(C)C)c1,"Based on your input, I designed monomers with the specified functionalities:
Monomer 1 with vinyl: C=C(C)C(=O)OCCOCCOCCOCCOCCOCCOCCOCCOCCOCCOCCOCCOCCOCCOCCOCCOCCOCCOCCOCCOCCOCCOCCOCCOCCOCCOCCOCCOCCOCCOCCOCCOCCOCCOCCOCCOCCOCCOCCOCCOCCOCCOCCOCCOCCOCCOCCOCCOCCOCCOCCOCCOCCOCCOCC(=O)C(=C)C Monomer 2 with hydroxyl: CC(C)(C)C(=O)OCC(O)COc1ccc(C(=O)OCC(C)(C)C)c(OC(=O)CC(C)(C)C)c1",vinyl(C=C),hydroxyl(=O),0.3,,,"Generate two monomers for a TSMP, ensuring one includes vinyl(C=C) in monomer1 and the other includes hydroxyl(=O) in monomer2.",C=C(C)C(=O)OCCOCCOCCOCCOCCOCCOCCOCCOCCOCCOCCOCCOCCOCCOCCOCCOCCOCCOCCOCCOCCOCCOCCOCCOCCOCCOCCOCCOCCOCCOCCOCCOCCOCCOCCOCCOCCOCCOCCOCCOCCOCCOCCOCCOCCOCCOCCOCCOCCOCCOCCOCCOCCOCCOCC(=O)C(=C)C,CC(C)(C)C(=O)OCC(O)COc1ccc(C(=O)OCC(C)(C)C)c(OC(=O)CC(C)(C)C)c1,,,,
103,C=C(C)C(=O)OCC(O)COc2ccc(C(C)(C)c1ccc(OCC(O)COC(=O)C(=C)C(=O)OCC(O)COc4ccc(C(C)(C)C(3CCC(C(C)(C)C3)CC2CCC(C(C)(C)C2)CC1CCC(C(C)(C)C1)CC4)CC6CCC(C(C)(C)C5)CC7CCC(C(C)(C)C8)CC9CCC(C(C)(C)C10)CC11CCC(C(C)(C)C12)CC13CCC(C(C)(C)C14)CC15CCC(C(C)(C)C16)CC17CCC(C(C)(C)C18)CC19CCC(C(C)(C)C20)CC21)CC22CCC(C(C)(C)C23)CC24CCC(C(C)(C)C25)CC26CCC(C(C)(C)C27)CC28CCC(C(C)(C)C29)CC30CCC(C(C)(C)C31)CC32CCC(C(C)(C)C33)CC34CCC(C(C)(C)C35)CC36CCC(C(C)(C)C37)CC38CCC(C(C)(,,"Based on your input, I designed monomers with the specified functionalities:
Monomer 1 with vinyl: C=C(C)C(=O)OCC(O)COc2ccc(C(C)(C)c1ccc(OCC(O)COC(=O)C(=C)C(=O)OCC(O)COc4ccc(C(C)(C)C(3CCC(C(C)(C)C3)CC2CCC(C(C)(C)C2)CC1CCC(C(C)(C)C1)CC4)CC6CCC(C(C)(C)C5)CC7CCC(C(C)(C)C8)CC9CCC(C(C)(C)C10)CC11CCC(C(C)(C)C12)CC13CCC(C(C)(C)C14)CC15CCC(C(C)(C)C16)CC17CCC(C(C)(C)C18)CC19CCC(C(C)(C)C20)CC21)CC22CCC(C(C)(C)C23)CC24CCC(C(C)(C)C25)CC26CCC(C(C)(C)C27)CC28CCC(C(C)(C)C29)CC30CCC(C(C)(C)C31)CC32CCC(C(C)(C)C33)CC34CCC(C(C)(C)C35)CC36CCC(C(C)(C)C37)CC38CCC(C(C)(",vinyl(C=C),hydroxyl(=O),0.3,,,"Generate two monomers for a TSMP, ensuring one includes vinyl(C=C) in monomer1 and the other includes hydroxyl(=O) in monomer2.",Not found,Not found,,,,
104,C=C(C)C(=O)OCCOCCOCCOCCOCCOCCOCCOCCOCCOCCOCCOCCOCCOCCOCCOCCOCCOCCOCCOCCOCCOCCOCCOCCOCCOCCOCCOCCOCCOCCOCCOCCOCCOCCOCCOCCOCCOCCOCCOCCOCCOCCOCCOCCOCCOCCOCCOCCOCCOCCOCCOCCOCCOCCOCC(C)C(=O),OCCOCCOCCOCCOCCOCCOCCOCCOCCOCCOCCOCCOCCOCCOCCOCCOCCOCCOCCOCCOCCOCCOCCOCCOCCOCCOCCOCCOCCOCCOCCOCCOCCOCCOCCOCCOCCOCCOCCOCCOCCOCCOCCOCCOCCOCCOCCOCCOCCOCCOCCOCCOCCOCCOCCOCCOCCOCCOCCOCCOCCOCCOCCOCCOCCOCCOCCOCCOCCOCCOCCOCCOCCOCCOCCOCCO,"Based on your input, I designed monomers with the specified functionalities:
Monomer 1 with vinyl: C=C(C)C(=O)OCCOCCOCCOCCOCCOCCOCCOCCOCCOCCOCCOCCOCCOCCOCCOCCOCCOCCOCCOCCOCCOCCOCCOCCOCCOCCOCCOCCOCCOCCOCCOCCOCCOCCOCCOCCOCCOCCOCCOCCOCCOCCOCCOCCOCCOCCOCCOCCOCCOCCOCCOCCOCCOCCOCC(C)C(=O)OCCOCCOCCOCCOCCOCCOCCOCCOCCOCCOCCOCCOCCOCCOCCOCCOCCOCCOCCOCCOCCOCCOCCOCCOCCOCCOCCOCCOCCOCCOCCOCCOCCOCCOCCOCCOCCOCCOCCOCCOCCOCCOCCOCCOCCOCCOCCOCCOCCOCCOCCOCCOCCOCCOCCOCCOCCOCCOCCOCCOCCOCCOCCOCCOCCOCCOCCOCCOCCOCCOCCOCCOCCOCCOCCOCCO",vinyl(C=C),hydroxyl(=O),0.3,,,"Generate two monomers for a TSMP, ensuring one includes vinyl(C=C) in monomer1 and the other includes hydroxyl(=O) in monomer2.",C=C(C)C(=O)OCCOCCOCCOCCOCCOCCOCCOCCOCCOCCOCCOCCOCCOCCOCCOCCOCCOCCOCCOCCOCCOCCOCCOCCOCCOCCOCCOCCOCCOCCOCCOCCOCCOCCOCCOCCOCCOCCOCCOCCOCCOCCOCCOCCOCCOCCOCCOCCOCCOCCOCCOCCOCCOCCOCC(C)C(=O),OCCOCCOCCOCCOCCOCCOCCOCCOCCOCCOCCOCCOCCOCCOCCOCCOCCOCCOCCOCCOCCOCCOCCOCCOCCOCCOCCOCCOCCOCCOCCOCCOCCOCCOCCOCCOCCOCCOCCOCCOCCOCCOCCOCCOCCOCCOCCOCCOCCOCCOCCOCCOCCOCCOCCOCCOCCOCCOCCOCCOCCOCCOCCOCCOCCOCCOCCOCCOCCOCCOCCOCCOCCOCCOCCOCCO,,,,
105,C=C(C)C(=O)OCC(O)COc2ccc(C(C)(C)c1ccc(OCC(O)COC(=O)C(=C)C)cc1)cc2,CC(C)(C)C(=O)OCC(O)COC(=O)CC(C)(C)C,"Based on your input, I designed monomers with the specified functionalities:
Monomer 1 with vinyl: C=C(C)C(=O)OCC(O)COc2ccc(C(C)(C)c1ccc(OCC(O)COC(=O)C(=C)C)cc1)cc2
Monomer 2 with hydroxyl: CC(C)(C)C(=O)OCC(O)COC(=O)CC(C)(C)C",vinyl(C=C),hydroxyl(=O),0.3,,,"Generate two monomers for a TSMP, ensuring one includes vinyl(C=C) in monomer1 and the other includes hydroxyl(=O) in monomer2.",C=C(C)C(=O)OCC(O)COc2ccc(C(C)(C)c1ccc(OCC(O)COC(=O)C(=C)C)cc1)cc2,CC(C)(C)C(=O)OCC(O)COC(=O)CC(C)(C)C,,,,
106,C=C(C)C(=O)OCCOCCOCCOCCOCCOCCOCCOCCOC(=O)C(=C)C,C=C(C)C(=O)OCCOCCOCCOCCOCCOCCOCCOCCOCCOCCOCCOCCOCCOCCOCCOCCOCCOCCOCCOCCOCCOCCOCCOC(=O)C(=C)C,"Based on your input, I designed monomers with the specified functionalities:
Monomer 1 with vinyl groups: C=C(C)C(=O)OCCOCCOCCOCCOCCOCCOCCOCCOC(=O)C(=C)C
Monomer 2 with hydroxyl groups: C=C(C)C(=O)OCCOCCOCCOCCOCCOCCOCCOCCOCCOCCOCCOCCOCCOCCOCCOCCOCCOCCOCCOCCOCCOCCOCCOC(=O)C(=C)C",vinyl(C=C),hydroxyl(=O),0.5,,,"Generate two monomers for a TSMP, ensuring one includes vinyl(C=C) in monomer1 and the other includes hydroxyl(=O) in monomer2.",C=C(C)C(=O)OCCOCCOCCOCCOCCOCCOCCOCCOC(=O)C(=C)C,C=C(C)C(=O)OCCOCCOCCOCCOCCOCCOCCOCCOCCOCCOCCOCCOCCOCCOCCOCCOCCOCCOCCOCCOCCOCCOCCOC(=O)C(=C)C,,,,
107,C=CC(=O)OCCn1c(=O)n(CCOC(=O)C=C)c(=O)n(CCOC(=O)C=C)c1=O,CC(C)(CCl)OC(=O)CCOC(=O)CCOC(=O)CCOC(=O)CCOC(=O)CCOC(=O)CCOC(=O)CCOC(=O)CCOC(=O)CCOC(=O)CCOC(=O)CCOC(=O)CCOC(=O)CCOC(=O)CCOC(=O)CCOC(=O)CCOC(=O)CCOC(=O)CCOC(=O)CCOC(=O)CCOC(=O)CCOC(=O)CCOC(=O)CCOC(=O)CCOC(=O)CCOC(=O)CCOC(=O)CCOC(=O)CCOC(=O)CCOC(=O)CCO,"Here's a pair of monomers containing the specified functional groups:
Monomer 1 with vinyl: C=CC(=O)OCCn1c(=O)n(CCOC(=O)C=C)c(=O)n(CCOC(=O)C=C)c1=O
Monomer 2 with hydroxyl: CC(C)(CCl)OC(=O)CCOC(=O)CCOC(=O)CCOC(=O)CCOC(=O)CCOC(=O)CCOC(=O)CCOC(=O)CCOC(=O)CCOC(=O)CCOC(=O)CCOC(=O)CCOC(=O)CCOC(=O)CCOC(=O)CCOC(=O)CCOC(=O)CCOC(=O)CCOC(=O)CCOC(=O)CCOC(=O)CCOC(=O)CCOC(=O)CCOC(=O)CCOC(=O)CCOC(=O)CCOC(=O)CCOC(=O)CCOC(=O)CCOC(=O)CCO",vinyl(C=C),hydroxyl(=O),0.5,,,"Generate two monomers for a TSMP, ensuring one includes vinyl(C=C) in monomer1 and the other includes hydroxyl(=O) in monomer2.",C=CC(=O)OCCn1c(=O)n(CCOC(=O)C=C)c(=O)n(CCOC(=O)C=C)c1=O,CC(C)(CCl)OC(=O)CCOC(=O)CCOC(=O)CCOC(=O)CCOC(=O)CCOC(=O)CCOC(=O)CCOC(=O)CCOC(=O)CCOC(=O)CCOC(=O)CCOC(=O)CCOC(=O)CCOC(=O)CCOC(=O)CCOC(=O)CCOC(=O)CCOC(=O)CCOC(=O)CCOC(=O)CCOC(=O)CCOC(=O)CCOC(=O)CCOC(=O)CCOC(=O)CCOC(=O)CCOC(=O)CCOC(=O)CCOC(=O)CCOC(=O)CCO,,,,
108,C=C(C)C(=C)OCOCCOC(=O)C(=C)C,C=C(C)C(=O)OCCOCCOCCOCCOCCOCCOCCOCCOCCOCCOCCOCCOCCOCCOCCOCCOCCOCCOCCOCCOCCOCCOCCOCCOCCOCCOCCOCCOCCOCCOCCOC(=O)C(=C)C,"Based on your input, I designed monomers with the required functionalities:
Monomer 1 with vinyls: C=C(C)C(=C)OCOCCOC(=O)C(=C)C
Monomer 2 with hydroxyls: C=C(C)C(=O)OCCOCCOCCOCCOCCOCCOCCOCCOCCOCCOCCOCCOCCOCCOCCOCCOCCOCCOCCOCCOCCOCCOCCOCCOCCOCCOCCOCCOCCOCCOCCOC(=O)C(=C)C",vinyl(C=C),hydroxyl(=O),0.5,,,"Generate two monomers for a TSMP, ensuring one includes vinyl(C=C) in monomer1 and the other includes hydroxyl(=O) in monomer2.",C=C(C)C(=C)OCOCCOC(=O)C(=C)C,C=C(C)C(=O)OCCOCCOCCOCCOCCOCCOCCOCCOCCOCCOCCOCCOCCOCCOCCOCCOCCOCCOCCOCCOCCOCCOCCOCCOCCOCCOCCOCCOCCOCCOCCOC(=O)C(=C)C,,,,
109,C=C(C)C(=O)OCCOCCOCCOCCOCCOCCOCCOCCOCCOCCOCCOCCOCCOCCOCCOCCOCCOCCOC(=O)C(=C)C,CCCC(=O)OCC(CC)(COC(=O)CCC(=O)OCC(C)OCC(C)OCC(C)OCC(C)OCC(C)OCC(C)OCC(C)OCC(C)OCC(C)OCC(C)OCCOCCOCCOCCOCCOCCOCCOCCOCCOCCOCCOCCOCCOCCOCCOCCOCCOCCOCCOCCOCCOCCOCCOCCOCCOCCOCCOCCOCCOCCOCCOCCOCCOCCOCCOCCOCCOCCOCCOCCOCCOCCOCCOCCOCCOCCOCCOCCOCCOCCOCCOCCOCCOCCOCCOCCOCCOCCOCCOCCOCCOCCOCCOCCOCCOCCOCCOCCOCCOCCOCCOCCOCCOCCOCCO,"Based on your input, I designed monomers with the specified functionalities:
Monomer 1 with vinyl groups: C=C(C)C(=O)OCCOCCOCCOCCOCCOCCOCCOCCOCCOCCOCCOCCOCCOCCOCCOCCOCCOCCOC(=O)C(=C)C
Monomer 2 with hydroxyl groups: CCCC(=O)OCC(CC)(COC(=O)CCC(=O)OCC(C)OCC(C)OCC(C)OCC(C)OCC(C)OCC(C)OCC(C)OCC(C)OCC(C)OCC(C)OCCOCCOCCOCCOCCOCCOCCOCCOCCOCCOCCOCCOCCOCCOCCOCCOCCOCCOCCOCCOCCOCCOCCOCCOCCOCCOCCOCCOCCOCCOCCOCCOCCOCCOCCOCCOCCOCCOCCOCCOCCOCCOCCOCCOCCOCCOCCOCCOCCOCCOCCOCCOCCOCCOCCOCCOCCOCCOCCOCCOCCOCCOCCOCCOCCOCCOCCOCCOCCOCCOCCOCCOCCOCCOCCO",vinyl(C=C),hydroxyl(=O),0.5,,,"Generate two monomers for a TSMP, ensuring one includes vinyl(C=C) in monomer1 and the other includes hydroxyl(=O) in monomer2.",C=C(C)C(=O)OCCOCCOCCOCCOCCOCCOCCOCCOCCOCCOCCOCCOCCOCCOCCOCCOCCOCCOC(=O)C(=C)C,CCCC(O)OCC(CC)COC(O)CCC(O)OCC(C)OCC(C)OCC(C)OCC(C)OCC(C)OCC(C)OCC(C)OCC(C)OCC(C)OCC(C)OCCOCCOCCOCCOCCOCCOCCOCCOCCOCCOCCOCCOCCOCCOCCOCCOCCOCCOCCOCCOCCOCCOCCOCCOCCOCCOCCOCCOCCOCCOCCOCCOCCOCCOCCOCCOCCOCCOCCOCCOCCOCCOCCOCCOCCOCCOCCOCCOCCOCCOCCOCCOCCOCCOCCOCCOCCOCCOCCOCCOCCOCCOCCOCCOCCOCCOCCOCCOCCOCCOCCOCCOCCOCCOCCO,,,,
110,C=CC(=O)OCCn1c(=O)n(CCOC(=O)C=C)c(=O)n(CCOC(=O)C=C)c1=O,CC(C)(C)OCC(O)CC(O)CC(O)CC(O)COC(C)(C)O,"Based on your input, I designed monomers with the specified functionalities:
Monomer 1 with vinyl groups: C=CC(=O)OCCn1c(=O)n(CCOC(=O)C=C)c(=O)n(CCOC(=O)C=C)c1=O
Monomer 2 with hydroxyl groups: CC(C)(C)OCC(O)CC(O)CC(O)CC(O)COC(C)(C)O",vinyl(C=C),hydroxyl(=O),0.5,,,"Generate two monomers for a TSMP, ensuring one includes vinyl(C=C) in monomer1 and the other includes hydroxyl(=O) in monomer2.",C=CC(=O)OCCn1c(=O)n(CCOC(=O)C=C)c(=O)n(CCOC(=O)C=C)c1=O,CC(C)(C)OCC(O)CC(O)CC(O)CC(O)COC(C)(C)O,,,,
111,C=CCn1c(=O)n(CC=C)c(=O)n(CC=C)c1=O,CC(COc1ccc(OCC(C)OCC(C)OCC2CO2)CC1-COC3CC3)OCC4CO4,"Based on your input, I designed monomers with the specified functionalities:
Monomer 1 with vinyls: C=CCn1c(=O)n(CC=C)c(=O)n(CC=C)c1=O
Monomer 2 with hydroxyls: CC(COc1ccc(OCC(C)OCC(C)OCC2CO2)CC1-COC3CC3)OCC4CO4",vinyl(C=C),hydroxyl(=O),0.7,,,"Generate two monomers for a TSMP, ensuring one includes vinyl(C=C) in monomer1 and the other includes hydroxyl(=O) in monomer2.",C=CCn1c(=O)n(CC=C)c(=O)n(CC=C)c1=O,CC(COc1ccc(OCC(C)OCC(C)OCC2CO2)CC1-COC3CC3)OCC4CO4,,,,
112,C=C(C)C(=O)OCCOCCOCCOCCOCCOCCOCCOCCOCCOCCOCCOCCOCCOCCOCCOCCOCCOC(=O)C(=C)C,C=C(C)C(=O)OCCOCCOCCOCCOCCOCCOCCOCCOCCOCCOCCOCCOCCOCCOCCOCCOCCOCCOCCOCCOC(=O)C(=C)C,"Based on your input, I designed monomers with the specified functionalities:
Monomer 1 with vinyls: C=C(C)C(=O)OCCOCCOCCOCCOCCOCCOCCOCCOCCOCCOCCOCCOCCOCCOCCOCCOCCOC(=O)C(=C)C
Monomer 2 with hydroxyls: C=C(C)C(=O)OCCOCCOCCOCCOCCOCCOCCOCCOCCOCCOCCOCCOCCOCCOCCOCCOCCOCCOCCOCCOC(=O)C(=C)C",vinyl(C=C),hydroxyl(=O),0.7,,,"Generate two monomers for a TSMP, ensuring one includes vinyl(C=C) in monomer1 and the other includes hydroxyl(=O) in monomer2.",C=C(C)C(=O)OCCOCCOCCOCCOCCOCCOCCOCCOCCOCCOCCOCCOCCOCCOCCOCCOCCOC(=O)C(=C)C,C=C(C)C(=O)OCCOCCOCCOCCOCCOCCOCCOCCOCCOCCOCCOCCOCCOCCOCCOCCOCCOCCOCCOCCOC(=O)C(=C)C,,,,
113,C=C(OCC1CO1)C(OCC2CO2)CC3(C(OCC4CO4)C(=O)OCC6CO6)C(=O)OCC5CO5,CC(C)(C)N,"Based on your input, I designed monomers with the specified functionalities:
Monomer 1 with vinyl: C=C(OCC1CO1)C(OCC2CO2)CC3(C(OCC4CO4)C(=O)OCC6CO6)C(=O)OCC5CO5
Monomer 2 with hydroxyl: CC(C)(C)N",vinyl(C=C),hydroxyl(=O),0.7,,,"Generate two monomers for a TSMP, ensuring one includes vinyl(C=C) in monomer1 and the other includes hydroxyl(=O) in monomer2.",CC(OCC1CO1)C(CC(C(O)OCC1CO1)C(OCC1CO1)C(O)OCC1CO1)OCC1CO1,CC(C)(C)N,,,,
114,C=C(C)C(=O)OCCOCCOCCOCCOCCOCCOCCOCCOCCOCCOCCOCCOCCOCCOCCOCCOCCOCCOCCOCCOC(=O)C(=C)C,C=C(C)C(=O)OCCOCCOCCOCCOCCOCCOCCOCCOCCOCCOCCOCCOCCOCCOCCOCCOCCOCCOCCOCCOCCOCCOCCOCCOCCOCCOCCOCCOCCOCCOCCOCCOCCOCCOCCOCCOCCOCCOCCOCCOCCOCCOCCOCCOCCOCCOCCOCCOCCOCCOCCOCCOCCOCCOCCOCC(C)=O,"Based on your input, I designed monomers with the specified functionalities:
Monomer 1 with vinyl groups: C=C(C)C(=O)OCCOCCOCCOCCOCCOCCOCCOCCOCCOCCOCCOCCOCCOCCOCCOCCOCCOCCOCCOCCOC(=O)C(=C)C
Monomer 2 with hydroxyl groups: C=C(C)C(=O)OCCOCCOCCOCCOCCOCCOCCOCCOCCOCCOCCOCCOCCOCCOCCOCCOCCOCCOCCOCCOCCOCCOCCOCCOCCOCCOCCOCCOCCOCCOCCOCCOCCOCCOCCOCCOCCOCCOCCOCCOCCOCCOCCOCCOCCOCCOCCOCCOCCOCCOCCOCCOCCOCCOCCOCC(C)=O",vinyl(C=C),hydroxyl(=O),0.7,,,"Generate two monomers for a TSMP, ensuring one includes vinyl(C=C) in monomer1 and the other includes hydroxyl(=O) in monomer2.",C=C(C)C(=O)OCCOCCOCCOCCOCCOCCOCCOCCOCCOCCOCCOCCOCCOCCOCCOCCOCCOCCOCCOCCOC(=O)C(=C)C,C=C(C)C(=O)OCCOCCOCCOCCOCCOCCOCCOCCOCCOCCOCCOCCOCCOCCOCCOCCOCCOCCOCCOCCOCCOCCOCCOCCOCCOCCOCCOCCOCCOCCOCCOCCOCCOCCOCCOCCOCCOCCOCCOCCOCCOCCOCCOCCOCCOCCOCCOCCOCCOCCOCCOCCOCCOCCOCCOCC(C)=O,,,,
115,C=C(C)C(=O)OCCOC(=O)C(=C)C,C=C(CCS(=O)(=O)N)OCCn1c(=O)n(CCOC(=O)CCS(=O)(=O)N)c(=O)n(CCOC(=O)CCS(=O)(=O)N)c1=O,"Based on your requirements, I suggest the following monomers:
Monomer 1 includes vinyl groups: C=C(C)C(=O)OCCOC(=O)C(=C)C
Monomer 2 includes hydroxyl groups: C=C(CCS(=O)(=O)N)OCCn1c(=O)n(CCOC(=O)CCS(=O)(=O)N)c(=O)n(CCOC(=O)CCS(=O)(=O)N)c1=O",vinyl(C=C),hydroxyl(=O),0.7,,,"Generate two monomers for a TSMP, ensuring one includes vinyl(C=C) in monomer1 and the other includes hydroxyl(=O) in monomer2.",C=C(C)C(=O)OCCOC(=O)C(=C)C,C=C(CCS(=O)(=O)N)OCCn1c(=O)n(CCOC(=O)CCS(=O)(=O)N)c(=O)n(CCOC(=O)CCS(=O)(=O)N)c1=O,,,,
116,C=CC(=C)C(=C)OCOCCOCOC(=O)CC(C)=O,C=CCOC(=O)CC(C)(C)OCCOCCOCCOCCOCCOCCOCCOCCOCCOCCOCCOCCOCCOCCOCCOCCOCCOCCOCCOCCOCCOCCOCCOCCOCCOCCOC(=O)CC(C)(C)OCCOCCOCCOCCOCCOCCOCCOCCOCCOC(=O)C(=CC)OCCOCCOCCOCCOCCOCCOCCOCCOCCOCCOCCOCCOCCOCCOCCOCCOCCOCCOCCOCCOCCOC(=O)CC(C)(C)OCCOCCOCCOCCOCCOCCOCCOCCOCCOC(=O)C(=CC)OCCOCCOCCOCCOCCOCCOCCOCCOCCOCCOCCOCCOCCOCCOCCOCCOCCOCCOCCOCCOCCOCCOCCOCCOCCOCCOCCOCCOCCOCCOCC,"Here is a TSMP incorporating vinyl and hydroxyl groups, designed for potential reactivity:
Monomer 1: C=CC(=C)C(=C)OCOCCOCOC(=O)CC(C)=O
Monomer 2: C=CCOC(=O)CC(C)(C)OCCOCCOCCOCCOCCOCCOCCOCCOCCOCCOCCOCCOCCOCCOCCOCCOCCOCCOCCOCCOCCOCCOCCOCCOCCOCCOC(=O)CC(C)(C)OCCOCCOCCOCCOCCOCCOCCOCCOCCOC(=O)C(=CC)OCCOCCOCCOCCOCCOCCOCCOCCOCCOCCOCCOCCOCCOCCOCCOCCOCCOCCOCCOCCOCCOC(=O)CC(C)(C)OCCOCCOCCOCCOCCOCCOCCOCCOCCOC(=O)C(=CC)OCCOCCOCCOCCOCCOCCOCCOCCOCCOCCOCCOCCOCCOCCOCCOCCOCCOCCOCCOCCOCCOCCOCCOCCOCCOCCOCCOCCOCCOCCOCC",vinyl(C=C),hydroxyl(=O),0.9,,,"Generate two monomers for a TSMP, ensuring one includes vinyl(C=C) in monomer1 and the other includes hydroxyl(=O) in monomer2.",C=CC(=C)C(=C)OCOCCOCOC(=O)CC(C)=O,C=CCOC(=O)CC(C)(C)OCCOCCOCCOCCOCCOCCOCCOCCOCCOCCOCCOCCOCCOCCOCCOCCOCCOCCOCCOCCOCCOCCOCCOCCOCCOCCOC(=O)CC(C)(C)OCCOCCOCCOCCOCCOCCOCCOCCOCCOC(=O)C(=CC)OCCOCCOCCOCCOCCOCCOCCOCCOCCOCCOCCOCCOCCOCCOCCOCCOCCOCCOCCOCCOCCOC(=O)CC(C)(C)OCCOCCOCCOCCOCCOCCOCCOCCOCCOC(=O)C(=CC)OCCOCCOCCOCCOCCOCCOCCOCCOCCOCCOCCOCCOCCOCCOCCOCCOCCOCCOCCOCCOCCOCCOCCOCCOCCOCCOCCOCCOCCOCCOCC,,,,
117,CC(C)(c2ccc(OCC1CO1)cc2)c4ccc(OCC3CO3)cc4, CC(C)(c2ccc(OCC1CO1)cc2)c4ccc(OCC3CO3)cc4,"Based on your input, I suggest the following monomers:
Monomer 1 includes C=C groups for potential vinylylation, and Monomer 2 includes =O groups for robust functionalization:
Monomer 1: CC(C)(c2ccc(OCC1CO1)cc2)c4ccc(OCC3CO3)cc4
Monomer 2: CC(C)(c2ccc(OCC1CO1)cc2)c4ccc(OCC3CO3)cc4",vinyl(C=C),hydroxyl(=O),0.9,,,"Generate two monomers for a TSMP, ensuring one includes vinyl(C=C) in monomer1 and the other includes hydroxyl(=O) in monomer2.",CC(C)(c2ccc(OCC1CO1)cc2)c4ccc(OCC3CO3)cc4,CC(C)(c2ccc(OCC1CO1)cc2)c4ccc(OCC3CO3)cc4,,,,
118,C=C(C)C(=C)OCOCCOC(=O)C(=C)C,CCC(COC(=O)CCS)(COC(=O)CCS)COC(=O)CCS,"Based on your input, I designed monomers with the specified functions:
Monomer 1 with vinyl: C=C(C)C(=C)OCOCCOC(=O)C(=C)C
Monomer 2 with hydroxyl: CCC(COC(=O)CCS)(COC(=O)CCS)COC(=O)CCS",vinyl(C=C),hydroxyl(=O),0.9,,,"Generate two monomers for a TSMP, ensuring one includes vinyl(C=C) in monomer1 and the other includes hydroxyl(=O) in monomer2.",C=C(C)C(=C)OCOCCOC(=O)C(=C)C,CCC(COC(=O)CCS)(COC(=O)CCS)COC(=O)CCS,,,,
119,C=CC(=O)OCCn1c(=O)n(CCOC(=O)C=C)c(=O)n(CCOC(=O)C=C)c1=O,C=C(C)C(=C)OCOCCOC(=O)CC(C)(C)C,"Since you're looking for vinyl and hydroxyl functional groups, I found two compatible monomers:
Monomer 1 with vinyls: C=CC(=O)OCCn1c(=O)n(CCOC(=O)C=C)c(=O)n(CCOC(=O)C=C)c1=O
Monomer 2 with hydroxyls: C=C(C)C(=C)OCOCCOC(=O)CC(C)(C)C",vinyl(C=C),hydroxyl(=O),0.9,,,"Generate two monomers for a TSMP, ensuring one includes vinyl(C=C) in monomer1 and the other includes hydroxyl(=O) in monomer2.",C=CC(=O)OCCn1c(=O)n(CCOC(=O)C=C)c(=O)n(CCOC(=O)C=C)c1=O,C=C(C)C(=C)OCOCCOC(=O)CC(C)(C)C,,,,
120,C=C(C)C(=C)OCC(O)COc2ccc(C(C)(C)c1ccc(OCC(O)COC(=O)C(=C)C)cc1)cc2,CC(=O)OCC(CO)(CO)OCC(=O)OCC(COC(=O)C(C)(C)C)(COC(=O)CC(C)(C)C)OCC(=O)OCC(C)(CO)OCC(=O)OCC(C)(CO)OCC(=O)OCC(C)(CO)OCC(=O)OCC(C)(CO)OCC(=O)OCC(C)(CO)OCC(=O)OCC(C)(CO)OCC(=O)OCC(C)(CO)OCC(=O)OCC(C)(CO)OCC(=O)OCC(C)(CO)OCC(=O)OCC(C)(CO)OCC(=O)OCC(C)(CO)OCC(=O)OCC(C)(CO)OCC(=O)OCC(C)(CO)OCC(=O)OCC(C)(CO)OCC(=O)OCC(C)(CO),"This monomer pair includes the requested functional groups:
Monomer 1 with vinyls: C=C(C)C(=C)OCC(O)COc2ccc(C(C)(C)c1ccc(OCC(O)COC(=O)C(=C)C)cc1)cc2
Monomer 2 with hydroxyls: CC(=O)OCC(CO)(CO)OCC(=O)OCC(COC(=O)C(C)(C)C)(COC(=O)CC(C)(C)C)OCC(=O)OCC(C)(CO)OCC(=O)OCC(C)(CO)OCC(=O)OCC(C)(CO)OCC(=O)OCC(C)(CO)OCC(=O)OCC(C)(CO)OCC(=O)OCC(C)(CO)OCC(=O)OCC(C)(CO)OCC(=O)OCC(C)(CO)OCC(=O)OCC(C)(CO)OCC(=O)OCC(C)(CO)OCC(=O)OCC(C)(CO)OCC(=O)OCC(C)(CO)OCC(=O)OCC(C)(CO)OCC(=O)OCC(C)(CO)OCC(=O)OCC(C)(CO)",vinyl(C=C),hydroxyl(=O),0.9,,,"Generate two monomers for a TSMP, ensuring one includes vinyl(C=C) in monomer1 and the other includes hydroxyl(=O) in monomer2.",C=C(C)C(=C)OCC(O)COc2ccc(C(C)(C)c1ccc(OCC(O)COC(=O)C(=C)C)cc1)cc2,CC(=O)OCC(CO)(CO)OCC(=O)OCC(COC(=O)C(C)(C)C)(COC(=O)CC(C)(C)C)OCC(=O)OCC(C)(CO)OCC(=O)OCC(C)(CO)OCC(=O)OCC(C)(CO)OCC(=O)OCC(C)(CO)OCC(=O)OCC(C)(CO)OCC(=O)OCC(C)(CO)OCC(=O)OCC(C)(CO)OCC(=O)OCC(C)(CO)OCC(=O)OCC(C)(CO)OCC(=O)OCC(C)(CO)OCC(=O)OCC(C)(CO)OCC(=O)OCC(C)(CO)OCC(=O)OCC(C)(CO)OCC(=O)OCC(C)(CO)OCC(=O)OCC(C)(CO),,,,
121,C=CCn1c(=O)n(CC=C)c(=O)n(CC=C)c1=O,CC(C)(C)c14cccc(OCC(O)COc3ccc(C(C)(C)C(=O)OCC(O)COc2ccc(OCC(O)COc0ccc(CC(C)(C)O)cc0)cc2)cc3)c(KK)c=6c(=c5c(=c4OCC(O)COc8ccc(C(=O)OCC(O)COc7ccc(C(=O)OCC(O)COc6ccc(OCC(O)COc1ccc(CC(C)(C)O)cc1)cc6)cc7)cc8)cc5OCC(O)COc3ccc(C(=O)OCC(O)COc2ccc(C(=O)OCC(O)COc1ccc(OCC(O)COc0ccc(CC(C)(C)O)cc0)cc1)cc2)cc3)OCC(O)COc10ccc(C(=O)OCC(O)COc9ccc(C(=O)OCC(O)COc8ccc(OCC(O)COc7ccc(CC(C)(C)O)cc7,"Here is a group-compliant monomer pair:
Monomer 1 includes Vinyl groups: C=CCn1c(=O)n(CC=C)c(=O)n(CC=C)c1=O
Monomer 2 includes Hydroxyl groups: CC(C)(C)c14cccc(OCC(O)COc3ccc(C(C)(C)C(=O)OCC(O)COc2ccc(OCC(O)COc0ccc(CC(C)(C)O)cc0)cc2)cc3)c(KK)c=6c(=c5c(=c4OCC(O)COc8ccc(C(=O)OCC(O)COc7ccc(C(=O)OCC(O)COc6ccc(OCC(O)COc1ccc(CC(C)(C)O)cc1)cc6)cc7)cc8)cc5OCC(O)COc3ccc(C(=O)OCC(O)COc2ccc(C(=O)OCC(O)COc1ccc(OCC(O)COc0ccc(CC(C)(C)O)cc0)cc1)cc2)cc3)OCC(O)COc10ccc(C(=O)OCC(O)COc9ccc(C(=O)OCC(O)COc8ccc(OCC(O)COc7ccc(CC(C)(C)O)cc7",vinyl(C=C),hydroxyl(=O),1.0,,,"Generate two monomers for a TSMP, ensuring one includes vinyl(C=C) in monomer1 and the other includes hydroxyl(=O) in monomer2.",Not found,Not found,,,,
122,,,Let's get some more specific input for your TSMP - could you share your preference of functional groups or any dietary restrictions for the monomers?,vinyl(C=C),hydroxyl(=O),1.0,,,"Generate two monomers for a TSMP, ensuring one includes vinyl(C=C) in monomer1 and the other includes hydroxyl(=O) in monomer2.",Not found,Not found,,,,
123,C=C(C)C(=C)OCCn1c(=O)n(CCOC(=O)C=C)CN1C(=O)CCOC(=O)C=C,CC(O)C(C)OCC(C)CO?CC(O)CC(C)OCC(C)COCC(C)C=O,"To meet the functional group constraints of vinyl (C=C) and hydroxyl (=O), I suggest:
Monomer 1: C=C(C)C(=C)OCCn1c(=O)n(CCOC(=O)C=C)CN1C(=O)CCOC(=O)C=C
Monomer 2: CC(O)C(C)OCC(C)COÃ£Â‚Â¡CC(O)CC(C)OCC(C)COCC(C)C=O",vinyl(C=C),hydroxyl(=O),1.0,,,"Generate two monomers for a TSMP, ensuring one includes vinyl(C=C) in monomer1 and the other includes hydroxyl(=O) in monomer2.",C=C(C)C(=C)OCCn1c(=O)n(CCOC(=O)C=C)CN1C(=O)CCOC(=O)C=C,CC(CO)COCC(C)COC(C)CC(O)COCC(C)COC(C)C(C)O,,,,
124,C=CCc1ccccc1OCC(O)COC(=O)CCCCC(=O)OCC(O)COc2ccccc2CC=C,CCC(COCC(C)OCC(C)OCC(C)OCC(C)OCCOCCOCCOCCOCCOCCOCCOCC(C)OCC(C)OCC(C)OCC(C)OCC(C)OCC(C)OCCOCCOCCOCCOCCOCCOCCOCC(C)OCC(C)OCC(C)OCC(C)OCC(C)OCC(C)OCC(C)OCC(C)OCCOCCOCCOCCOCCOCCOCCOCCOCCOCCOCCOCCOCC(C)OCC(C)OCCOCCOCCOCCOCCOCCOCCOCCOCCOCCOCC(C)OCCOCCOCCOCC(C)OCCOCCOCCOCCOCCOCCOCCOCCOCCOCCOCCOCCOCCOCCOCCOCCOCCOCCOCC(C)OCC(C)OCC(C)OCC(C)OCC(C)OCC(C)OCCOCCOCCOCCOCCOCCO,"Based on your requirements, I suggest the following monomers:
Monomer 1: C=CCc1ccccc1OCC(O)COC(=O)CCCCC(=O)OCC(O)COc2ccccc2CC=C
Monomer 2: CCC(COCC(C)OCC(C)OCC(C)OCC(C)OCCOCCOCCOCCOCCOCCOCCOCC(C)OCC(C)OCC(C)OCC(C)OCC(C)OCC(C)OCCOCCOCCOCCOCCOCCOCCOCC(C)OCC(C)OCC(C)OCC(C)OCC(C)OCC(C)OCC(C)OCC(C)OCCOCCOCCOCCOCCOCCOCCOCCOCCOCCOCCOCCOCC(C)OCC(C)OCCOCCOCCOCCOCCOCCOCCOCCOCCOCCOCC(C)OCCOCCOCCOCC(C)OCCOCCOCCOCCOCCOCCOCCOCCOCCOCCOCCOCCOCCOCCOCCOCCOCCOCCOCC(C)OCC(C)OCC(C)OCC(C)OCC(C)OCC(C)OCCOCCOCCOCCOCCOCCO",vinyl(C=C),hydroxyl(=O),1.0,,,"Generate two monomers for a TSMP, ensuring one includes vinyl(C=C) in monomer1 and the other includes hydroxyl(=O) in monomer2.",C=CCc1ccccc1OCC(O)COC(=O)CCCCC(=O)OCC(O)COc2ccccc2CC=C,CCCCOCC(C)OCC(C)OCC(C)OCC(C)OCCOCCOCCOCCOCCOCCOCCOCC(C)OCC(C)OCC(C)OCC(C)OCC(C)OCC(C)OCCOCCOCCOCCOCCOCCOCCOCC(C)OCC(C)OCC(C)OCC(C)OCC(C)OCC(C)OCC(C)OCC(C)OCCOCCOCCOCCOCCOCCOCCOCCOCCOCCOCCOCCOCC(C)OCC(C)OCCOCCOCCOCCOCCOCCOCCOCCOCCOCCOCC(C)OCCOCCOCCOCC(C)OCCOCCOCCOCCOCCOCCOCCOCCOCCOCCOCCOCCOCCOCCOCCOCCOCCOCCOCC(C)OCC(C)OCC(C)OCC(C)OCC(C)OCC(C)OCCOCCOCCOCCOCCOCCO,,,,
125,C=C(C)C(=O)OCCOCCOCCOC(=O)C(C)=O,CC(=O)OCC(CO)(CO)COCC(=O)OCC(CO)(CO)COc2ccc(C(C)(C)c1ccc(OCC(=O)OCC(=O)OCC(CO)(COC(=O)OCC(=O)OCC(CO)(CO)CC(=O)OCC(=O)OCC(CO)(CO)CC(=O)OCC(=O)OCC(CO)(CO)CC(=O)OCC(=O)OCC(CO)(CO)CC(=O)OCC(=O)OCC(CO)(CO)CC(=O)OCC(=O)OCC(CO)(CO)CC(=O)OCC(=O)OCC(CO)(CO)CC(=O)OCC(=O)OCC(CO)(CO)CC(=O)OCC(=O)OCC(CO)(CO)CC(=O)OCC(=O)OCC(CO)(CO)CC(=O)OCC(=O)O,"Here is a monomer pair incorporating the recommended functional groups:
Monomer 1 (C=C): C=C(C)C(=O)OCCOCCOCCOC(=O)C(C)=O
Monomer 2 (C=O): CC(=O)OCC(CO)(CO)COCC(=O)OCC(CO)(CO)COc2ccc(C(C)(C)c1ccc(OCC(=O)OCC(=O)OCC(CO)(COC(=O)OCC(=O)OCC(CO)(CO)CC(=O)OCC(=O)OCC(CO)(CO)CC(=O)OCC(=O)OCC(CO)(CO)CC(=O)OCC(=O)OCC(CO)(CO)CC(=O)OCC(=O)OCC(CO)(CO)CC(=O)OCC(=O)OCC(CO)(CO)CC(=O)OCC(=O)OCC(CO)(CO)CC(=O)OCC(=O)OCC(CO)(CO)CC(=O)OCC(=O)OCC(CO)(CO)CC(=O)OCC(=O)OCC(CO)(CO)CC(=O)OCC(=O)O",vinyl(C=C),hydroxyl(=O),1.0,,,"Generate two monomers for a TSMP, ensuring one includes vinyl(C=C) in monomer1 and the other includes hydroxyl(=O) in monomer2.",Not found,Not found,,,,
126,CC(C)(c2ccc(OCC1CO1)cc2)c4ccc(OCC3CO3)cc4,CC1(C)CC(N)CC(C)(CN)C1,"To achieve Tg of 100Â°C and Er of 40Mpa, consider this monomer combination:
Monomer 1: CC(C)(c2ccc(OCC1CO1)cc2)c4ccc(OCC3CO3)cc4
Monomer 2: CC1(C)CC(N)CC(C)(CN)C1",,,0.3,100.0,40.0,Generate a thermoset shape memory polymer with Tg = 100Â°C and Er = 40 MPa.,CC(C)(c2ccc(OCC1CO1)cc2)c4ccc(OCC3CO3)cc4,CC1(C)CC(N)CC(C)(CN)C1,85.86544036865234,17.37831687927246,0.0,0.0
127,CC(C)(c2ccc(OCC1CO1)cc2)c4ccc(OCC3CO3)cc4,CC(C)(C)N,"To achieve Tg of 100Â°C and Er of 40Mpa, consider this monomer combination:
Monomer 1: CC(C)(c2ccc(OCC1CO1)cc2)c4ccc(OCC3CO3)cc4
Monomer 2: CC(C)(C)N",,,0.3,100.0,40.0,Generate a thermoset shape memory polymer with Tg = 100Â°C and Er = 40 MPa.,CC(C)(c2ccc(OCC1CO1)cc2)c4ccc(OCC3CO3)cc4,CC(C)(C)N,163.88241577148438,45.075035095214844,63.882415771484375,0.0
128,C=C(C)C(=C)OCOCCOC(=O)C(=C)C,C=C(C)C(=O)OCCOCCOCCOCCOCCOCCOCCOCCOCCOCCOCCOCCOCCOCCOCCOCCOCCOCCOCCOCCOCCOCCOCCOCCOCCOCCOCCOCCOCCOCCOCCOCCOCCOCCOCCOCCOCCOCCOCCOCCOCCOCCOCCOCCOCCOCC(C)=O,"To achieve Tg of 100Â°C and Er of 40Mpa, consider this monomer combination:
Monomer 1: C=C(C)C(=C)OCOCCOC(=O)C(=C)C
Monomer 2: C=C(C)C(=O)OCCOCCOCCOCCOCCOCCOCCOCCOCCOCCOCCOCCOCCOCCOCCOCCOCCOCCOCCOCCOCCOCCOCCOCCOCCOCCOCCOCCOCCOCCOCCOCCOCCOCCOCCOCCOCCOCCOCCOCCOCCOCCOCCOCCOCCOCC(C)=O",,,0.3,100.0,40.0,Generate a thermoset shape memory polymer with Tg = 100Â°C and Er = 40 MPa.,C=C(C)C(=C)OCOCCOC(=O)C(=C)C,C=C(C)C(=O)OCCOCCOCCOCCOCCOCCOCCOCCOCCOCCOCCOCCOCCOCCOCCOCCOCCOCCOCCOCCOCCOCCOCCOCCOCCOCCOCCOCCOCCOCCOCCOCCOCCOCCOCCOCCOCCOCCOCCOCCOCCOCCOCCOCCOCCOCC(C)=O,324.99456787109375,54.271358489990234,224.99456787109375,0.0
129,CC(C)(c2ccc(OCC1CO1)cc2)c4ccc(OCC3CO3)cc4,CC(C)(C)N,"Based on your requirements, I suggest the following monomers:
Monomer 1: CC(C)(c2ccc(OCC1CO1)cc2)c4ccc(OCC3CO3)cc4
Monomer 2: CC(C)(C)N",,,0.3,100.0,40.0,Generate a thermoset shape memory polymer with Tg = 100Â°C and Er = 40 MPa.,CC(C)(c2ccc(OCC1CO1)cc2)c4ccc(OCC3CO3)cc4,CC(C)(C)N,163.88241577148438,45.075035095214844,63.882415771484375,0.0
130,CC(C)(c2ccc(OCC1CO1)cc2)c4ccc(OCC3CO3)cc4,CC(C)(C)N,"To achieve Tg of 100Â°C and Er of 40Mpa, consider this monomer combination:
Monomer 1: CC(C)(c2ccc(OCC1CO1)cc2)c4ccc(OCC3CO3)cc4
Monomer 2: CC(C)(C)N",,,0.3,100.0,40.0,Generate a thermoset shape memory polymer with Tg = 100Â°C and Er = 40 MPa.,CC(C)(c2ccc(OCC1CO1)cc2)c4ccc(OCC3CO3)cc4,CC(C)(C)N,163.88241577148438,45.075035095214844,63.882415771484375,0.0
131,CC(C)(c2ccc(OCCOCCOCCOCCOCC1)cc1)cc4OCCOCCOCCOCC3/c2ccc(OC4CCN4CC(OCC3)(OCC3)CC4)cc1,NCc1cccc(CN)c1,"To achieve Tg of 100Â°C and Er of 40Mpa, consider this monomer combination:
Monomer 1: CC(C)(c2ccc(OCCOCCOCCOCCOCC1)cc1)cc4OCCOCCOCCOCC3/c2ccc(OC4CCN4CC(OCC3)(OCC3)CC4)cc1
Monomer 2: NCc1cccc(CN)c1",,,0.5,100.0,40.0,Generate a thermoset shape memory polymer with Tg = 100Â°C and Er = 40 MPa.,Not found,Not found,,,,
132,CC(C)(c2ccc(OCC1CO1)cc2)c4ccc(OCC3CO3)cc4,CC(N)COCC(C)OCC(C)OCC(C)N,"Based on your requirements, I suggest the following monomers:
Monomer 1: CC(C)(c2ccc(OCC1CO1)cc2)c4ccc(OCC3CO3)cc4
Monomer 2: CC(N)COCC(C)OCC(C)OCC(C)N",,,0.5,100.0,40.0,Generate a thermoset shape memory polymer with Tg = 100Â°C and Er = 40 MPa.,CC(C)(c2ccc(OCC1CO1)cc2)c4ccc(OCC3CO3)cc4,CC(N)COCC(C)OCC(C)OCC(C)N,47.36640548706055,13.34851360321045,52.63359451293945,0.0
133,CC(C)(c2ccc(OCC1CO1)cc2)c4ccc(OCC3CO3)cc4,CC(N)COCC(C)OCC(C)OCC(C)N,"To achieve Tg of 100Â°C and Er of 40Mpa, consider this monomer combination:
Monomer 1: CC(C)(c2ccc(OCC1CO1)cc2)c4ccc(OCC3CO3)cc4
Monomer 2: CC(N)COCC(C)OCC(C)OCC(C)N",,,0.5,100.0,40.0,Generate a thermoset shape memory polymer with Tg = 100Â°C and Er = 40 MPa.,CC(C)(c2ccc(OCC1CO1)cc2)c4ccc(OCC3CO3)cc4,CC(N)COCC(C)OCC(C)OCC(C)N,47.36640548706055,13.34851360321045,52.63359451293945,0.0
134,CC(C)(c2ccc(OCC1CO1)cc2)c4ccc(OCC3CO3)cc4,NCCCOCCOCCCN,"Based on your requirements, I suggest the following monomers:
Monomer 1: CC(C)(c2ccc(OCC1CO1)cc2)c4ccc(OCC3CO3)cc4
Monomer 2: NCCCOCCOCCCN",,,0.5,100.0,40.0,Generate a thermoset shape memory polymer with Tg = 100Â°C and Er = 40 MPa.,CC(C)(c2ccc(OCC1CO1)cc2)c4ccc(OCC3CO3)cc4,NCCCOCCOCCCN,56.15962600708008,15.15296459197998,43.84037399291992,0.0
135,CC(C)(c2ccc(OCC1CO1)cc2)c4ccc(OCC3CO3)cc4,CC(N)COCC(C)OCC(C)OCC(C)OCC(C)N,"To achieve Tg of 100Â°C and Er of 40Mpa, consider this monomer combination:
Monomer 1: CC(C)(c2ccc(OCC1CO1)cc2)c4ccc(OCC3CO3)cc4
Monomer 2: CC(N)COCC(C)OCC(C)OCC(C)OCC(C)N",,,0.5,100.0,40.0,Generate a thermoset shape memory polymer with Tg = 100Â°C and Er = 40 MPa.,CC(C)(c2ccc(OCC1CO1)cc2)c4ccc(OCC3CO3)cc4,CC(N)COCC(C)OCC(C)OCC(C)OCC(C)N,48.342952728271484,13.508336067199707,51.657047271728516,0.0
136,CCCCCCCCCCC1OC1CCCCCCCCCC(=O)OC(=O)CCCCCCCCCC1OCC(COC(=O)CCCCCCCCCC1OCC(OCC(OCC3OCC(C)C(C)O3)OCC2OCC2C(=O)OCC4OCC(CO4)CO4)CO2)CO1,CC(C)(C)N,"Based on your requirements, I suggest the following monomers:
Monomer 1: CCCCCCCCCCC1OC1CCCCCCCCCC(=O)OC(=O)CCCCCCCCCC1OCC(COC(=O)CCCCCCCCCC1OCC(OCC(OCC3OCC(C)C(C)O3)OCC2OCC2C(=O)OCC4OCC(CO4)CO4)CO2)CO1
Monomer 2: CC(C)(C)N",,,0.7,100.0,40.0,Generate a thermoset shape memory polymer with Tg = 100Â°C and Er = 40 MPa.,Not found,Not found,,,,
137,CC(=O)OCCOCCOCCOCCOCCOCCOCCOCCOCCOCCOCCOCCOCCOCCOCCOCCOCCOCCOCCOCCOCCOC(=O)C,CCCCCCCCC(=O)OCC(CC)(COC(=O)CC(C)C)COC(=O)CC(C)COC(=O)CC(C)COC(=O)CC(C)COC(=O)CC(C)COC(=O)CC(C)COC(=O)CC(C)COC(=O)CC(C)COC(=O)CC(C)COC(=O)CC(C)COC(=O)CC(C)COC(=O)CC(C)COC(=O)CC(C)OCC(CC)(C)OCCOCCOCCOCCOCCOCCOCCOCCOCCOCCOCCOCCOCCOCCOCCOCCOCCOCCOCCOCCOCCOCCOCCOCCOCCOCCOCCOCCOCCOCCOCCOCCOCCOCCOCCOCCOCCOCCOCC,"To achieve Tg of 100Â°C and Er of 40Mpa, I suggest the following monomers:
Monomer 1: CC(=O)OCCOCCOCCOCCOCCOCCOCCOCCOCCOCCOCCOCCOCCOCCOCCOCCOCCOCCOCCOCCOCCOC(=O)C
Monomer 2: CCCCCCCCC(=O)OCC(CC)(COC(=O)CC(C)C)COC(=O)CC(C)COC(=O)CC(C)COC(=O)CC(C)COC(=O)CC(C)COC(=O)CC(C)COC(=O)CC(C)COC(=O)CC(C)COC(=O)CC(C)COC(=O)CC(C)COC(=O)CC(C)COC(=O)CC(C)COC(=O)CC(C)OCC(CC)(C)OCCOCCOCCOCCOCCOCCOCCOCCOCCOCCOCCOCCOCCOCCOCCOCCOCCOCCOCCOCCOCCOCCOCCOCCOCCOCCOCCOCCOCCOCCOCCOCCOCCOCCOCCOCCOCCOCCOCC",,,0.7,100.0,40.0,Generate a thermoset shape memory polymer with Tg = 100Â°C and Er = 40 MPa.,CC(=O)OCCOCCOCCOCCOCCOCCOCCOCCOCCOCCOCCOCCOCCOCCOCCOCCOCCOCCOCCOCCOCCOC(=O)C,CCCCCCCCC(=O)OCC(CC)(COC(=O)CC(C)C)COC(=O)CC(C)COC(=O)CC(C)COC(=O)CC(C)COC(=O)CC(C)COC(=O)CC(C)COC(=O)CC(C)COC(=O)CC(C)COC(=O)CC(C)COC(=O)CC(C)COC(=O)CC(C)COC(=O)CC(C)COC(=O)CC(C)OCC(CC)(C)OCCOCCOCCOCCOCCOCCOCCOCCOCCOCCOCCOCCOCCOCCOCCOCCOCCOCCOCCOCCOCCOCCOCCOCCOCCOCCOCCOCCOCCOCCOCCOCCOCCOCCOCCOCCOCCOCCOCC,321.24871826171875,140.36465454101562,221.24871826171875,100.36465454101562
138,CC(C)(c2ccc(OCCOCCOCCOC1CCC1)cc2)c4ccc(OCCOCCOCCOCCOCCOCCOCCOCCOCCOCCOCCOCCOCCOCCOCCOCCOCCOCCOCCOCCOCCOCCOCCOCCOCCOCCOCCOCCOCCOCCOCCOCCOCCOCCOCCOCC(C)OCC(C)OCC(C)OCC(C)OCC(C)OCC(C)OCC(C)OCC(C)OCC(C)OCC(C)OCC(C)OCC(C)OCC(C)OCC(C)OCC(C)OCC(C)c6ccc(OCCOCCOCCOCC(O)Cc5ccc(C(C)(C)C)cc5)cc4,CC1(C)CC2(C)CC1C(=O)OC2(C)C,"To achieve Tg of 100Â°C and Er of 40Mpa, we could use the following monomers:
Monomer 1: CC(C)(c2ccc(OCCOCCOCCOC1CCC1)cc2)c4ccc(OCCOCCOCCOCCOCCOCCOCCOCCOCCOCCOCCOCCOCCOCCOCCOCCOCCOCCOCCOCCOCCOCCOCCOCCOCCOCCOCCOCCOCCOCCOCCOCCOCCOCCOCCOCC(C)OCC(C)OCC(C)OCC(C)OCC(C)OCC(C)OCC(C)OCC(C)OCC(C)OCC(C)OCC(C)OCC(C)OCC(C)OCC(C)OCC(C)OCC(C)c6ccc(OCCOCCOCCOCC(O)Cc5ccc(C(C)(C)C)cc5)cc4Monomer 2: CC1(C)CC2(C)CC1C(=O)OC2(C)C",,,0.7,100.0,40.0,Generate a thermoset shape memory polymer with Tg = 100Â°C and Er = 40 MPa.,CC1C=CC=C(OCCOCCOCCOCC(O)Cc2ccc(C(C)(C)C)cc2)C=CC(C(C)(C)c2ccc(OCCOCCOCCOC3CCC3)cc2)=CC=COCCOCCOCCOCCOCCOCCOCCOCCOCCOCCOCCOCCOCCOCCOCCOCCOCCOCCOCCOCCOCCOCCOCCOCCOCCOCCOCCOCCOCCOCCOCCOCCOCCOCCOCCOCC(C)OCC(C)OCC(C)OCC(C)OCC(C)OCC(C)OCC(C)OCC(C)OCC(C)OCC(C)OCC(C)OCC(C)OCC(C)OCC(C)OCC(C)OC1,CC1(C)CC2(C)CC1C(=O)OC2(C)C,100.32382202148438,113.68243408203125,0.0,73.68243408203125
139, C=C(C)C(=C)OCOCCOC(=O)C(=C)C,C=C(C)C(=C)OCOCCOC(=O)C(=C)C,"Great choice of properties and groups. Here's a compatible monomer pair:
Monomer 1: C=C(C)C(=C)OCOCCOC(=O)C(=C)C
Monomer 2: C=C(C)C(=C)OCOCCOC(=O)C(=C)C",,,0.7,100.0,40.0,Generate a thermoset shape memory polymer with Tg = 100Â°C and Er = 40 MPa.,C=C(C)C(=C)OCOCCOC(=O)C(=C)C,C=C(C)C(=C)OCOCCOC(=O)C(=C)C,62.8707160949707,10.816863059997559,37.1292839050293,0.0
140,CC(C)(C4CCC(OCC(O)COC3CCC(C(C)(C)C2CCC(OCC1CO1)CC2)CC3)CC4)C6CCC(OCC5CO5)CC6,NCCCOCCOCCCN,"To achieve Tg of 100Â°C and Er of 40Mpa, I suggest this monomer combination:
Monomer 1: CC(C)(C4CCC(OCC(O)COC3CCC(C(C)(C)C2CCC(OCC1CO1)CC2)CC3)CC4)C6CCC(OCC5CO5)CC6
Monomer 2: NCCCOCCOCCCN",,,0.7,100.0,40.0,Generate a thermoset shape memory polymer with Tg = 100Â°C and Er = 40 MPa.,CC(C)(C4CCC(OCC(O)COC3CCC(C(C)(C)C2CCC(OCC1CO1)CC2)CC3)CC4)C6CCC(OCC5CO5)CC6,NCCCOCCOCCCN,91.14701080322266,19.335418701171875,0.0,0.0
141,C=C(C)C(=C)OCOCCOC(=O)C(=C)C,C=C(C)C(=O)OC(C)(C)C,"To achieve Tg of 100Â°C and Er of 40Mpa, consider this monomer combination:
Monomer 1: C=C(C)C(=C)OCOCCOC(=O)C(=C)C
Monomer 2: C=C(C)C(=O)OC(C)(C)C",,,0.9,100.0,40.0,Generate a thermoset shape memory polymer with Tg = 100Â°C and Er = 40 MPa.,C=C(C)C(=C)OCOCCOC(=O)C(=C)C,C=C(C)C(=O)OC(C)(C)C,56.485416412353516,10.457537651062012,43.514583587646484,0.0
142,CC(C)(c2ccc(OCC1CO1)cc2)c4ccc(OCC3CO3)cc4,CC(N)COCC(C)OCC(C)OCC(C)N,"To achieve Tg of 100Â°C and Er of 40Mpa, consider this monomer combination:
Monomer 1: CC(C)(c2ccc(OCC1CO1)cc2)c4ccc(OCC3CO3)cc4
Monomer 2: CC(N)COCC(C)OCC(C)OCC(C)N",,,0.9,100.0,40.0,Generate a thermoset shape memory polymer with Tg = 100Â°C and Er = 40 MPa.,CC(C)(c2ccc(OCC1CO1)cc2)c4ccc(OCC3CO3)cc4,CC(N)COCC(C)OCC(C)OCC(C)N,47.36640548706055,13.34851360321045,52.63359451293945,0.0
143,CC(C)(c2ccc(OCC1CO1)cc2)c4ccc(OCC3CO3)cc4,CCN(CC)CCc1ccc(OCCOCCOCCOCCOCCOCCOCCOCCOCCOCCOCCOCCOCCOCCOCCOCCOCCOCCOCCOCCOCCc2ccc(OCCc3ccc(N(CC)CC)cc3)cc2,"To achieve Tg of 100Â°C and Er of 40Mpa, consider this monomer combination:
Monomer 1: CC(C)(c2ccc(OCC1CO1)cc2)c4ccc(OCC3CO3)cc4
Monomer 2: CCN(CC)CCc1ccc(OCCOCCOCCOCCOCCOCCOCCOCCOCCOCCOCCOCCOCCOCCOCCOCCOCCOCCOCCOCCOCCc2ccc(OCCc3ccc(N(CC)CC)cc3)cc2",,,0.9,100.0,40.0,Generate a thermoset shape memory polymer with Tg = 100Â°C and Er = 40 MPa.,Not found,Not found,,,,
144,OC(\\C=C\\OCCOC(=O)C(C)(C)C)(c2ccc(OCCOC(=O)C(C)(C)C)cc2)cc4OC(c3ccc(OCCOC(=O)C(C)(C)C)cc3)CC4,CC(C)(C)N,"Based on your requirements, I suggest the following monomers:
Monomer 1: OC(\C=C\OCCOC(=O)C(C)(C)C)(c2ccc(OCCOC(=O)C(C)(C)C)cc2)cc4OC(c3ccc(OCCOC(=O)C(C)(C)C)cc3)CC4
Monomer 2: CC(C)(C)N",,,0.9,100.0,40.0,Generate a thermoset shape memory polymer with Tg = 100Â°C and Er = 40 MPa.,Not found,Not found,,,,
145,C=CC(=O)OC(C=C)(C=C)C(C)(C)OCCOCCOCCOCCOCCOCCOCCOCCOCCOCCOCCOCCOCCOCCOCCOCCOCCOCCOCCOCCOCCOCCOCCOCCOCCOCCOCCOCCOCCOCCOCCOCCOCCOCCOCCOCCOCCOCCOCCOCCOCCOCCOCCOC(=O)C(C=C)C(=O)OCCOCCOCCOCCOCCOCCOCCOCCOCCOCCOCCOCCOCCOCCOCCOCCOC(=O)C(C=C)(C)C,C=C(C)C(=C)OCC(COC(=O)C)(COC(=O)C)COC(=O)C,"To achieve Tg of 100Â°C and Er of 40Mpa, consider this monomer combination:
Monomer 1: C=CC(=O)OC(C=C)(C=C)C(C)(C)OCCOCCOCCOCCOCCOCCOCCOCCOCCOCCOCCOCCOCCOCCOCCOCCOCCOCCOCCOCCOCCOCCOCCOCCOCCOCCOCCOCCOCCOCCOCCOCCOCCOCCOCCOCCOCCOCCOCCOCCOCCOCCOCCOC(=O)C(C=C)C(=O)OCCOCCOCCOCCOCCOCCOCCOCCOCCOCCOCCOCCOCCOCCOCCOCCOC(=O)C(C=C)(C)C
Monomer 2: C=C(C)C(=C)OCC(COC(=O)C)(COC(=O)C)COC(=O)C",,,0.9,100.0,40.0,Generate a thermoset shape memory polymer with Tg = 100Â°C and Er = 40 MPa.,C=CC(=O)OC(C=C)(C=C)C(C)(C)OCCOCCOCCOCCOCCOCCOCCOCCOCCOCCOCCOCCOCCOCCOCCOCCOCCOCCOCCOCCOCCOCCOCCOCCOCCOCCOCCOCCOCCOCCOCCOCCOCCOCCOCCOCCOCCOCCOCCOCCOCCOCCOCCOC(=O)C(C=C)C(=O)OCCOCCOCCOCCOCCOCCOCCOCCOCCOCCOCCOCCOCCOCCOCCOCCOC(=O)C(C=C)(C)C,C=C(C)C(=C)OCC(COC(=O)C)(COC(=O)C)COC(=O)C,115.24829864501953,24.45108985900879,0.0,0.0
146,CC(C)(c2ccc(OCCOCCOCCOCC1CO1)cc2)c4ccc(OCCOCCOCCC3OCC3)cc4,NCCCN,"To achieve Tg of 100Â°C and Er of 40Mpa, consider this monomer combination:
Monomer 1: CC(C)(c2ccc(OCCOCCOCCOCC1CO1)cc2)c4ccc(OCCOCCOCCC3OCC3)cc4
Monomer 2: NCCCN",,,1.0,100.0,40.0,Generate a thermoset shape memory polymer with Tg = 100Â°C and Er = 40 MPa.,CC(C)(c2ccc(OCCOCCOCCOCC1CO1)cc2)c4ccc(OCCOCCOCCC3OCC3)cc4,NCCCN,76.38369750976562,15.032336235046387,0.0,0.0
147,CC(C)(c2ccc(OCC1CO1)cc2)c4ccc(OCC3CO3)cc4,CC(N)COCC(C)OCC(C)OCC(C)N,"Based on your requirements, I suggest the following monomers:
Monomer 1: CC(C)(c2ccc(OCC1CO1)cc2)c4ccc(OCC3CO3)cc4
Monomer 2: CC(N)COCC(C)OCC(C)OCC(C)N",,,1.0,100.0,40.0,Generate a thermoset shape memory polymer with Tg = 100Â°C and Er = 40 MPa.,CC(C)(c2ccc(OCC1CO1)cc2)c4ccc(OCC3CO3)cc4,CC(N)COCC(C)OCC(C)OCC(C)N,47.36640548706055,13.34851360321045,52.63359451293945,0.0
148,C=CC(=O)OC(C)(C)C,C=CCOCc2ccc(C=C)cc1OCC1=c2,"To achieve Tg of 100Â°C and Er of 40Mpa, consider this monomer combination:
Monomer 1: C=CC(=O)OC(C)(C)C
Monomer 2: C=CCOCc2ccc(C=C)cc1OCC1=c2",,,1.0,100.0,40.0,Generate a thermoset shape memory polymer with Tg = 100Â°C and Er = 40 MPa.,Not found,Not found,,,,
149,CC(C)(c2ccc(OCCOCCOCCC1CO1)cc2)c4ccc(OCCOCCC3CO3)cc4,CC(C)(C)N,"To achieve Tg of 100Â°C and Er of 40Mpa, consider this monomer combination:
Monomer 1: CC(C)(c2ccc(OCCOCCOCCC1CO1)cc2)c4ccc(OCCOCCC3CO3)cc4
Monomer 2: CC(C)(C)N",,,1.0,100.0,40.0,Generate a thermoset shape memory polymer with Tg = 100Â°C and Er = 40 MPa.,CC(C)(c2ccc(OCCOCCOCCC1CO1)cc2)c4ccc(OCCOCCC3CO3)cc4,CC(C)(C)N,159.3777618408203,42.24233627319336,59.37776184082031,0.0
150,CC(CC1)(CC2)OCS(=O)(=O)NCC3CC3N(CC4CC4)CC6CC6N(CC5CC5)CC1CC2,CCC(CC)(CC)OCC(CC)(COC(CC)(CC)OCC(OCC(C)COC(C)(C)OCC(C)OCC(C)OCC1(C)CO1)C(=O)NCC2(C)CC(OCC3(C)CC(C(=O)NCC4(C)CC(OCC5(C)CC(C(=O)NCC6(C)CC(OCC7(C)CC(C(=O)NCC8(C)CC(OCC9(C)CC(C(=O)NCC10(C)CC(OCC11(C)CC(C(=O)NCC12(C)CC(OCC13(C)CC(C(=O)NCC14(C)CC(OCC15(C)CC(C(=O)NCC16(C)CC(OCC17(C)CC(C(=O)NCC18(C)CC(OCC19(C)CC(C(=O)NCC20(C)CC(OCC21(C)CC(C(=O)NCC22(C)CC(OCC23(C)CC(C(=O)N,"Based on your requirements, I suggest the following monomers:
Monomer 1: CC(CC1)(CC2)OCS(=O)(=O)NCC3CC3N(CC4CC4)CC6CC6N(CC5CC5)CC1CC2
Monomer 2: CCC(CC)(CC)OCC(CC)(COC(CC)(CC)OCC(OCC(C)COC(C)(C)OCC(C)OCC(C)OCC1(C)CO1)C(=O)NCC2(C)CC(OCC3(C)CC(C(=O)NCC4(C)CC(OCC5(C)CC(C(=O)NCC6(C)CC(OCC7(C)CC(C(=O)NCC8(C)CC(OCC9(C)CC(C(=O)NCC10(C)CC(OCC11(C)CC(C(=O)NCC12(C)CC(OCC13(C)CC(C(=O)NCC14(C)CC(OCC15(C)CC(C(=O)NCC16(C)CC(OCC17(C)CC(C(=O)NCC18(C)CC(OCC19(C)CC(C(=O)NCC20(C)CC(OCC21(C)CC(C(=O)NCC22(C)CC(OCC23(C)CC(C(=O)N",,,1.0,100.0,40.0,Generate a thermoset shape memory polymer with Tg = 100Â°C and Er = 40 MPa.,Not found,Not found,,,,
151,CC(C)(c2ccc(OCC1CO1)cc2)c4ccc(OCC3CO3)cc4,CC(C)(C)N,"To achieve Tg â‰ˆ 150Â°C and Er â‰ˆ 30Mpa, consider this monomer combination:
Monomer 1: CC(C)(c2ccc(OCC1CO1)cc2)c4ccc(OCC3CO3)cc4
Monomer 2: CC(C)(C)N",,,0.3,150.0,30.0,Suggest a polymer system for Tg â‰ˆ 150Â°C and Er â‰ˆ 30 MPa.,CC(C)(c2ccc(OCC1CO1)cc2)c4ccc(OCC3CO3)cc4,CC(C)(C)N,163.88241577148438,45.075035095214844,0.0,0.0
152,CC(C)(c2ccc(OCC1CO1)cc2)c4ccc(OCC3CO3)cc4,NCCOCCOCCN,"To achieve Tg â‰ˆ 150Â°C and Er â‰ˆ 30Mpa, consider this monomer combination:
Monomer 1: CC(C)(c2ccc(OCC1CO1)cc2)c4ccc(OCC3CO3)cc4
Monomer 2: NCCOCCOCCN",,,0.3,150.0,30.0,Suggest a polymer system for Tg â‰ˆ 150Â°C and Er â‰ˆ 30 MPa.,CC(C)(c2ccc(OCC1CO1)cc2)c4ccc(OCC3CO3)cc4,NCCOCCOCCN,68.14073944091797,16.855539321899414,81.85926055908203,0.0
153,CC(C)(c2ccc(OCC1CO1)cc2)c4ccc(OCC3CO3)cc4,CC(C)(C)N,"To achieve Tg â‰ˆ 150Â°C and Er â‰ˆ 30Mpa, consider this monomer combination:
Monomer 1: CC(C)(c2ccc(OCC1CO1)cc2)c4ccc(OCC3CO3)cc4
Monomer 2: CC(C)(C)N",,,0.3,150.0,30.0,Suggest a polymer system for Tg â‰ˆ 150Â°C and Er â‰ˆ 30 MPa.,CC(C)(c2ccc(OCC1CO1)cc2)c4ccc(OCC3CO3)cc4,CC(C)(C)N,163.88241577148438,45.075035095214844,0.0,0.0
154,CC(C)(c2ccc(OCC1CO1)cc2)c4ccc(OCC3CO3)cc4,CC(N)COCC(C)OCC(C)OCC(C)N,"To achieve Tg â‰ˆ 150Â°C and Er â‰ˆ 30Mpa, consider this monomer combination:
Monomer 1: CC(C)(c2ccc(OCC1CO1)cc2)c4ccc(OCC3CO3)cc4
Monomer 2: CC(N)COCC(C)OCC(C)OCC(C)N",,,0.3,150.0,30.0,Suggest a polymer system for Tg â‰ˆ 150Â°C and Er â‰ˆ 30 MPa.,CC(C)(c2ccc(OCC1CO1)cc2)c4ccc(OCC3CO3)cc4,CC(N)COCC(C)OCC(C)OCC(C)N,47.36640548706055,13.34851360321045,102.63359451293945,0.0
155,CC(C)(c2ccc(OCC1CO1)cc2)c4ccc(OCC3CO3)cc4,CC(C)(C)N,"To achieve Tg â‰ˆ 150Â°C and Er â‰ˆ 30Mpa, consider this monomer combination:
Monomer 1: CC(C)(c2ccc(OCC1CO1)cc2)c4ccc(OCC3CO3)cc4
Monomer 2: CC(C)(C)N",,,0.3,150.0,30.0,Suggest a polymer system for Tg â‰ˆ 150Â°C and Er â‰ˆ 30 MPa.,CC(C)(c2ccc(OCC1CO1)cc2)c4ccc(OCC3CO3)cc4,CC(C)(C)N,163.88241577148438,45.075035095214844,0.0,0.0
156,CC(C)(c2ccc(OCC1CO1)cc2)c4ccc(OCC3CO3)cc4,CC(N)COCC(C)OCC(C)OCC(C)N,"Based on your requirements, I suggest the following monomers:
Monomer 1: CC(C)(c2ccc(OCC1CO1)cc2)c4ccc(OCC3CO3)cc4
Monomer 2: CC(N)COCC(C)OCC(C)OCC(C)N",,,0.5,150.0,30.0,Suggest a polymer system for Tg â‰ˆ 150Â°C and Er â‰ˆ 30 MPa.,CC(C)(c2ccc(OCC1CO1)cc2)c4ccc(OCC3CO3)cc4,CC(N)COCC(C)OCC(C)OCC(C)N,47.36640548706055,13.34851360321045,102.63359451293945,0.0
157,c3cc(N(CC1CO1)CC2CO2)ccc3,CC(N)COCC(CC)(CO)COCC(C)COCC(C)COCC(C)COCC(C)COCC(C)COCC(C)COCC(C)N,"To achieve Tg of 150Â°C and Er of 30Mpa, consider this combination:
Monomer 1: c3cc(N(CC1CO1)CC2CO2)ccc3
Monomer 2: CC(N)COCC(CC)(CO)COCC(C)COCC(C)COCC(C)COCC(C)COCC(C)COCC(C)COCC(C)N",,,0.5,150.0,30.0,Suggest a polymer system for Tg â‰ˆ 150Â°C and Er â‰ˆ 30 MPa.,c3cc(N(CC1CO1)CC2CO2)ccc3,CC(N)COCC(CC)(CO)COCC(C)COCC(C)COCC(C)COCC(C)COCC(C)COCC(C)COCC(C)N,74.67925262451172,27.932374954223633,75.32074737548828,0.0
158,CC(C)(c2ccc(OCC1CO1)cc2)c4ccc(OCC3CO3)cc4,CC(C)(C)N,"Based on your requirements, I suggest the following monomers:
Monomer 1: CC(C)(c2ccc(OCC1CO1)cc2)c4ccc(OCC3CO3)cc4
Monomer 2: CC(C)(C)N",,,0.5,150.0,30.0,Suggest a polymer system for Tg â‰ˆ 150Â°C and Er â‰ˆ 30 MPa.,CC(C)(c2ccc(OCC1CO1)cc2)c4ccc(OCC3CO3)cc4,CC(C)(C)N,163.88241577148438,45.075035095214844,0.0,0.0
159,CC(C)(c2ccc(OCC1CO1)cc2)c4ccc(OCC3CO3)cc4,CC(C)(C)N,"To achieve Tg â‰ˆ 150Â°C and Er â‰ˆ 30Mpa, consider this monomer combination:
Monomer 1: CC(C)(c2ccc(OCC1CO1)cc2)c4ccc(OCC3CO3)cc4
Monomer 2: CC(C)(C)N",,,0.5,150.0,30.0,Suggest a polymer system for Tg â‰ˆ 150Â°C and Er â‰ˆ 30 MPa.,CC(C)(c2ccc(OCC1CO1)cc2)c4ccc(OCC3CO3)cc4,CC(C)(C)N,163.88241577148438,45.075035095214844,0.0,0.0
160,CC(C)(c2ccc(OCC1CO1)cc2)c4ccc(OCC3CO3)cc4,CC(N)COCC(C)OCC(C)OCC(C)N,"Based on your requirements, I suggest the following monomers:
Monomer 1: CC(C)(c2ccc(OCC1CO1)cc2)c4ccc(OCC3CO3)cc4
Monomer 2: CC(N)COCC(C)OCC(C)OCC(C)N",,,0.5,150.0,30.0,Suggest a polymer system for Tg â‰ˆ 150Â°C and Er â‰ˆ 30 MPa.,CC(C)(c2ccc(OCC1CO1)cc2)c4ccc(OCC3CO3)cc4,CC(N)COCC(C)OCC(C)OCC(C)N,47.36640548706055,13.34851360321045,102.63359451293945,0.0
161,CC(C)(c2ccc(OCC1CO1)cc2)c4ccc(OCC3CO3)cc4,CCC(COCC(C)COCC(C)N)(COCC(C)OCC(C)N)COCC(C)OCC(C)N,"Based on your requirements, I suggest the following monomers:
Monomer 1: CC(C)(c2ccc(OCC1CO1)cc2)c4ccc(OCC3CO3)cc4
Monomer 2: CCC(COCC(C)COCC(C)N)(COCC(C)OCC(C)N)COCC(C)OCC(C)N",,,0.7,150.0,30.0,Suggest a polymer system for Tg â‰ˆ 150Â°C and Er â‰ˆ 30 MPa.,CC(C)(c2ccc(OCC1CO1)cc2)c4ccc(OCC3CO3)cc4,CCC(COCC(C)COCC(C)N)(COCC(C)OCC(C)N)COCC(C)OCC(C)N,60.7008171081543,21.732643127441406,89.2991828918457,0.0
162,CC(C)(c2ccc(OCC1CO1)cc2)c4ccc(OCC3CO3)cc4,CC(N)COCC(C)OCC(C)OCC(C)N,"To achieve Tg of 150Â°C and Er of 30Mpa, consider this monomer combination:
Monomer 1: CC(C)(c2ccc(OCC1CO1)cc2)c4ccc(OCC3CO3)cc4
Monomer 2: CC(N)COCC(C)OCC(C)OCC(C)N",,,0.7,150.0,30.0,Suggest a polymer system for Tg â‰ˆ 150Â°C and Er â‰ˆ 30 MPa.,CC(C)(c2ccc(OCC1CO1)cc2)c4ccc(OCC3CO3)cc4,CC(N)COCC(C)OCC(C)OCC(C)N,47.36640548706055,13.34851360321045,102.63359451293945,0.0
163,CC(C)(c2ccc(OCC1CO1)cc2)c4ccc(OCC3CO3)cc4,CC(N)COCC(C)OCC(C)OCC(C)N,"To achieve Tg â‰ˆ 150Â°C and Er â‰ˆ 30Mpa, consider this monomer combination:
Monomer 1: CC(C)(c2ccc(OCC1CO1)cc2)c4ccc(OCC3CO3)cc4
Monomer 2: CC(N)COCC(C)OCC(C)OCC(C)N",,,0.7,150.0,30.0,Suggest a polymer system for Tg â‰ˆ 150Â°C and Er â‰ˆ 30 MPa.,CC(C)(c2ccc(OCC1CO1)cc2)c4ccc(OCC3CO3)cc4,CC(N)COCC(C)OCC(C)OCC(C)N,47.36640548706055,13.34851360321045,102.63359451293945,0.0
164,CC(C)(c2ccc(OCC1CO1)cc2)c4ccc(OCC3CO3)cc4,CCCCCCCCCN,"To achieve Tg â‰ˆ 150Â°C and Er â‰ˆ 30Mpa, consider this monomer combination:
Monomer 1: CC(C)(c2ccc(OCC1CO1)cc2)c4ccc(OCC3CO3)cc4
Monomer 2: CCCCCCCCCN",,,0.7,150.0,30.0,Suggest a polymer system for Tg â‰ˆ 150Â°C and Er â‰ˆ 30 MPa.,CC(C)(c2ccc(OCC1CO1)cc2)c4ccc(OCC3CO3)cc4,CCCCCCCCCN,71.74944305419922,13.854004859924316,78.25055694580078,0.0
165,CC(C)(c2ccc(OCC1CO1)cc2)c4ccc(OCC3CO3)cc4,CC(N)COCC(C)OCC(C)OCC(C)N,"To achieve Tg â‰ˆ 150Â°C and Er â‰ˆ 30Mpa, consider this monomer combination:
Monomer 1: CC(C)(c2ccc(OCC1CO1)cc2)c4ccc(OCC3CO3)cc4
Monomer 2: CC(N)COCC(C)OCC(C)OCC(C)N",,,0.7,150.0,30.0,Suggest a polymer system for Tg â‰ˆ 150Â°C and Er â‰ˆ 30 MPa.,CC(C)(c2ccc(OCC1CO1)cc2)c4ccc(OCC3CO3)cc4,CC(N)COCC(C)OCC(C)OCC(C)N,47.36640548706055,13.34851360321045,102.63359451293945,0.0
166,c3cc(N(CC1CO1)CC2CO2)ccc3N(CC4CO4)CC5CO5,CC1(C)CC(N)CC(C)(CN)C1(C)CC(C)(CN)C(CC(C)N)(CC(C)N)CC(C)N,"To achieve Tg of 150Â°C and Er of 30Mpa, consider this monomer combination:
Monomer 1: c3cc(N(CC1CO1)CC2CO2)ccc3N(CC4CO4)CC5CO5
Monomer 2: CC1(C)CC(N)CC(C)(CN)C1(C)CC(C)(CN)C(CC(C)N)(CC(C)N)CC(C)N",,,0.9,150.0,30.0,Suggest a polymer system for Tg â‰ˆ 150Â°C and Er â‰ˆ 30 MPa.,c3cc(N(CC1CO1)CC2CO2)ccc3N(CC4CO4)CC5CO5,CC1(C)CC(N)CC(C)(CN)C1(C)CC(C)(CN)C(CC(C)N)(CC(C)N)CC(C)N,138.05250549316406,33.28081512451172,0.0,0.0
167,CC(C)(c2ccc(OCC1CO1)cc2)c4ccc(OCC3CO3)cc4,CC(C)(C)N,"Sure! Here's a monomer pair that matches your requirements:
Monomer 1: CC(C)(c2ccc(OCC1CO1)cc2)c4ccc(OCC3CO3)cc4
Monomer 2: CC(C)(C)N",,,0.9,150.0,30.0,Suggest a polymer system for Tg â‰ˆ 150Â°C and Er â‰ˆ 30 MPa.,CC(C)(c2ccc(OCC1CO1)cc2)c4ccc(OCC3CO3)cc4,CC(C)(C)N,163.88241577148438,45.075035095214844,0.0,0.0
168,CC(COc3ccc(C(C)(C)c2ccc(OCC(C)OCC1CO1)cc2)cc3)OCC4CO4,Nc2ccc(Cc1=CN(CC1)CC2=CN(CC2)CC3=CN(CC3)CC4=CN(CC4)CC(=C)Cc5ccc(Nc6ccc(Cc7=CN(CC7)CC8=CN(CC8)CC9=CN(CC9)CC(=C)Cc10ccc(Nc11ccc(Cc12=CN(CC12)CC13=CN(CC13)CC14=CN(CC14)CC(=C)Cc15ccc(Nc16ccc(Cc17=CN(CC17)CC18=CN(CC18)CC19=CN(CC19)CC(=C)Cc20ccc(Nc21ccc(Cc22=CN(CC22)CC23=CN(CC23)CC24=CN(CC24)CC(=C)Cc25ccc(Nc26ccc(Cc27=CN(CC27)CC28=CN(CC28)CC29=CN(CC29)CC(=C)Cc30ccc(Nc31ccc(Cc32=CN(CC32)CC33=CN(CC33)CC34=CN(CC),"Here is a TSMP designed for Tg â‰ˆ 150Â°C and Er â‰ˆ 30Mpa:
Monomer 1: CC(COc3ccc(C(C)(C)c2ccc(OCC(C)OCC1CO1)cc2)cc3)OCC4CO4
Monomer 2: Nc2ccc(Cc1=CN(CC1)CC2=CN(CC2)CC3=CN(CC3)CC4=CN(CC4)CC(=C)Cc5ccc(Nc6ccc(Cc7=CN(CC7)CC8=CN(CC8)CC9=CN(CC9)CC(=C)Cc10ccc(Nc11ccc(Cc12=CN(CC12)CC13=CN(CC13)CC14=CN(CC14)CC(=C)Cc15ccc(Nc16ccc(Cc17=CN(CC17)CC18=CN(CC18)CC19=CN(CC19)CC(=C)Cc20ccc(Nc21ccc(Cc22=CN(CC22)CC23=CN(CC23)CC24=CN(CC24)CC(=C)Cc25ccc(Nc26ccc(Cc27=CN(CC27)CC28=CN(CC28)CC29=CN(CC29)CC(=C)Cc30ccc(Nc31ccc(Cc32=CN(CC32)CC33=CN(CC33)CC34=CN(CC",,,0.9,150.0,30.0,Suggest a polymer system for Tg â‰ˆ 150Â°C and Er â‰ˆ 30 MPa.,Not found,Not found,,,,
169,O=C(OCC1CO1)C3CC2OC2CC3OCC4CO4,CC(N)COCC(C)OCC(C)OCC(C)OCC(C)OCC(C)OCC(C)N,"To achieve Tg of 150Â°C and Er of 30Mpa, consider this monomer combination:
Monomer 1: O=C(OCC1CO1)C3CC2OC2CC3OCC4CO4
Monomer 2: CC(N)COCC(C)OCC(C)OCC(C)OCC(C)OCC(C)OCC(C)N",,,0.9,150.0,30.0,Suggest a polymer system for Tg â‰ˆ 150Â°C and Er â‰ˆ 30 MPa.,O=C(OCC1CO1)C3CC2OC2CC3OCC4CO4,CC(N)COCC(C)OCC(C)OCC(C)OCC(C)OCC(C)OCC(C)N,73.27100372314453,23.93741798400879,76.72899627685547,0.0
170,O=C(OCC1CO1)C3CC2OC2CC3OCC4CO4,CC(C)(CNC(=O)OCC(CC)OCC(CC)OCC5CO5)NC(=O)OCC(CC)OCC(CC)OCC(C)OCC(C)OCC(C)OCC(C)OCC(CC)OCC(CC)OCC(CC)OCC(CC)OCC(CC)N,"To achieve Tg of 150Â°C and Er of 30Mpa, consider this monomer combination:
Monomer 1: O=C(OCC1CO1)C3CC2OC2CC3OCC4CO4
Monomer 2: CC(C)(CNC(=O)OCC(CC)OCC(CC)OCC5CO5)NC(=O)OCC(CC)OCC(CC)OCC(C)OCC(C)OCC(C)OCC(C)OCC(CC)OCC(CC)OCC(CC)OCC(CC)OCC(CC)N",,,0.9,150.0,30.0,Suggest a polymer system for Tg â‰ˆ 150Â°C and Er â‰ˆ 30 MPa.,O=C(OCC1CO1)C3CC2OC2CC3OCC4CO4,CC(C)(CNC(=O)OCC(CC)OCC(CC)OCC5CO5)NC(=O)OCC(CC)OCC(CC)OCC(C)OCC(C)OCC(C)OCC(C)OCC(CC)OCC(CC)OCC(CC)OCC(CC)OCC(CC)N,124.02436828613281,29.407793045043945,0.0,0.0
171,Cc2cc(OCC1CO1)cc(C)c2Cc4cc(OCC3CO3)cc(C)c4,CCC(COCC(C)OCC(C)OCC(C)OCC(C)OCC(C)OCC(C)OCC(C)N)N,"To achieve Tg of 150Â°C and Er of 30Mpa, consider this monomer combination:
Monomer 1: Cc2cc(OCC1CO1)cc(C)c2Cc4cc(OCC3CO3)cc(C)c4
Monomer 2: CCC(COCC(C)OCC(C)OCC(C)OCC(C)OCC(C)OCC(C)OCC(C)N)N",,,1.0,150.0,30.0,Suggest a polymer system for Tg â‰ˆ 150Â°C and Er â‰ˆ 30 MPa.,Cc2cc(OCC1CO1)cc(C)c2Cc4cc(OCC3CO3)cc(C)c4,CCC(COCC(C)OCC(C)OCC(C)OCC(C)OCC(C)OCC(C)OCC(C)N)N,92.26948547363281,29.78005599975586,57.73051452636719,0.0
172,CC(C)(C)N,CCCCc1cccc(C(=O)OCCCC)(c1=O),"To achieve Tg of 150Â°C and Er of 30Mpa, consider this monomer combination:
Monomer 1: CC(C)(C)N
Monomer 2: CCCCc1cccc(C(=O)OCCCC)(c1=O)",,,1.0,150.0,30.0,Suggest a polymer system for Tg â‰ˆ 150Â°C and Er â‰ˆ 30 MPa.,CC(C)(C)N,CCCCOC(O)c1cccc(CCCC)c1O,124.04676818847656,30.835399627685547,0.0,0.0
173,CC(C)(c2ccc(OCC1CO1)cc2)c4ccc(OCC3CO3)cc4,CCOCCOCCOCCOCCOCCOCCOCCOCCOCCOCCOCCOCCOCCN,"Based on your requirements, I suggest the following monomers:
Monomer 1: CC(C)(c2ccc(OCC1CO1)cc2)c4ccc(OCC3CO3)cc4
Monomer 2: CCOCCOCCOCCOCCOCCOCCOCCOCCOCCOCCOCCOCCOCCN",,,1.0,150.0,30.0,Suggest a polymer system for Tg â‰ˆ 150Â°C and Er â‰ˆ 30 MPa.,CC(C)(c2ccc(OCC1CO1)cc2)c4ccc(OCC3CO3)cc4,CCOCCOCCOCCOCCOCCOCCOCCOCCOCCOCCOCCOCCOCCN,136.5148468017578,40.68879699707031,0.0,0.0
174,CC(C)(c2ccc(OCCOCC1CO1)cc2)c4ccc(OCCOCC3CO3)cc4,CC(N)COCC(CC)(CO)COC(CC)(COC(=O)CC)(COC(=O)CC)COC(=O)CC,"To achieve Tg of 150Â°C and Er of 30Mpa , consider this monomer combination:
Monomer 1: CC(C)(c2ccc(OCCOCC1CO1)cc2)c4ccc(OCCOCC3CO3)cc4
Monomer 2: CC(N)COCC(CC)(CO)COC(CC)(COC(=O)CC)(COC(=O)CC)COC(=O)CC",,,1.0,150.0,30.0,Suggest a polymer system for Tg â‰ˆ 150Â°C and Er â‰ˆ 30 MPa.,Not found,Not found,,,,
175,c2ccc1c(=O)c3cc(CC1=c2)c(=O)n3Cc4ccc(N(CCc3=O)CCc2=O)cc4,NCc1ccc(Cc2ccc(Nc3cccc(Cc4ccc(Nc5cccc(Cc1)cc5)cc4)cc3)cc2)cc6,"To achieve Tg of 150Â°C and Er of 30Mpa, consider this monomer combination:
Monomer 1: c2ccc1c(=O)c3cc(CC1=c2)c(=O)n3Cc4ccc(N(CCc3=O)CCc2=O)cc4
Monomer 2: NCc1ccc(Cc2ccc(Nc3cccc(Cc4ccc(Nc5cccc(Cc1)cc5)cc4)cc3)cc2)cc6",,,1.0,150.0,30.0,Suggest a polymer system for Tg â‰ˆ 150Â°C and Er â‰ˆ 30 MPa.,Not found,Not found,,,,
176,CC(C)(c2ccc(OCC1CO1)cc2)c4ccc(OCC3CO3)cc4,CC(N)COCC(C)OCC(C)OCC(C)N,"Based on your requirements, I suggest the following monomers:
Monomer 1: CC(C)(c2ccc(OCC1CO1)cc2)c4ccc(OCC3CO3)cc4
Monomer 2: CC(N)COCC(C)OCC(C)OCC(C)N",,,0.3,200.0,27.0,Generate a thermoset shape memory polymer with Tg = 200Â°C and Er = 27 MPa.,CC(C)(c2ccc(OCC1CO1)cc2)c4ccc(OCC3CO3)cc4,CC(N)COCC(C)OCC(C)OCC(C)N,47.36640548706055,13.34851360321045,152.63359451293945,0.0
177,CC(C)(c2ccc(OCC1CO1)cc2)c4ccc(OCC3CO3)cc4,CC(N)COCC(C)OCC(C)OCC(C)N,"To achieve Tg of 200Â°C and Er of 27Mpa, I suggest this monomer combination:
Monomer 1: CC(C)(c2ccc(OCC1CO1)cc2)c4ccc(OCC3CO3)cc4
Monomer 2: CC(N)COCC(C)OCC(C)OCC(C)N",,,0.3,200.0,27.0,Generate a thermoset shape memory polymer with Tg = 200Â°C and Er = 27 MPa.,CC(C)(c2ccc(OCC1CO1)cc2)c4ccc(OCC3CO3)cc4,CC(N)COCC(C)OCC(C)OCC(C)N,47.36640548706055,13.34851360321045,152.63359451293945,0.0
178,CC(C)(c2ccc(OCCOCC1CO1)cc2)c4ccc(OCCOCC3CO3)cc4,CC1(C)CC(N)CC(C)(CN)C1(C)C,"To achieve Tg of 200Â°C and Er of 27Mpa, I suggest this monomer combination:
Monomer 1: CC(C)(c2ccc(OCCOCC1CO1)cc2)c4ccc(OCCOCC3CO3)cc4
Monomer 2: CC1(C)CC(N)CC(C)(CN)C1(C)C",,,0.3,200.0,27.0,Generate a thermoset shape memory polymer with Tg = 200Â°C and Er = 27 MPa.,CC(C)(c2ccc(OCCOCC1CO1)cc2)c4ccc(OCCOCC3CO3)cc4,CC1(C)CC(N)CC(C)(CN)C1(C)C,99.52303314208984,21.129945755004883,100.47696685791016,0.0
179,CC(C)(c2ccc(OCCOCC1CO1)cc2)c4ccc(OCCOCC3CO3)cc4,Nc1cccc(S(=O)(=O)c2cccc(N)c2)c1,"To achieve Tg of 200Â°C and Er of 27Mpa, I suggest this monomer combination:
Monomer 1: CC(C)(c2ccc(OCCOCC1CO1)cc2)c4ccc(OCCOCC3CO3)cc4
Monomer 2: Nc1cccc(S(=O)(=O)c2cccc(N)c2)c1",,,0.3,200.0,27.0,Generate a thermoset shape memory polymer with Tg = 200Â°C and Er = 27 MPa.,CC(C)(c2ccc(OCCOCC1CO1)cc2)c4ccc(OCCOCC3CO3)cc4,Nc1cccc(S(=O)(=O)c2cccc(N)c2)c1,189.11036682128906,34.862403869628906,0.0,0.0
180,C=C(C)C(=C)OCOCCOC(=O)C(=C)C,C=C(C)C(=O)OCCOCCOCCOCCOCCOCCOCCOCCOCCOCCOCCOCCOCCOCCOCCOCCOCCOCCOCCOCCOCCOCCOCCOCCOCCOCCOCCOCCOCCOCCOCCOCCOCCOCCOCCOCCOCCOCCOCCOCCOCCOCCOCCOCCOCCOCCOCCOCCOCCOCCOCCOCCOCCOCCOCCOCCOCCOCCOCCOCCOCCOCCOCCOCCOCCOCCOCCOCCOCCOCCOCCOCCOCCOCCOCCOCCOCCOCCOCCOCCOCCOCCOCCOCCOCCOCCOCCOCCOCCOCCOCCOCCOCCOCCOCCOCCOCCOCCOCCOCCOCCOCCOCCOCCOCCOCCOCCOCCOCCOCCOCCOCCOCCOCCOCCOCCOCCOCCOCCOCCOCCOCCO,"Based on your requirements, I suggest the following monomers:
Monomer 1: C=C(C)C(=C)OCOCCOC(=O)C(=C)C
Monomer 2: C=C(C)C(=O)OCCOCCOCCOCCOCCOCCOCCOCCOCCOCCOCCOCCOCCOCCOCCOCCOCCOCCOCCOCCOCCOCCOCCOCCOCCOCCOCCOCCOCCOCCOCCOCCOCCOCCOCCOCCOCCOCCOCCOCCOCCOCCOCCOCCOCCOCCOCCOCCOCCOCCOCCOCCOCCOCCOCCOCCOCCOCCOCCOCCOCCOCCOCCOCCOCCOCCOCCOCCOCCOCCOCCOCCOCCOCCOCCOCCOCCOCCOCCOCCOCCOCCOCCOCCOCCOCCOCCOCCOCCOCCOCCOCCOCCOCCOCCOCCOCCOCCOCCOCCOCCOCCOCCOCCOCCOCCOCCOCCOCCOCCOCCOCCOCCOCCOCCOCCOCCOCCOCCOCCOCCOCCO",,,0.3,200.0,27.0,Generate a thermoset shape memory polymer with Tg = 200Â°C and Er = 27 MPa.,C=C(C)C(=C)OCOCCOC(=O)C(=C)C,C=C(C)C(=O)OCCOCCOCCOCCOCCOCCOCCOCCOCCOCCOCCOCCOCCOCCOCCOCCOCCOCCOCCOCCOCCOCCOCCOCCOCCOCCOCCOCCOCCOCCOCCOCCOCCOCCOCCOCCOCCOCCOCCOCCOCCOCCOCCOCCOCCOCCOCCOCCOCCOCCOCCOCCOCCOCCOCCOCCOCCOCCOCCOCCOCCOCCOCCOCCOCCOCCOCCOCCOCCOCCOCCOCCOCCOCCOCCOCCOCCOCCOCCOCCOCCOCCOCCOCCOCCOCCOCCOCCOCCOCCOCCOCCOCCOCCOCCOCCOCCOCCOCCOCCOCCOCCOCCOCCOCCOCCOCCOCCOCCOCCOCCOCCOCCOCCOCCOCCOCCOCCOCCOCCOCCOCCO,586.349365234375,138.79843139648438,386.349365234375,111.79843139648438
181,CC(C)(c2ccc(OCC1CO1)cc2)c4ccc(OCC3CO3)cc4,CC(C)(C)N,"To achieve Tg of 200Â°C and Er of 27Mpa, consider this monomer combination:
Monomer 1: CC(C)(c2ccc(OCC1CO1)cc2)c4ccc(OCC3CO3)cc4
Monomer 2: CC(C)(C)N",,,0.5,200.0,27.0,Generate a thermoset shape memory polymer with Tg = 200Â°C and Er = 27 MPa.,CC(C)(c2ccc(OCC1CO1)cc2)c4ccc(OCC3CO3)cc4,CC(C)(C)N,163.88241577148438,45.075035095214844,36.117584228515625,0.0
182,CC(C)(c2ccc(OCC1CO1)cc2)c4ccc(OCC3CO3)cc4,CC(N)COCC(C)OCC(C)OCC(C)N,"To achieve Tg of 200Â°C and Er of 27Mpa, consider this monomer combination:
Monomer 1: CC(C)(c2ccc(OCC1CO1)cc2)c4ccc(OCC3CO3)cc4
Monomer 2: CC(N)COCC(C)OCC(C)OCC(C)N",,,0.5,200.0,27.0,Generate a thermoset shape memory polymer with Tg = 200Â°C and Er = 27 MPa.,CC(C)(c2ccc(OCC1CO1)cc2)c4ccc(OCC3CO3)cc4,CC(N)COCC(C)OCC(C)OCC(C)N,47.36640548706055,13.34851360321045,152.63359451293945,0.0
183,CC(C)(c2ccc(OCC1CO1)cc2)c4ccc(OCC3CO3)cc4,CC(N)COCC(C)OCC(C)OCC(C)N,"To achieve Tg of 200Â°C and Er of 27Mpa, consider this monomer combination:
Monomer 1: CC(C)(c2ccc(OCC1CO1)cc2)c4ccc(OCC3CO3)cc4
Monomer 2: CC(N)COCC(C)OCC(C)OCC(C)N",,,0.5,200.0,27.0,Generate a thermoset shape memory polymer with Tg = 200Â°C and Er = 27 MPa.,CC(C)(c2ccc(OCC1CO1)cc2)c4ccc(OCC3CO3)cc4,CC(N)COCC(C)OCC(C)OCC(C)N,47.36640548706055,13.34851360321045,152.63359451293945,0.0
184,CC(C)(c2ccc(OCC1CO1)cc2)c4ccc(OCC3CO3)cc4,CC(N)COCC(C)OCC(C)OCC(C)OCC(C)OCC(C)OCC(C)OCC(C)N,"To achieve Tg of 200Â°C and Er of 27Mpa, consider this monomer combination:
Monomer 1: CC(C)(c2ccc(OCC1CO1)cc2)c4ccc(OCC3CO3)cc4
Monomer 2: CC(N)COCC(C)OCC(C)OCC(C)OCC(C)OCC(C)OCC(C)OCC(C)N",,,0.5,200.0,27.0,Generate a thermoset shape memory polymer with Tg = 200Â°C and Er = 27 MPa.,CC(C)(c2ccc(OCC1CO1)cc2)c4ccc(OCC3CO3)cc4,CC(N)COCC(C)OCC(C)OCC(C)OCC(C)OCC(C)OCC(C)OCC(C)N,51.76215744018555,14.443411827087402,148.23784255981445,0.0
185,CC(C)(c2ccc(OCC1CO1)cc2)c4ccc(OCC3CO3)cc4,CC(N)COCC(C)OCC(C)OCC(C)N,"Here is a TSMP designed for Tg â‰ˆ 200Â°C and Er â‰ˆ 27Mpa:
Monomer 1: CC(C)(c2ccc(OCC1CO1)cc2)c4ccc(OCC3CO3)cc4
Monomer 2: CC(N)COCC(C)OCC(C)OCC(C)N",,,0.5,200.0,27.0,Generate a thermoset shape memory polymer with Tg = 200Â°C and Er = 27 MPa.,CC(C)(c2ccc(OCC1CO1)cc2)c4ccc(OCC3CO3)cc4,CC(N)COCC(C)OCC(C)OCC(C)N,47.36640548706055,13.34851360321045,152.63359451293945,0.0
186,c3cc(N(CC1CO1)CC2CO2)ccc3N(CC4CO4)CC5CO5,NCCOCCOCCN,"To achieve Tg of 200Â°C and Er of 27Mpa, consider this monomer combination:
Monomer 1: c3cc(N(CC1CO1)CC2CO2)ccc3N(CC4CO4)CC5CO5
Monomer 2: NCCOCCOCCN",,,0.7,200.0,27.0,Generate a thermoset shape memory polymer with Tg = 200Â°C and Er = 27 MPa.,c3cc(N(CC1CO1)CC2CO2)ccc3N(CC4CO4)CC5CO5,NCCOCCOCCN,92.45894622802734,30.868650436401367,107.54105377197266,0.0
187,CC(C)(c2ccc(OCC1CO1)cc2)c4ccc(OCC3CO3)cc4,Nc1ccc(Cc2cccc(Nc2)c1)cc3cccc(Nc3Cc6cccc(Nc5CCCC5)cc6)N,"To achieve Tg of 200Â°C and Er of 27Mpa, I suggest this monomer combination:
Monomer 1: CC(C)(c2ccc(OCC1CO1)cc2)c4ccc(OCC3CO3)cc4
Monomer 2: Nc1ccc(Cc2cccc(Nc2)c1)cc3cccc(Nc3Cc6cccc(Nc5CCCC5)cc6)N",,,0.7,200.0,27.0,Generate a thermoset shape memory polymer with Tg = 200Â°C and Er = 27 MPa.,Not found,Not found,,,,
188,C=C(C)C(=C)OCOCCOC(=O)C(=C)C,C=C(C)C(=C)OCCn1c(=O)n(CCOC(=O)C=C)c(=O)n(CCOC(=O)C=C)c1=O,"Based on your requirements, I suggest the following monomers:
Monomer 1: C=C(C)C(=C)OCOCCOC(=O)C(=C)C
Monomer 2: C=C(C)C(=C)OCCn1c(=O)n(CCOC(=O)C=C)c(=O)n(CCOC(=O)C=C)c1=O",,,0.7,200.0,27.0,Generate a thermoset shape memory polymer with Tg = 200Â°C and Er = 27 MPa.,C=C(C)C(=C)OCOCCOC(=O)C(=C)C,C=C(C)C(=C)OCCn1c(=O)n(CCOC(=O)C=C)c(=O)n(CCOC(=O)C=C)c1=O,205.7886199951172,183.53187561035156,0.0,156.53187561035156
189,CC(C)(c2ccc(OCCOCC1CO1)cc2)c4ccc(OCCOCCC3CO3)cc4,NCc1cccc(CN)c1,"Based on your requirements, I propose the following monomers:
Monomer 1: CC(C)(c2ccc(OCCOCC1CO1)cc2)c4ccc(OCCOCCC3CO3)cc4
Monomer 2: NCc1cccc(CN)c1",,,0.7,200.0,27.0,Generate a thermoset shape memory polymer with Tg = 200Â°C and Er = 27 MPa.,CC(C)(c2ccc(OCCOCC1CO1)cc2)c4ccc(OCCOCCC3CO3)cc4,NCc1cccc(CN)c1,91.2381820678711,24.33998680114746,108.7618179321289,0.0
190,CC(C)(c2ccc(OCCOCCOCCOC1CO1)cc2)c4ccc(OCCOCCOCCOCCOCCOCCOCCOCCOCCOCCOCCOCCOCCOCCOCCOCCOCCOCCOCCOCCOCCOCCOCCOCCOCCOCCOCCOCCOCCOCCOCCOCCOCCOCCOCCOCCOCCOCCC(c3ccc(OCCOCCOCCOCC(O)CC1CO1)CC3)CC4,NCCOCCOCCOCCOCCN,"Based on your requirements, I suggest the following monomers:
Monomer 1: CC(C)(c2ccc(OCCOCCOCCOC1CO1)cc2)c4ccc(OCCOCCOCCOCCOCCOCCOCCOCCOCCOCCOCCOCCOCCOCCOCCOCCOCCOCCOCCOCCOCCOCCOCCOCCOCCOCCOCCOCCOCCOCCOCCOCCOCCOCCOCCOCCOCCOCCC(c3ccc(OCCOCCOCCOCC(O)CC1CO1)CC3)CC4
Monomer 2: NCCOCCOCCOCCOCCN",,,0.7,200.0,27.0,Generate a thermoset shape memory polymer with Tg = 200Â°C and Er = 27 MPa.,CC(C)(C1=CC=COCCOCCOCCOCCOCCOCCOCCOCCOCCOCCOCCOCCOCCOCCOCCOCCOCCOCCOCCOCCOCCOCCOCCOCCOCCOCCOCCOCCOCCOCCOCCOCCOCCOCCOCCOCCOCCOCCC(C2=CC=C(OCCOCCOCCOCC(O)CC3CO3)CC2)CC1)c1ccc(OCCOCCOCCOC2CO2)cc1,NCCOCCOCCOCCOCCN,99.84601593017578,29.64568519592285,100.15398406982422,0.0
191,CC(C)(c2ccc(OCCOCCOCCOCCOCCOCCOCCOCC1)cc2)c4ccc(OCCOCCOCCOCC3)cc4,O=c1n(CCS)c(Nc2ccc(S(=O)(=O)c6ccc(C(=O)OCC(C)C(C)C(=O)OCC(C)C(=O)OCC(C)C(=O)OCC(C)C(=O)OCC(C)C(=O)N(c5ccc(S(=O)(=O)OCC(C)C(=O)OCC(C)C(=O)OCC(C)C(=O)OCC(C)C(=O)N(CCS)CCS)c5)cc4)c2c1OCC(C)(C)OCC(C)(C)OCC(C)(C)OCC(C)(C)OCC(C)(C)N(CCS)CCS,"To achieve Tg of 200Â°C and Er of 27MPa, consider this monomer combination:
Monomer 1: CC(C)(c2ccc(OCCOCCOCCOCCOCCOCCOCCOCC1)cc2)c4ccc(OCCOCCOCCOCC3)cc4
Monomer 2: O=c1n(CCS)c(Nc2ccc(S(=O)(=O)c6ccc(C(=O)OCC(C)C(C)C(=O)OCC(C)C(=O)OCC(C)C(=O)OCC(C)C(=O)OCC(C)C(=O)N(c5ccc(S(=O)(=O)OCC(C)C(=O)OCC(C)C(=O)OCC(C)C(=O)OCC(C)C(=O)N(CCS)CCS)c5)cc4)c2c1OCC(C)(C)OCC(C)(C)OCC(C)(C)OCC(C)(C)OCC(C)(C)N(CCS)CCS",,,0.9,200.0,27.0,Generate a thermoset shape memory polymer with Tg = 200Â°C and Er = 27 MPa.,Not found,Not found,,,,
192,CC(C)(c2cccc(OCC1CO1)c2)c4ccc(OCC3CO3)c(=O)c6ccc(OCC4CO4)c(=O)c3ccc(OCC2CO2)c(=O)c6c,Nc1ccc(Cc1)CC(N)COC(CC(N)C)CC(N)COc2ccc(CC(N)COc3ccc(N)cc3)cc2,"To achieve Tg of 200Â°C and Er of 27Mpa, consider this monomer combination:
Monomer 1: CC(C)(c2cccc(OCC1CO1)c2)c4ccc(OCC3CO3)c(=O)c6ccc(OCC4CO4)c(=O)c3ccc(OCC2CO2)c(=O)c6c
Monomer 2: Nc1ccc(Cc1)CC(N)COC(CC(N)C)CC(N)COc2ccc(CC(N)COc3ccc(N)cc3)cc2",,,0.9,200.0,27.0,Generate a thermoset shape memory polymer with Tg = 200Â°C and Er = 27 MPa.,Not found,Not found,,,,
193,CC(C)(c2ccc(OCC1CO1)cc2)c4ccc(OCC3CO3)cc4,CC(N)COCC(C)OCC(C)OCC(C)OCC(C)OCC(C)N,"Based on your requirements, I suggest the following monomers:
Monomer 1: CC(C)(c2ccc(OCC1CO1)cc2)c4ccc(OCC3CO3)cc4
Monomer 2: CC(N)COCC(C)OCC(C)OCC(C)OCC(C)OCC(C)N",,,0.9,200.0,27.0,Generate a thermoset shape memory polymer with Tg = 200Â°C and Er = 27 MPa.,CC(C)(c2ccc(OCC1CO1)cc2)c4ccc(OCC3CO3)cc4,CC(N)COCC(C)OCC(C)OCC(C)OCC(C)OCC(C)N,49.39400100708008,13.769707679748535,150.60599899291992,0.0
194,CCCCCCCCC1OC1CCCCCCCC(=O)OCC(COC(=O)CCCCCCCC2OC2CC3OC3CC4OC4CC(=O)OCC(C(=O)OCC(COC(=O)CCCCCC4OC4CC3OC3CC2OC2CC(=O)OCC(C(=O)OCC,C(=O)OCC(COC(=O)CCCCCC2OC2CC1OC1CC(=O)OCC(C(=O)OCC(C(=O)OCC(COC(=O)CCCCCC6OC6CC5OC5CC(=O)OCC(C(=O)OCC(C(=O)OCC(COC(=O)CCCCCC10OC10CC9OC9CC(=O)OCC(C(=O)OCC(C(=O)OCC(COC(=O)CCCCCC14OC14CC13OC13CC(=O)OCC(C(=O)OCC(C(=O)OCC(COC(=O)CCCCCC18OC18CC17OC17CC(=O)OCC(C(=O)OCC(C(=O)OCC(COC(=O)CCCC,"To achieve Tg of 200Â°C and Er of 27Mpa, consider this monomer combination:
Monomer 1: CCCCCCCCC1OC1CCCCCCCC(=O)OCC(COC(=O)CCCCCCCC2OC2CC3OC3CC4OC4CC(=O)OCC(C(=O)OCC(COC(=O)CCCCCC4OC4CC3OC3CC2OC2CC(=O)OCC(C(=O)OCC(C(=O)OCC(COC(=O)CCCCCC2OC2CC1OC1CC(=O)OCC(C(=O)OCC(C(=O)OCC(COC(=O)CCCCCC6OC6CC5OC5CC(=O)OCC(C(=O)OCC(C(=O)OCC(COC(=O)CCCCCC10OC10CC9OC9CC(=O)OCC(C(=O)OCC(C(=O)OCC(COC(=O)CCCCCC14OC14CC13OC13CC(=O)OCC(C(=O)OCC(C(=O)OCC(COC(=O)CCCCCC18OC18CC17OC17CC(=O)OCC(C(=O)OCC(C(=O)OCC(COC(=O)CCCC",,,0.9,200.0,27.0,Generate a thermoset shape memory polymer with Tg = 200Â°C and Er = 27 MPa.,Not found,Not found,,,,
195,CC(C)(c2ccc(OCC1CO1)cc2)c4ccc(OCC3CO3)cc4,CC(C)(C)N,"Here is a TSMP designed for Tg â‰ˆ 200Â°C and Er â‰ˆ 27MPa:
Monomer 1: CC(C)(c2ccc(OCC1CO1)cc2)c4ccc(OCC3CO3)cc4
Monomer 2: CC(C)(C)N",,,0.9,200.0,27.0,Generate a thermoset shape memory polymer with Tg = 200Â°C and Er = 27 MPa.,CC(C)(c2ccc(OCC1CO1)cc2)c4ccc(OCC3CO3)cc4,CC(C)(C)N,163.88241577148438,45.075035095214844,36.117584228515625,0.0
196,c3cc(N(CC1CO1)CC2CO2)ccc3N(CC4CO4)CC5CO5,CC(N)COCC(C)OCC(C)OCC(C)OCC(C)OCC(C)OCC(C)OCC(C)OCC(C)OCC(C)N,"Based on your requirements, I propose the following monomers:
Monomer 1: c3cc(N(CC1CO1)CC2CO2)ccc3N(CC4CO4)CC5CO5
Monomer 2: CC(N)COCC(C)OCC(C)OCC(C)OCC(C)OCC(C)OCC(C)OCC(C)OCC(C)OCC(C)N",,,1.0,200.0,27.0,Generate a thermoset shape memory polymer with Tg = 200Â°C and Er = 27 MPa.,c3cc(N(CC1CO1)CC2CO2)ccc3N(CC4CO4)CC5CO5,CC(N)COCC(C)OCC(C)OCC(C)OCC(C)OCC(C)OCC(C)OCC(C)OCC(C)OCC(C)N,129.8018035888672,36.63811111450195,70.19819641113281,0.0
197,O=C(OCC1CO1)C4CC3(C(=O)OCC2CO2)CC(=C)C4(C)C3(=C)C(=O)OCC6CO6,CC(N)COCC(C)OCC(C)OCC(C)OCC(C)OCC(C)N,"To achieve Tg of 200Â°C and Er of 27MPa, I suggest this monomer combination:
Monomer 1: O=C(OCC1CO1)C4CC3(C(=O)OCC2CO2)CC(=C)C4(C)C3(=C)C(=O)OCC6CO6
Monomer 2: CC(N)COCC(C)OCC(C)OCC(C)OCC(C)OCC(C)N",,,1.0,200.0,27.0,Generate a thermoset shape memory polymer with Tg = 200Â°C and Er = 27 MPa.,CC1CC2(C(O)OCC3CO3)CC(C(O)OCC3CO3)C1(C)C2(C)C(O)OCC1CO1,CC(N)COCC(C)OCC(C)OCC(C)OCC(C)OCC(C)N,79.15560150146484,23.91686248779297,120.84439849853516,0.0
198,CC(C)(C4CCC(OCC(O)COC3CCC(C(C)(C)C2CCC(OCC1CO1)CC2)CC3)CC4)C6CCC(OCC5CO5)C6,CC(N)COCC(C)OCC(C)OCC(C)OCC(C)OCC(C)N,"To achieve Tg of 200Â°C and Er of 27Mpa, consider this monomer combination:
Monomer 1: CC(C)(C4CCC(OCC(O)COC3CCC(C(C)(C)C2CCC(OCC1CO1)CC2)CC3)CC4)C6CCC(OCC5CO5)C6
Monomer 2: CC(N)COCC(C)OCC(C)OCC(C)OCC(C)OCC(C)N",,,1.0,200.0,27.0,Generate a thermoset shape memory polymer with Tg = 200Â°C and Er = 27 MPa.,CC(C)(C4CCC(OCC(O)COC3CCC(C(C)(C)C2CCC(OCC1CO1)CC2)CC3)CC4)C6CCC(OCC5CO5)C6,CC(N)COCC(C)OCC(C)OCC(C)OCC(C)OCC(C)N,77.33319091796875,17.77608871459961,122.66680908203125,0.0
199,C1OC1(C)C1COC1COC1COC1COC1COC1COC1COC1COC1COC1COC1COC1OCC4OCC3OCC2OCC1OCC1OCC2OCC3OCC4OCC(C)OCC(C)OCC(C)OCC(C)OCC(C)OCC(C)OCC(C)OCC(C)OCC(C)OCC(C)OCC(C)OCC(C)OCC(C)OCC(C)OCC(C), OCC(C)OCC(C)OCC(C)OCC(C)OCC(C)OCC(C)OCC(C)OCC(C)OCC(C)OCC(C)OCC(C)OCC(C)OCC(C)OCC(C)OCC(C)OCC(C)OCC(C)OCC(C)OCC(C)OCC(C)OCC(C)OCC(C)OCC(C)OCC(C)OCC(C)OCC(C)OCC(C)OCC(C)OCC(C)OCC(C)OCC(C)OCC(C)OCC(C)OCC(C)OCC(C)OCC(C)OCC(C),"To achieve Tg of 200Â°C and Er of 27Mpa, consider this monomer combination:
Monomer 1: C1OC1(C)C1COC1COC1COC1COC1COC1COC1COC1COC1COC1COC1COC1OCC4OCC3OCC2OCC1OCC1OCC2OCC3OCC4OCC(C)OCC(C)OCC(C)OCC(C)OCC(C)OCC(C)OCC(C)OCC(C)OCC(C)OCC(C)OCC(C)OCC(C)OCC(C)OCC(C)OCC(C)OCC(C)OCC(C)OCC(C)OCC(C)OCC(C)OCC(C)OCC(C)OCC(C)OCC(C)OCC(C)OCC(C)OCC(C)OCC(C)OCC(C)OCC(C)OCC(C)OCC(C)OCC(C)OCC(C)OCC(C)OCC(C)OCC(C)OCC(C)OCC(C)OCC(C)OCC(C)OCC(C)OCC(C)OCC(C)OCC(C)OCC(C)OCC(C)OCC(C)OCC(C)OCC(C)OCC(C)OCC(C)O",,,1.0,200.0,27.0,Generate a thermoset shape memory polymer with Tg = 200Â°C and Er = 27 MPa.,C1OC1(C)C1COC1COC1COC1COC1COC1COC1COC1COC1COC1COC1COC1OCC4OCC3OCC2OCC1OCC1OCC2OCC3OCC4OCC(C)OCC(C)OCC(C)OCC(C)OCC(C)OCC(C)OCC(C)OCC(C)OCC(C)OCC(C)OCC(C)OCC(C)OCC(C)OCC(C)OCC(C),OCC(C)OCC(C)OCC(C)OCC(C)OCC(C)OCC(C)OCC(C)OCC(C)OCC(C)OCC(C)OCC(C)OCC(C)OCC(C)OCC(C)OCC(C)OCC(C)OCC(C)OCC(C)OCC(C)OCC(C)OCC(C)OCC(C)OCC(C)OCC(C)OCC(C)OCC(C)OCC(C)OCC(C)OCC(C)OCC(C)OCC(C)OCC(C)OCC(C)OCC(C)OCC(C)OCC(C)OCC(C),181.87448120117188,32.77422332763672,0.0,0.0
200,CCC(CC)(c1ccc(OCC(O)COc2ccc(C(C)(C)c4ccc(OCC(O)COc3ccc2)ccc4)ccc3)ccc2)ccc1,CC(C)(C)c1ccc(OCC(O)COc3cccc(C(C)(C)c2ccc(OCC(O)COc1)ccc2)ccc3)ccc4OCC(O)COc4,"To achieve Tg of 200Â°C and Er of 27MPa, I designed these monomers:
Monomer 1: CCC(CC)(c1ccc(OCC(O)COc2ccc(C(C)(C)c4ccc(OCC(O)COc3ccc2)ccc4)ccc3)ccc2)ccc1
Monomer 2: CC(C)(C)c1ccc(OCC(O)COc3cccc(C(C)(C)c2ccc(OCC(O)COc1)ccc2)ccc3)ccc4OCC(O)COc4",,,1.0,200.0,27.0,Generate a thermoset shape memory polymer with Tg = 200Â°C and Er = 27 MPa.,Not found,Not found,,,,
201,CC(C)(c2ccc(OCC1CO1)cc2)c4ccc(OCC3CO3)cc4,CC(N)COCC(C)OCC(C)OCC(C)OCC(C)OCC(C)OCC(C)N,"To achieve Tg of 100Â°C and Er of 100Mpa, consider this monomer combination:
Monomer 1: CC(C)(c2ccc(OCC1CO1)cc2)c4ccc(OCC3CO3)cc4
Monomer 2: CC(N)COCC(C)OCC(C)OCC(C)OCC(C)OCC(C)OCC(C)N",,,0.3,100.0,100.0,Design a TSMP with a glass transition temperature of 100Â°C and an recovery stress of 100 MPa.,CC(C)(c2ccc(OCC1CO1)cc2)c4ccc(OCC3CO3)cc4,CC(N)COCC(C)OCC(C)OCC(C)OCC(C)OCC(C)OCC(C)N,50.57002639770508,14.100987434387207,49.42997360229492,85.8990125656128
202,CC(C)(c2ccc(OCCOCCOCCOCC1CO1)cc2)c4ccc(OCCOCCOCCOCC3CO3)cc4,CC(N)COCC(C)OCC(C)OCC(C)N,"To achieve Tg of 100Â°C and Er of 100Mpa, consider this monomer combination:
Monomer 1: CC(C)(c2ccc(OCCOCCOCCOCC1CO1)cc2)c4ccc(OCCOCCOCCOCC3CO3)cc4
Monomer 2: CC(N)COCC(C)OCC(C)OCC(C)N",,,0.3,100.0,100.0,Design a TSMP with a glass transition temperature of 100Â°C and an recovery stress of 100 MPa.,CC(C)(c2ccc(OCCOCCOCCOCC1CO1)cc2)c4ccc(OCCOCCOCCOCC3CO3)cc4,CC(N)COCC(C)OCC(C)OCC(C)N,38.83071517944336,13.74260425567627,61.16928482055664,86.25739574432373
203,CC(C)(c2ccc(OCC1CO1)cc2)c4ccc(OCC3CO3)cc4,CC(C)(C)N,"To achieve Tg of 100Â°C and Er of 100Mpa, consider this monomer combination:
Monomer 1: CC(C)(c2ccc(OCC1CO1)cc2)c4ccc(OCC3CO3)cc4
Monomer 2: CC(C)(C)N",,,0.3,100.0,100.0,Design a TSMP with a glass transition temperature of 100Â°C and an recovery stress of 100 MPa.,CC(C)(c2ccc(OCC1CO1)cc2)c4ccc(OCC3CO3)cc4,CC(C)(C)N,163.88241577148438,45.075035095214844,63.882415771484375,54.924964904785156
204,CC(C)(c2ccc(OCCOCCOCCOCC1CO1)cc2)c4ccc(OCCOCCOCCOCC3CO3)cc4,CC(C)(C)N,"To achieve Tg of 100Â°C and Er of 100Mpa, consider this monomer combination:
Monomer 1: CC(C)(c2ccc(OCCOCCOCCOCC1CO1)cc2)c4ccc(OCCOCCOCCOCC3CO3)cc4
Monomer 2: CC(C)(C)N",,,0.3,100.0,100.0,Design a TSMP with a glass transition temperature of 100Â°C and an recovery stress of 100 MPa.,CC(C)(c2ccc(OCCOCCOCCOCC1CO1)cc2)c4ccc(OCCOCCOCCOCC3CO3)cc4,CC(C)(C)N,161.87168884277344,42.88105392456055,61.87168884277344,57.11894607543945
205,CC(C)(c2ccc(OCC1CO1)cc2)c4ccc(OCC3CO3)cc4,CC(N)COCC(C)OCC(C)OCC(C)N,"Based on your requirements, I suggest the following monomers:
Monomer 1: CC(C)(c2ccc(OCC1CO1)cc2)c4ccc(OCC3CO3)cc4
Monomer 2: CC(N)COCC(C)OCC(C)OCC(C)N",,,0.3,100.0,100.0,Design a TSMP with a glass transition temperature of 100Â°C and an recovery stress of 100 MPa.,CC(C)(c2ccc(OCC1CO1)cc2)c4ccc(OCC3CO3)cc4,CC(N)COCC(C)OCC(C)OCC(C)N,47.36640548706055,13.34851360321045,52.63359451293945,86.65148639678955
206,CC(C)(c2ccc(OCC1CO1)cc2)c4ccc(OCC3CO3)cc4,CC(N)COCC(C)OCC(C)OCC(C)N,"To achieve Tg of 100Â°C and Er of 100Mpa, consider this monomer combination:
Monomer 1: CC(C)(c2ccc(OCC1CO1)cc2)c4ccc(OCC3CO3)cc4
Monomer 2: CC(N)COCC(C)OCC(C)OCC(C)N",,,0.5,100.0,100.0,Design a TSMP with a glass transition temperature of 100Â°C and an recovery stress of 100 MPa.,CC(C)(c2ccc(OCC1CO1)cc2)c4ccc(OCC3CO3)cc4,CC(N)COCC(C)OCC(C)OCC(C)N,47.36640548706055,13.34851360321045,52.63359451293945,86.65148639678955
207,CC(C)(c2ccc(OCC1CO1)cc2)c4ccc(OCC3CO3)cc4,CC(N)COCC(C)OCC(C)OCC(C)OCC(C)OCC(C)OCC(C)N,"Based on your requirements, I suggest the following monomers:
Monomer 1: CC(C)(c2ccc(OCC1CO1)cc2)c4ccc(OCC3CO3)cc4
Monomer 2: CC(N)COCC(C)OCC(C)OCC(C)OCC(C)OCC(C)OCC(C)N",,,0.5,100.0,100.0,Design a TSMP with a glass transition temperature of 100Â°C and an recovery stress of 100 MPa.,CC(C)(c2ccc(OCC1CO1)cc2)c4ccc(OCC3CO3)cc4,CC(N)COCC(C)OCC(C)OCC(C)OCC(C)OCC(C)OCC(C)N,50.57002639770508,14.100987434387207,49.42997360229492,85.8990125656128
208,CC(C)(c2ccc(OCC1CO1)cc2)c4ccc(OCC3CO3)cc4,NCCCOCCOCCCN,"Based on your requirements, I suggest the following monomers:
Monomer 1: CC(C)(c2ccc(OCC1CO1)cc2)c4ccc(OCC3CO3)cc4
Monomer 2: NCCCOCCOCCCN",,,0.5,100.0,100.0,Design a TSMP with a glass transition temperature of 100Â°C and an recovery stress of 100 MPa.,CC(C)(c2ccc(OCC1CO1)cc2)c4ccc(OCC3CO3)cc4,NCCCOCCOCCCN,56.15962600708008,15.15296459197998,43.84037399291992,84.84703540802002
209,CC(C)(c2ccc(OCC1CO1)cc2)c4ccc(OCC3CO3)cc4,CC(N)COCC(C)OCC(C)OCC(C)N,"Based on your requirements, I suggest the following monomers:
Monomer 1: CC(C)(c2ccc(OCC1CO1)cc2)c4ccc(OCC3CO3)cc4
Monomer 2: CC(N)COCC(C)OCC(C)OCC(C)N",,,0.5,100.0,100.0,Design a TSMP with a glass transition temperature of 100Â°C and an recovery stress of 100 MPa.,CC(C)(c2ccc(OCC1CO1)cc2)c4ccc(OCC3CO3)cc4,CC(N)COCC(C)OCC(C)OCC(C)N,47.36640548706055,13.34851360321045,52.63359451293945,86.65148639678955
210,CC(C)(c2ccc(OCC1CO1)cc2)c4ccc(OCC3CO3)cc4,CC(N)COCC(C)OCC(C)OCC(C)N,"Based on your requirements, I suggest the following monomers:
Monomer 1: CC(C)(c2ccc(OCC1CO1)cc2)c4ccc(OCC3CO3)cc4
Monomer 2: CC(N)COCC(C)OCC(C)OCC(C)N",,,0.5,100.0,100.0,Design a TSMP with a glass transition temperature of 100Â°C and an recovery stress of 100 MPa.,CC(C)(c2ccc(OCC1CO1)cc2)c4ccc(OCC3CO3)cc4,CC(N)COCC(C)OCC(C)OCC(C)N,47.36640548706055,13.34851360321045,52.63359451293945,86.65148639678955
211,CC(C)(c2ccc(OCC1CO1)cc2)c4ccc(OCC3CO3)cc4,CCCC(=O)OCCCCC,"To achieve Tg of 100Â°C and Er of 100Mpa, I suggest the following monomers:
Monomer 1: CC(C)(c2ccc(OCC1CO1)cc2)c4ccc(OCC3CO3)cc4
Monomer 2: CCCC(=O)OCCCCC",,,0.7,100.0,100.0,Design a TSMP with a glass transition temperature of 100Â°C and an recovery stress of 100 MPa.,CC(C)(c2ccc(OCC1CO1)cc2)c4ccc(OCC3CO3)cc4,CCCC(=O)OCCCCC,57.21030807495117,14.209050178527832,42.78969192504883,85.79094982147217
212,CC(C)(c2ccc(OCC1CO1)cc2)c4ccc(OCC3CO3)cc4,NCCCOCCOCCCN,"Based on your requirements, I suggest the following monomers:
Monomer 1: CC(C)(c2ccc(OCC1CO1)cc2)c4ccc(OCC3CO3)cc4
Monomer 2: NCCCOCCOCCCN",,,0.7,100.0,100.0,Design a TSMP with a glass transition temperature of 100Â°C and an recovery stress of 100 MPa.,CC(C)(c2ccc(OCC1CO1)cc2)c4ccc(OCC3CO3)cc4,NCCCOCCOCCCN,56.15962600708008,15.15296459197998,43.84037399291992,84.84703540802002
213,CC(C)(c2ccc(OCC1CO1)cc2)c4ccc(OCC3CO3)cc4,CCCCCCCCCCCCN,"To achieve Tg of 100Â°C and Er of 100Mpa, consider this monomer combination:
Monomer 1: CC(C)(c2ccc(OCC1CO1)cc2)c4ccc(OCC3CO3)cc4
Monomer 2: CCCCCCCCCCCCN",,,0.7,100.0,100.0,Design a TSMP with a glass transition temperature of 100Â°C and an recovery stress of 100 MPa.,CC(C)(c2ccc(OCC1CO1)cc2)c4ccc(OCC3CO3)cc4,CCCCCCCCCCCCN,73.74205780029297,14.065377235412598,0.0,85.9346227645874
214,CC(C)(c2ccc(OCC1CO1)cc2)c4ccc(OCC3CO3)cc4,CC(C)(C)N,"Great choice of properties and groups. Here's a compatible monomer pair:
Monomer 1: CC(C)(c2ccc(OCC1CO1)cc2)c4ccc(OCC3CO3)cc4
Monomer 2: CC(C)(C)N",,,0.7,100.0,100.0,Design a TSMP with a glass transition temperature of 100Â°C and an recovery stress of 100 MPa.,CC(C)(c2ccc(OCC1CO1)cc2)c4ccc(OCC3CO3)cc4,CC(C)(C)N,163.88241577148438,45.075035095214844,63.882415771484375,54.924964904785156
215,CC(C)(c2ccc(OCC1CO1)cc2)c4ccc(OCC3CO3)cc4,NCCCOCCOCCCN,"Based on your requirements, I suggest the following monomers:
Monomer 1: CC(C)(c2ccc(OCC1CO1)cc2)c4ccc(OCC3CO3)cc4
Monomer 2: NCCCOCCOCCCN",,,0.7,100.0,100.0,Design a TSMP with a glass transition temperature of 100Â°C and an recovery stress of 100 MPa.,CC(C)(c2ccc(OCC1CO1)cc2)c4ccc(OCC3CO3)cc4,NCCCOCCOCCCN,56.15962600708008,15.15296459197998,43.84037399291992,84.84703540802002
216,C=C(C)C(=O)OCCOCCOCCOCCOCCOCCOCCOCCOCCOCCOCCOCCOCCOCCOCCOCCOCCOC(=O)C(=C)C,C=C(CCS)OCC(C)OCC(C)OCC(C)OCC(C)OCC(C)OCC(C)OCC(C)OCC(C)OCC(C)OCC(C)OCC(C)OCC(C)OCC(C)OCC(C)OCC(C)OCC(C)S,"Great choice of properties and groups. Here's a TSMP that matches your request:
Monomer 1: C=C(C)C(=O)OCCOCCOCCOCCOCCOCCOCCOCCOCCOCCOCCOCCOCCOCCOCCOCCOCCOC(=O)C(=C)C
Monomer 2: C=C(CCS)OCC(C)OCC(C)OCC(C)OCC(C)OCC(C)OCC(C)OCC(C)OCC(C)OCC(C)OCC(C)OCC(C)OCC(C)OCC(C)OCC(C)OCC(C)OCC(C)S",,,0.9,100.0,100.0,Design a TSMP with a glass transition temperature of 100Â°C and an recovery stress of 100 MPa.,C=C(C)C(=O)OCCOCCOCCOCCOCCOCCOCCOCCOCCOCCOCCOCCOCCOCCOCCOCCOCCOC(=O)C(=C)C,C=C(CCS)OCC(C)OCC(C)OCC(C)OCC(C)OCC(C)OCC(C)OCC(C)OCC(C)OCC(C)OCC(C)OCC(C)OCC(C)OCC(C)OCC(C)OCC(C)OCC(C)S,186.4919891357422,32.12559509277344,86.49198913574219,67.87440490722656
217,CC(C)(c2ccc(OCC1CO1)cc2)c4ccc(OCC3CO3)cc4,CC(N)CO,"Based on your requirements, I suggest the following monomers:
Monomer 1: CC(C)(c2ccc(OCC1CO1)cc2)c4ccc(OCC3CO3)cc4
Monomer 2: CC(N)CO",,,0.9,100.0,100.0,Design a TSMP with a glass transition temperature of 100Â°C and an recovery stress of 100 MPa.,CC(C)(c2ccc(OCC1CO1)cc2)c4ccc(OCC3CO3)cc4,CC(N)CO,72.1481704711914,18.173627853393555,0.0,81.82637214660645
218,CC(C)(c2ccc(OCC1CO1)cc2)c4ccc(OCC3CO3)cc4,NCCOCCOCCN,"Based on your requirements, I suggest the following monomers:
Monomer 1: CC(C)(c2ccc(OCC1CO1)cc2)c4ccc(OCC3CO3)cc4
Monomer 2: NCCOCCOCCN",,,0.9,100.0,100.0,Design a TSMP with a glass transition temperature of 100Â°C and an recovery stress of 100 MPa.,CC(C)(c2ccc(OCC1CO1)cc2)c4ccc(OCC3CO3)cc4,NCCOCCOCCN,68.14073944091797,16.855539321899414,31.85926055908203,83.14446067810059
219,CC(C)(c2ccc(OCC1CO1)cc2)c4ccc(OCC3CO3)cc4,NCCCOCCOCCCN,"Based on your requirements, I suggest the following monomers:
Monomer 1: CC(C)(c2ccc(OCC1CO1)cc2)c4ccc(OCC3CO3)cc4
Monomer 2: NCCCOCCOCCCN",,,0.9,100.0,100.0,Design a TSMP with a glass transition temperature of 100Â°C and an recovery stress of 100 MPa.,CC(C)(c2ccc(OCC1CO1)cc2)c4ccc(OCC3CO3)cc4,NCCCOCCOCCCN,56.15962600708008,15.15296459197998,43.84037399291992,84.84703540802002
220,CC(C)(c2ccc(OCC1CO1)cc2)c4ccc(OCC3CO3)cc4,CCCC(=O)OCC(CC)(COC(=O)CCS)COC(=O)CCS,"Based on your requirements, I suggest the following monomers:
Monomer 1: CC(C)(c2ccc(OCC1CO1)cc2)c4ccc(OCC3CO3)cc4
Monomer 2: CCCC(=O)OCC(CC)(COC(=O)CCS)COC(=O)CCS",,,0.9,100.0,100.0,Design a TSMP with a glass transition temperature of 100Â°C and an recovery stress of 100 MPa.,CC(C)(c2ccc(OCC1CO1)cc2)c4ccc(OCC3CO3)cc4,CCCC(=O)OCC(CC)(COC(=O)CCS)COC(=O)CCS,68.73884582519531,30.21291732788086,31.261154174804688,69.78708267211914
221,Cc2cccc1c2C(=O)OC(=O)Cc2ccc(OCC1CO1)c2CCc2ccc(OCC3CO3)c2OCC4CO4,Nc1c(S)n(S)c1n(S)c2c(N)n(S)c1c1c(N)n(S)c2c(S)n(S)c1N,"Based on your requirements, I suggest the following monomers:
Monomer 1: Cc2cccc1c2C(=O)OC(=O)Cc2ccc(OCC1CO1)c2CCc2ccc(OCC3CO3)c2OCC4CO4
Monomer 2: Nc1c(S)n(S)c1n(S)c2c(N)n(S)c1c1c(N)n(S)c2c(S)n(S)c1N",,,1.0,100.0,100.0,Design a TSMP with a glass transition temperature of 100Â°C and an recovery stress of 100 MPa.,Not found,Not found,,,,
222,C=CC(=O)OC(C=C)C(=O)OCC(C)=OCC(C)=OCC(C)(C)C,CC(=O)NCC1(C)CC(NC(=O)CC2(C)CC(C2)NCC(=O)OCC3(C)CC(C3)N)CC4(C)CC(NC(=O)CC5(C)CC(C5)N)CC1,"To achieve Tg of 100Â°C and Er of 100Mpa, consider this monomer pair:
Monomer 1: C=CC(=O)OC(C=C)C(=O)OCC(C)=OCC(C)=OCC(C)(C)C
Monomer 2: CC(=O)NCC1(C)CC(NC(=O)CC2(C)CC(C2)NCC(=O)OCC3(C)CC(C3)N)CC4(C)CC(NC(=O)CC5(C)CC(C5)N)CC1",,,1.0,100.0,100.0,Design a TSMP with a glass transition temperature of 100Â°C and an recovery stress of 100 MPa.,CCC(O)OC(CC)C(O)OCC(C)OCC(C)OCC(C)(C)C,CC1CC(NC(O)CC2(C)CC(N)C2)CCC(C)(CNC(C)O)CC(NC(O)CC2(C)CC(NCC(O)OCC3(C)CC(N)C3)C2)C1,114.13347625732422,29.3102970123291,0.0,70.6897029876709
223,CC(C)(c2ccc(OCC1CO1)cc2)c4ccc(OCC3CO3)cc4,CC(C)(C)N,"Based on your requirements, I recommend the following monomers:
Monomer 1: CC(C)(c2ccc(OCC1CO1)cc2)c4ccc(OCC3CO3)cc4
Monomer 2: CC(C)(C)N",,,1.0,100.0,100.0,Design a TSMP with a glass transition temperature of 100Â°C and an recovery stress of 100 MPa.,CC(C)(c2ccc(OCC1CO1)cc2)c4ccc(OCC3CO3)cc4,CC(C)(C)N,163.88241577148438,45.075035095214844,63.882415771484375,54.924964904785156
224,Nc2ccc(OCC1CO1)c2Cc4ccc(Nc3ccc(OCC4CO4)c3)cc1,CC1(C)CC(N)CC(C)(CN)C1,"Here's a TSMP designed for Tg â‰ˆ 100Â°C and Er â‰ˆ 100Mpa:
Monomer 1: Nc2ccc(OCC1CO1)c2Cc4ccc(Nc3ccc(OCC4CO4)c3)cc1
Monomer 2: CC1(C)CC(N)CC(C)(CN)C1",,,1.0,100.0,100.0,Design a TSMP with a glass transition temperature of 100Â°C and an recovery stress of 100 MPa.,Not found,Not found,,,,
225,CC(C)(c2ccc(OCCOCCOCCCOCC1CO1)cc2)c4ccc(OCCOCCOCCCOCC3CO3)cc4,O=c1n(CCSCC)c(=O)n(CCSCC)c(=O)n1CCSCC,"Based on your requirements, I recommend the following monomers:
Monomer 1: CC(C)(c2ccc(OCCOCCOCCCOCC1CO1)cc2)c4ccc(OCCOCCOCCCOCC3CO3)cc4
Monomer 2: O=c1n(CCSCC)c(=O)n(CCSCC)c(=O)n1CCSCC",,,1.0,100.0,100.0,Design a TSMP with a glass transition temperature of 100Â°C and an recovery stress of 100 MPa.,CC(C)(c2ccc(OCCOCCOCCCOCC1CO1)cc2)c4ccc(OCCOCCOCCCOCC3CO3)cc4,O=c1n(CCSCC)c(=O)n(CCSCC)c(=O)n1CCSCC,103.25908660888672,21.812925338745117,0.0,78.18707466125488
226,CC(C)(c2ccc(OCC1CO1)cc2)c4ccc(OCC3CO3)cc4,CC(N)COCC(C)OCC(C)OCC(C)N,"Based on your requirements, I suggest the following monomers:
Monomer 1: CC(C)(c2ccc(OCC1CO1)cc2)c4ccc(OCC3CO3)cc4
Monomer 2: CC(N)COCC(C)OCC(C)OCC(C)N",,,0.3,50.0,20.0,Suggest a polymer system for Tg â‰ˆ 50Â°C and Er â‰ˆ 20 MPa.,CC(C)(c2ccc(OCC1CO1)cc2)c4ccc(OCC3CO3)cc4,CC(N)COCC(C)OCC(C)OCC(C)N,47.36640548706055,13.34851360321045,0.0,0.0
227,CC(C)(c2ccc(OCCOCCOCCOCC1CO1)cc2)c4ccc(OCCOCCOCCOCC3CO3)cc4,CC(N)COCC(C)OCC(C)OCC(C)N,"To achieve Tg of 50Â°C and Er of 20Mpa, consider this monomer combination:
Monomer 1: CC(C)(c2ccc(OCCOCCOCCOCC1CO1)cc2)c4ccc(OCCOCCOCCOCC3CO3)cc4
Monomer 2: CC(N)COCC(C)OCC(C)OCC(C)N",,,0.3,50.0,20.0,Suggest a polymer system for Tg â‰ˆ 50Â°C and Er â‰ˆ 20 MPa.,CC(C)(c2ccc(OCCOCCOCCOCC1CO1)cc2)c4ccc(OCCOCCOCCOCC3CO3)cc4,CC(N)COCC(C)OCC(C)OCC(C)N,38.83071517944336,13.74260425567627,0.0,0.0
228,CC(C)(c2ccc(OCC1CO1)cc2)c4ccc(OCC3CO3)cc4,CC(N)COCC(C)OCC(C)OCC(C)N,"Based on your requirements, I suggest the following monomers:
Monomer 1: CC(C)(c2ccc(OCC1CO1)cc2)c4ccc(OCC3CO3)cc4
Monomer 2: CC(N)COCC(C)OCC(C)OCC(C)N",,,0.3,50.0,20.0,Suggest a polymer system for Tg â‰ˆ 50Â°C and Er â‰ˆ 20 MPa.,CC(C)(c2ccc(OCC1CO1)cc2)c4ccc(OCC3CO3)cc4,CC(N)COCC(C)OCC(C)OCC(C)N,47.36640548706055,13.34851360321045,0.0,0.0
229,CC(C)(c2ccc(OCC1CO1)cc2)c4ccc(OCC3CO3)cc4,CC(N)COCC(C)OCC(C)OCC(C)N,"Based on your requirements, I suggest the following monomers:
Monomer 1: CC(C)(c2ccc(OCC1CO1)cc2)c4ccc(OCC3CO3)cc4
Monomer 2: CC(N)COCC(C)OCC(C)OCC(C)N",,,0.3,50.0,20.0,Suggest a polymer system for Tg â‰ˆ 50Â°C and Er â‰ˆ 20 MPa.,CC(C)(c2ccc(OCC1CO1)cc2)c4ccc(OCC3CO3)cc4,CC(N)COCC(C)OCC(C)OCC(C)N,47.36640548706055,13.34851360321045,0.0,0.0
230,CC(C)(c2ccc(OCC1CO1)cc2)c4ccc(OCC3CO3)cc4,CC(N)COCC(C)OCC(C)OCC(C)N,"Based on your requirements, I suggest the following monomers:
Monomer 1: CC(C)(c2ccc(OCC1CO1)cc2)c4ccc(OCC3CO3)cc4
Monomer 2: CC(N)COCC(C)OCC(C)OCC(C)N",,,0.3,50.0,20.0,Suggest a polymer system for Tg â‰ˆ 50Â°C and Er â‰ˆ 20 MPa.,CC(C)(c2ccc(OCC1CO1)cc2)c4ccc(OCC3CO3)cc4,CC(N)COCC(C)OCC(C)OCC(C)N,47.36640548706055,13.34851360321045,0.0,0.0
231,CC(C)(c2ccc(OCCOCCOCCOC1CC1)cc2)c4ccc(OCCOCCOCCOCCOCCOCCOC3CC3)cc4,NCCCOCCCOCCCOCCCN,"Based on your requirements, I suggest the following monomers:
Monomer 1: CC(C)(c2ccc(OCCOCCOCCOC1CC1)cc2)c4ccc(OCCOCCOCCOCCOCCOCCOC3CC3)cc4
Monomer 2: NCCCOCCCOCCCOCCCN",,,0.5,50.0,20.0,Suggest a polymer system for Tg â‰ˆ 50Â°C and Er â‰ˆ 20 MPa.,CC(C)(c2ccc(OCCOCCOCCOC1CC1)cc2)c4ccc(OCCOCCOCCOCCOCCOCCOC3CC3)cc4,NCCCOCCCOCCCOCCCN,74.71414947509766,14.229449272155762,0.0,0.0
232,CC(C)(c2ccc(OCC1CO1)cc2)c4ccc(OCC3CO3)cc4,CC(N)COCC(C)OCC(C)OCC(C)N,"Based on your requirements, I suggest the following monomers:
Monomer 1: CC(C)(c2ccc(OCC1CO1)cc2)c4ccc(OCC3CO3)cc4
Monomer 2: CC(N)COCC(C)OCC(C)OCC(C)N",,,0.5,50.0,20.0,Suggest a polymer system for Tg â‰ˆ 50Â°C and Er â‰ˆ 20 MPa.,CC(C)(c2ccc(OCC1CO1)cc2)c4ccc(OCC3CO3)cc4,CC(N)COCC(C)OCC(C)OCC(C)N,47.36640548706055,13.34851360321045,0.0,0.0
233,CC(C)(c2ccc(OCCOCCOCCOCC1CCC1)cc2)c4ccc(OCCOCCOCCOCC3CCC3)cc4,CC(N)COCC(C)OCC(C)OCC(C)N,"To achieve Tg of 50Â°C and Er of 20Mpa, consider this monomer combination:
Monomer 1: CC(C)(c2ccc(OCCOCCOCCOCC1CCC1)cc2)c4ccc(OCCOCCOCCOCC3CCC3)cc4
Monomer 2: CC(N)COCC(C)OCC(C)OCC(C)N",,,0.5,50.0,20.0,Suggest a polymer system for Tg â‰ˆ 50Â°C and Er â‰ˆ 20 MPa.,CC(C)(c2ccc(OCCOCCOCCOCC1CCC1)cc2)c4ccc(OCCOCCOCCOCC3CCC3)cc4,CC(N)COCC(C)OCC(C)OCC(C)N,133.03326416015625,27.27532386779785,83.03326416015625,0.0
234,CC(C)(c2ccc(OCC1CO1)cc2)c4ccc(OCC3CO3)cc4,NCCCOCCOCCCN,"To achieve Tg of 50Â°C and Er of 20Mpa, consider this monomer combination:
Monomer 1: CC(C)(c2ccc(OCC1CO1)cc2)c4ccc(OCC3CO3)cc4
Monomer 2: NCCCOCCOCCCN",,,0.5,50.0,20.0,Suggest a polymer system for Tg â‰ˆ 50Â°C and Er â‰ˆ 20 MPa.,CC(C)(c2ccc(OCC1CO1)cc2)c4ccc(OCC3CO3)cc4,NCCCOCCOCCCN,56.15962600708008,15.15296459197998,0.0,0.0
235,CC(C)(c2ccc(OCCOCC1CO1)cc2)c4ccc(OCCOCC3CO3)cc4,CC(N)COCC(C)OCC(C)OCC(C)N,"Based on your requirements, I suggest the following monomers:
Monomer 1: CC(C)(c2ccc(OCCOCC1CO1)cc2)c4ccc(OCCOCC3CO3)cc4
Monomer 2: CC(N)COCC(C)OCC(C)OCC(C)N",,,0.5,50.0,20.0,Suggest a polymer system for Tg â‰ˆ 50Â°C and Er â‰ˆ 20 MPa.,CC(C)(c2ccc(OCCOCC1CO1)cc2)c4ccc(OCCOCC3CO3)cc4,CC(N)COCC(C)OCC(C)OCC(C)N,38.207401275634766,12.801766395568848,0.0,0.0
236, CC(=O)OCCn1c(=O)n(CCOC(=O)C(C)C(C)(C)C)CN(CCOC(=O)C(C)C(C)(C)C)CCOC(=O)C(C)C(C)(C),CC(C)(C)N,"Here is a TSMP designed for Tg â‰ˆ 50Â°C and Er â‰ˆ 20Mpa:
Monomer 1: CC(=O)OCCn1c(=O)n(CCOC(=O)C(C)C(C)(C)C)CN(CCOC(=O)C(C)C(C)(C)C)CCOC(=O)C(C)C(C)(C)C
Monomer 2: CC(C)(C)N",,,0.7,50.0,20.0,Suggest a polymer system for Tg â‰ˆ 50Â°C and Er â‰ˆ 20 MPa.,Not found,Not found,,,,
237,CC(C)(c2ccc(OCC1CO1)cc2)c4ccc(OCC3CO3)cc4,CC(N)COCC(C)OCC(C)OCC(C)N,"Based on your requirements, I suggest the following monomers:
Monomer 1: CC(C)(c2ccc(OCC1CO1)cc2)c4ccc(OCC3CO3)cc4
Monomer 2: CC(N)COCC(C)OCC(C)OCC(C)N",,,0.7,50.0,20.0,Suggest a polymer system for Tg â‰ˆ 50Â°C and Er â‰ˆ 20 MPa.,CC(C)(c2ccc(OCC1CO1)cc2)c4ccc(OCC3CO3)cc4,CC(N)COCC(C)OCC(C)OCC(C)N,47.36640548706055,13.34851360321045,0.0,0.0
238,CC(C)(c2ccc(OCC1CO1)cc2)c4ccc(OCC3CO3)cc4,NCCN(CCN(C)CCN(CCN(C)CCN(C)CCN(CCN(C)CCN(C)CCN(C)CCN(C)CCN(CCN(C)CCN(C)CCN(C)CCN(C)CCN(C)CCN(C)CCN(C)CCN(C)CCN(C)CCN(C)CCN(C)CCN(C)CCN(C)CCN(C)CCN(C)CCN(C)CCN(C)CCN(C)CCN(C)CCN(C)CCN(C)CCN(CCN(C)CCN(C)CCN(C)CCN(C)CCN(C)CCN(CCN(C)CCN(C)CCN(C)CCN(C)CCN(C)CCN(CCN(C)CCN(C)CCN(C)CCN(C)CCN(C)CCN(CCN(C)CCN(C)CCN(C)CCN(C)CCN(C)CCN(CCN(C)CCN(C)CCN(C)CCN(C)CCN(C)CCN(CCN(C)CCN(C)CCN(C)CCN(C)CCN(C),"Based on your requirements, I suggest the following monomers:
Monomer 1: CC(C)(c2ccc(OCC1CO1)cc2)c4ccc(OCC3CO3)cc4
Monomer 2: NCCN(CCN(C)CCN(CCN(C)CCN(C)CCN(CCN(C)CCN(C)CCN(C)CCN(C)CCN(CCN(C)CCN(C)CCN(C)CCN(C)CCN(C)CCN(C)CCN(C)CCN(C)CCN(C)CCN(C)CCN(C)CCN(C)CCN(C)CCN(C)CCN(C)CCN(C)CCN(C)CCN(C)CCN(C)CCN(C)CCN(C)CCN(CCN(C)CCN(C)CCN(C)CCN(C)CCN(C)CCN(CCN(C)CCN(C)CCN(C)CCN(C)CCN(C)CCN(CCN(C)CCN(C)CCN(C)CCN(C)CCN(C)CCN(CCN(C)CCN(C)CCN(C)CCN(C)CCN(C)CCN(CCN(C)CCN(C)CCN(C)CCN(C)CCN(C)CCN(CCN(C)CCN(C)CCN(C)CCN(C)CCN(C)",,,0.7,50.0,20.0,Suggest a polymer system for Tg â‰ˆ 50Â°C and Er â‰ˆ 20 MPa.,CC(C)(c2ccc(OCC1CO1)cc2)c4ccc(OCC3CO3)cc4,CNCCN(C)CCN(C)CCN(C)CCN(C)CCNCCN(C)CCN(C)CCN(C)CCN(C)CCN(C)CCNCCN(C)CCN(C)CCN(C)CCN(C)CCN(C)CCNCCN(C)CCN(C)CCN(C)CCN(C)CCN(C)CCNCCN(C)CCN(C)CCN(C)CCN(C)CCN(C)CCNCCN(C)CCN(C)CCN(C)CCN(C)CCN(C)CCNCCN(C)CCN(C)CCN(C)CCN(C)CCN(C)CCN(C)CCN(C)CCN(C)CCN(C)CCN(C)CCN(C)CCN(C)CCN(C)CCN(C)CCN(C)CCN(C)CCN(C)CCN(C)CCN(C)CCN(C)CCN(C)CCNCCN(C)CCN(C)CCN(C)CCN(C)CCNCCN(C)CCN(C)CCNCCN(C)CCNCCN,323.4208068847656,125.2026138305664,273.4208068847656,105.2026138305664
239,CCCC(c3ccc(OCCOCCOCCOCC1)(c2ccc(OCCOCCOCCOCC4)cc2)cc3)CCc6ccc(OCCOCCOCCOCC5)cc6,NCc1cc(CN)ccc1C(CN)CCN,"Based on your requirements, I suggest the following monomers:
Monomer 1: CCCC(c3ccc(OCCOCCOCCOCC1)(c2ccc(OCCOCCOCCOCC4)cc2)cc3)CCc6ccc(OCCOCCOCCOCC5)cc6
Monomer 2: NCc1cc(CN)ccc1C(CN)CCN",,,0.7,50.0,20.0,Suggest a polymer system for Tg â‰ˆ 50Â°C and Er â‰ˆ 20 MPa.,Not found,Not found,,,,
240,C=C(C)C(=C)OCOCCOC(=O)C(=C)C,C=C(CCS)OCC(COC(=O)CCS)(COC(=O)CCS)COC(=O)CCSC(=O)NCC1(C)CC(NC(=O)SCCC(=O)OCC(COC(=O)CCS)(COC(=O)CCS)COC(=O)CCS)CC(=O)N1,"Based on your requirements, I suggest the following monomers:
Monomer 1: C=C(C)C(=C)OCOCCOC(=O)C(=C)C
Monomer 2: C=C(CCS)OCC(COC(=O)CCS)(COC(=O)CCS)COC(=O)CCSC(=O)NCC1(C)CC(NC(=O)SCCC(=O)OCC(COC(=O)CCS)(COC(=O)CCS)COC(=O)CCS)CC(=O)N1",,,0.7,50.0,20.0,Suggest a polymer system for Tg â‰ˆ 50Â°C and Er â‰ˆ 20 MPa.,C=C(C)C(=C)OCOCCOC(=O)C(=C)C,C=C(CCS)OCC(COC(=O)CCS)(COC(=O)CCS)COC(=O)CCSC(=O)NCC1(C)CC(NC(=O)SCCC(=O)OCC(COC(=O)CCS)(COC(=O)CCS)COC(=O)CCS)CC(=O)N1,85.12833404541016,30.896221160888672,35.128334045410156,0.0
241,CC(C)(C4CCC(OCC(O)COC3CCC(C(C)(C)C2CCC(OCC1CO1)CC2)CC3)CC4)C6CCC(OCC5CO5)C6,CC(C)N,"To achieve Tg of 50Â°C and Er of 20Mpa, consider this combination:
Monomer 1: CC(C)(C4CCC(OCC(O)COC3CCC(C(C)(C)C2CCC(OCC1CO1)CC2)CC3)CC4)C6CCC(OCC5CO5)C6
Monomer 2: CC(C)N",,,0.9,50.0,20.0,Suggest a polymer system for Tg â‰ˆ 50Â°C and Er â‰ˆ 20 MPa.,CC(C)(C4CCC(OCC(O)COC3CCC(C(C)(C)C2CCC(OCC1CO1)CC2)CC3)CC4)C6CCC(OCC5CO5)C6,CC(C)N,113.7361831665039,25.388757705688477,63.736183166503906,0.0
242,CC(C)(c2ccc(OCC1CO1)cc2)c4ccc(OCC3CO3)cc4,NCC(C)COC(=O)NCC(C)COC(=O)NCC(C)COC(=O)NCC(C)COC(=O)NCC(C)COC(=O)NCC(C)COC(=O)NCC(C)COC(=O)NCC(C)COC(=O)NCC(C)COC(=O)NCC(C)COC(=O)NCC(C)COC(=O)NCC(C)COC(=O)NCC(C)COC(=O)NCC(C)COC(=O)NCC(C)COC(=O)NCC(C)COC(=O)NCC(C)COC(=O)NCC(C)COC(=O)NCC(C)COC(=O)NCC(C)COC(=O)NCC(C)COC(=O)NCC(C)COC(=O)NCC(C)COC(=O)NCC(C)COC(=O)NCC,"To achieve Tg â‰ˆ 50Â°C and Er â‰ˆ 20Mpa, consider this monomer combination:
Monomer 1: CC(C)(c2ccc(OCC1CO1)cc2)c4ccc(OCC3CO3)cc4
Monomer 2: NCC(C)COC(=O)NCC(C)COC(=O)NCC(C)COC(=O)NCC(C)COC(=O)NCC(C)COC(=O)NCC(C)COC(=O)NCC(C)COC(=O)NCC(C)COC(=O)NCC(C)COC(=O)NCC(C)COC(=O)NCC(C)COC(=O)NCC(C)COC(=O)NCC(C)COC(=O)NCC(C)COC(=O)NCC(C)COC(=O)NCC(C)COC(=O)NCC(C)COC(=O)NCC(C)COC(=O)NCC(C)COC(=O)NCC(C)COC(=O)NCC(C)COC(=O)NCC(C)COC(=O)NCC(C)COC(=O)NCC(C)COC(=O)NCC",,,0.9,50.0,20.0,Suggest a polymer system for Tg â‰ˆ 50Â°C and Er â‰ˆ 20 MPa.,CC(C)(c2ccc(OCC1CO1)cc2)c4ccc(OCC3CO3)cc4,NCC(C)COC(=O)NCC(C)COC(=O)NCC(C)COC(=O)NCC(C)COC(=O)NCC(C)COC(=O)NCC(C)COC(=O)NCC(C)COC(=O)NCC(C)COC(=O)NCC(C)COC(=O)NCC(C)COC(=O)NCC(C)COC(=O)NCC(C)COC(=O)NCC(C)COC(=O)NCC(C)COC(=O)NCC(C)COC(=O)NCC(C)COC(=O)NCC(C)COC(=O)NCC(C)COC(=O)NCC(C)COC(=O)NCC(C)COC(=O)NCC(C)COC(=O)NCC(C)COC(=O)NCC(C)COC(=O)NCC(C)COC(=O)NCC,349.66802978515625,83.53367614746094,299.66802978515625,63.53367614746094
243,CC(=O)OCC(COC(=O)CC)(COC(=O)CC)COC(=O)CC,CC(=O)OCC(CC)(CO)C(=O)OCC(CC)(CO)C(=O)OCC(CC)(CO)C(=O)OCC(CC)(CO)C(=O)OCC(CC)(CO)C(=O)OCC(CC)(CO)C(=O)OCC(CC)(CO)C(=O)OCC(CC)(CO)C(=O)OCC(CC)(CO)C(=O)OCC(CC)(CO)C(=O)OCC(CC)(CO)C(=O)OCC(CC)(CO)C(=O)OCC(CC)(CO)C(=O)OCC(CC)(CO)C(=O)OCC(CC)(CO)C(=O)OCC(CC)(CO)C(=O)OCC(CC)(CO)C(=O)OCC(CC)(CO)C(=O)OCC(CC)(CO)C(=O)OCC(CC)(CO)C(=O)OCC(CC)(CO)C(=O)O,"Here is a TSMP designed for Tg â‰ˆ 50Â°C and Er â‰ˆ 20Mpa:
Monomer 1: CC(=O)OCC(COC(=O)CC)(COC(=O)CC)COC(=O)CC
Monomer 2: CC(=O)OCC(CC)(CO)C(=O)OCC(CC)(CO)C(=O)OCC(CC)(CO)C(=O)OCC(CC)(CO)C(=O)OCC(CC)(CO)C(=O)OCC(CC)(CO)C(=O)OCC(CC)(CO)C(=O)OCC(CC)(CO)C(=O)OCC(CC)(CO)C(=O)OCC(CC)(CO)C(=O)OCC(CC)(CO)C(=O)OCC(CC)(CO)C(=O)OCC(CC)(CO)C(=O)OCC(CC)(CO)C(=O)OCC(CC)(CO)C(=O)OCC(CC)(CO)C(=O)OCC(CC)(CO)C(=O)OCC(CC)(CO)C(=O)OCC(CC)(CO)C(=O)OCC(CC)(CO)C(=O)OCC(CC)(CO)C(=O)O",,,0.9,50.0,20.0,Suggest a polymer system for Tg â‰ˆ 50Â°C and Er â‰ˆ 20 MPa.,CC(=O)OCC(COC(=O)CC)(COC(=O)CC)COC(=O)CC,CC(=O)OCC(CC)(CO)C(=O)OCC(CC)(CO)C(=O)OCC(CC)(CO)C(=O)OCC(CC)(CO)C(=O)OCC(CC)(CO)C(=O)OCC(CC)(CO)C(=O)OCC(CC)(CO)C(=O)OCC(CC)(CO)C(=O)OCC(CC)(CO)C(=O)OCC(CC)(CO)C(=O)OCC(CC)(CO)C(=O)OCC(CC)(CO)C(=O)OCC(CC)(CO)C(=O)OCC(CC)(CO)C(=O)OCC(CC)(CO)C(=O)OCC(CC)(CO)C(=O)OCC(CC)(CO)C(=O)OCC(CC)(CO)C(=O)OCC(CC)(CO)C(=O)OCC(CC)(CO)C(=O)OCC(CC)(CO)C(=O)O,432.0373840332031,167.74893188476562,382.0373840332031,147.74893188476562
244,CC(C)(c2ccc(OCC1CO1)cc2)c4ccc(OCC3CO3)cc4,NCCN(CCN1CCCC1)CCN(CCN2CCCC2)CCN3CCCC3,"Based on your requirements, I suggest the following monomers:
Monomer 1: CC(C)(c2ccc(OCC1CO1)cc2)c4ccc(OCC3CO3)cc4
Monomer 2: NCCN(CCN1CCCC1)CCN(CCN2CCCC2)CCN3CCCC3",,,0.9,50.0,20.0,Suggest a polymer system for Tg â‰ˆ 50Â°C and Er â‰ˆ 20 MPa.,CC(C)(c2ccc(OCC1CO1)cc2)c4ccc(OCC3CO3)cc4,NCCN(CCN1CCCC1)CCN(CCN2CCCC2)CCN3CCCC3,71.5955810546875,26.152328491210938,0.0,0.0
245,CC(C)(c2ccc(OCCOCC1CO1)cc2)c4ccc(OCCOCC3CO3)cc4,NCc5ccc(Cc4ccc(N)c(OCC(O)COc2ccc(N)c1)cc4)cc5,"To achieve Tg of 50Â°C and Er of 20Mpa, consider this combination:
Monomer 1: CC(C)(c2ccc(OCCOCC1CO1)cc2)c4ccc(OCCOCC3CO3)cc4
Monomer 2: NCc5ccc(Cc4ccc(N)c(OCC(O)COc2ccc(N)c1)cc4)cc5",,,0.9,50.0,20.0,Suggest a polymer system for Tg â‰ˆ 50Â°C and Er â‰ˆ 20 MPa.,Not found,Not found,,,,
246,CC(C)(c2ccc(OCC1CO1)cc2)c4ccc(OCC3CO3)cc4,CCCl,"To achieve Tg of 50Â°C and Er of 20Mpa, consider this monomer combination:
Monomer 1: CC(C)(c2ccc(OCC1CO1)cc2)c4ccc(OCC3CO3)cc4
Monomer 2: CCCl",,,1.0,50.0,20.0,Suggest a polymer system for Tg â‰ˆ 50Â°C and Er â‰ˆ 20 MPa.,CC(C)(c2ccc(OCC1CO1)cc2)c4ccc(OCC3CO3)cc4,CCCl,93.60565948486328,18.128313064575195,43.60565948486328,0.0
247,c1ccc(OC3CO3)cc1,C(C)(C)N,"To achieve Tg of 50Â°C and Er of 20Mpa, consider this monomer combination:
Monomer 1: c1ccc(OC3CO3)cc1
Monomer 2: C(C)(C)N",,,1.0,50.0,20.0,Suggest a polymer system for Tg â‰ˆ 50Â°C and Er â‰ˆ 20 MPa.,c1ccc(OC3CO3)cc1,C(C)(C)N,53.899471282958984,17.781272888183594,0.0,0.0
248,CC(C)(c2ccc(OCCOCC1CO1)cc2)c4ccc(OCCOCC3CO3)cc4,CC(C)(C)N,"To achieve Tg of 50Â°C and Er of 20Mpa, consider this monomer combination:
Monomer 1: CC(C)(c2ccc(OCCOCC1CO1)cc2)c4ccc(OCCOCC3CO3)cc4
Monomer 2: CC(C)(C)N",,,1.0,50.0,20.0,Suggest a polymer system for Tg â‰ˆ 50Â°C and Er â‰ˆ 20 MPa.,CC(C)(c2ccc(OCCOCC1CO1)cc2)c4ccc(OCCOCC3CO3)cc4,CC(C)(C)N,165.74000549316406,46.627872467041016,115.74000549316406,0.0
249,CC(C)(c2ccc(OCC1CO1)cc2)c4ccc(OCC3CO3)cc4,CCCCCCCCCCCCCCCCCN,"Sure! Here's a monomer pair that matches your request:
Monomer 1: CC(C)(c2ccc(OCC1CO1)cc2)c4ccc(OCC3CO3)cc4
Monomer 2: CCCCCCCCCCCCCCCCCN",,,1.0,50.0,20.0,Suggest a polymer system for Tg â‰ˆ 50Â°C and Er â‰ˆ 20 MPa.,CC(C)(c2ccc(OCC1CO1)cc2)c4ccc(OCC3CO3)cc4,CCCCCCCCCCCCCCCCCN,77.29131317138672,14.45167064666748,0.0,0.0
250,CC(C)(c4ccc(OCCOCCOCCOC3CC(C2CCC(C1CCC(C(C)C2)CC1)C3)OCCOCCOCCOCCOCCOCCOCCOCCOCCOCCOCCOCCOCCOCCOCCOCCOCCOCCOCCOCCOCCOC(=O)NCC1(C(=O)OCC(=O)N)CC(N)(C(=O)OCC(=O)N)C(=O)OCC(=O)NCC1)C(=O)NCC(=O)OCC(=O)NCC(=O)OCC(=O)NCC1(C(=O)OCC(=O)N)CC(N)(C(=O)OCC(=O)N)C(=O)OCC(=O)NCC1)C(=O)OCCOCCOCCOCCOCCOCCOCCOCCOCCOCCOCCOCCOCCOCCOCCOCCOCCOCCOCCOCCOCCOCCOCCOCCOCCOCCOCCOCCOCCOCCOCCOCCOCC,,"To achieve Tg of 50Â°C and Er of 20Mpa, consider this monomer combination:
Monomer 1: CC(C)(c4ccc(OCCOCCOCCOC3CC(C2CCC(C1CCC(C(C)C2)CC1)C3)OCCOCCOCCOCCOCCOCCOCCOCCOCCOCCOCCOCCOCCOCCOCCOCCOCCOCCOCCOCCOCCOC(=O)NCC1(C(=O)OCC(=O)N)CC(N)(C(=O)OCC(=O)N)C(=O)OCC(=O)NCC1)C(=O)NCC(=O)OCC(=O)NCC(=O)OCC(=O)NCC1(C(=O)OCC(=O)N)CC(N)(C(=O)OCC(=O)N)C(=O)OCC(=O)NCC1)C(=O)OCCOCCOCCOCCOCCOCCOCCOCCOCCOCCOCCOCCOCCOCCOCCOCCOCCOCCOCCOCCOCCOCCOCCOCCOCCOCCOCCOCCOCCOCCOCCOCCOCC",,,1.0,50.0,20.0,Suggest a polymer system for Tg â‰ˆ 50Â°C and Er â‰ˆ 20 MPa.,Not found,Not found,,,,
251,CC(C)(c2ccc(OCC1CO1)cc2)c4ccc(OCC3CO3)cc4,CC(N)COCC(C)OCC(C)OCC(C)OCC(C)OCC(C)OCC(C)OCC(C)N,"Here's a monomer pair designed with the required functionalities and properties:
Monomer 1: CC(C)(c2ccc(OCC1CO1)cc2)c4ccc(OCC3CO3)cc4
Monomer 2: CC(N)COCC(C)OCC(C)OCC(C)OCC(C)OCC(C)OCC(C)OCC(C)N",epoxy(C1OC1),imine(NC),0.3,100.0,40.0,"Suggest a TSMP system that satisfies Tg = 100Â°C and Er = 40 MPa, incorporating epoxy(C1OC1) and imine(NC) functionalities.",CC(C)(c2ccc(OCC1CO1)cc2)c4ccc(OCC3CO3)cc4,CC(N)COCC(C)OCC(C)OCC(C)OCC(C)OCC(C)OCC(C)OCC(C)N,51.76215744018555,14.443411827087402,48.23784255981445,0.0
252,CC(C)(c2ccc(OCC1CO1)cc2)c4ccc(OCC3CO3)cc4,NCCOCCOCCN,"Here's a monomer pair designed with the required functionalities and properties:
Monomer 1: CC(C)(c2ccc(OCC1CO1)cc2)c4ccc(OCC3CO3)cc4
Monomer 2: NCCOCCOCCN",epoxy(C1OC1),imine(NC),0.3,100.0,40.0,"Suggest a TSMP system that satisfies Tg = 100Â°C and Er = 40 MPa, incorporating epoxy(C1OC1) and imine(NC) functionalities.",CC(C)(c2ccc(OCC1CO1)cc2)c4ccc(OCC3CO3)cc4,NCCOCCOCCN,68.14073944091797,16.855539321899414,31.85926055908203,0.0
253,CC(C)(c2ccc(OCC1CO1)cc2)c4ccc(OCC3CO3)cc4,NCCOCCOCCN,"Here's a monomer pair designed with the required functionalities and properties:
Monomer 1: CC(C)(c2ccc(OCC1CO1)cc2)c4ccc(OCC3CO3)cc4
Monomer 2: NCCOCCOCCN",epoxy(C1OC1),imine(NC),0.3,100.0,40.0,"Suggest a TSMP system that satisfies Tg = 100Â°C and Er = 40 MPa, incorporating epoxy(C1OC1) and imine(NC) functionalities.",CC(C)(c2ccc(OCC1CO1)cc2)c4ccc(OCC3CO3)cc4,NCCOCCOCCN,68.14073944091797,16.855539321899414,31.85926055908203,0.0
254,CC(C)(c2ccc(OCC1CO1)cc2)c4ccc(OCC3CO3)cc4,CC(N)COCC(C)OCC(C)OCC(C)OCC(C)OCC(C)N,"Here's a monomer pair designed with the required functionalities and properties:
Monomer 1: CC(C)(c2ccc(OCC1CO1)cc2)c4ccc(OCC3CO3)cc4
Monomer 2: CC(N)COCC(C)OCC(C)OCC(C)OCC(C)OCC(C)N",epoxy(C1OC1),imine(NC),0.3,100.0,40.0,"Suggest a TSMP system that satisfies Tg = 100Â°C and Er = 40 MPa, incorporating epoxy(C1OC1) and imine(NC) functionalities.",CC(C)(c2ccc(OCC1CO1)cc2)c4ccc(OCC3CO3)cc4,CC(N)COCC(C)OCC(C)OCC(C)OCC(C)OCC(C)N,49.39400100708008,13.769707679748535,50.60599899291992,0.0
255,CC(C)(c2ccc(OCC1CO1)cc2)c4ccc(OCC3CO3)cc4,NCCOCCOCCN,"Here's a monomer pair designed with the required functionalities and properties:
Monomer 1: CC(C)(c2ccc(OCC1CO1)cc2)c4ccc(OCC3CO3)cc4
Monomer 2: NCCOCCOCCN",epoxy(C1OC1),imine(NC),0.3,100.0,40.0,"Suggest a TSMP system that satisfies Tg = 100Â°C and Er = 40 MPa, incorporating epoxy(C1OC1) and imine(NC) functionalities.",CC(C)(c2ccc(OCC1CO1)cc2)c4ccc(OCC3CO3)cc4,NCCOCCOCCN,68.14073944091797,16.855539321899414,31.85926055908203,0.0
256,CC(C)(c2ccc(OCC1CO1)cc2)c4ccc(OCC3CO3)cc4,NCCOCCOCCN,"Here's a monomer pair that includes the requested functionalities and matches the target properties:
Monomer 1: CC(C)(c2ccc(OCC1CO1)cc2)c4ccc(OCC3CO3)cc4
Monomer 2: NCCOCCOCCN",epoxy(C1OC1),imine(NC),0.5,100.0,40.0,"Suggest a TSMP system that satisfies Tg = 100Â°C and Er = 40 MPa, incorporating epoxy(C1OC1) and imine(NC) functionalities.",CC(C)(c2ccc(OCC1CO1)cc2)c4ccc(OCC3CO3)cc4,NCCOCCOCCN,68.14073944091797,16.855539321899414,31.85926055908203,0.0
257,CC(C)(c2ccc(OCCOCC1CO1)cc2)c4ccc(OCCOCC3CO3)cc,CC(N)COCC(C)OCC(C)OCC(C)N,"This monomer pair includes the required functionalities and is designed for your specific Tg and Er values:
Monomer 1: CC(C)(c2ccc(OCCOCC1CO1)cc2)c4ccc(OCCOCC3CO3)cc4
Monomer 2: CC(N)COCC(C)OCC(C)OCC(C)N",epoxy(C1OC1),imine(NC),0.5,100.0,40.0,"Suggest a TSMP system that satisfies Tg = 100Â°C and Er = 40 MPa, incorporating epoxy(C1OC1) and imine(NC) functionalities.",Not found,Not found,,,,
258,CC(C)(c2ccc(OCCOCCOCCOCCOCCOCCOCCOCCOCCOCC1)C1CCOCC1)c4ccc(OCCOCCOCCOCCOCCOCCOCCOCCOCCOCC3)ccc4,CC(N)COCC(C)OCC(C)N,"Here's a group-compliant monomer pair:
Monomer 1: CC(C)(c2ccc(OCCOCCOCCOCCOCCOCCOCCOCCOCCOCC1)C1CCOCC1)c4ccc(OCCOCCOCCOCCOCCOCCOCCOCCOCCOCC3)ccc4
Monomer 2: CC(N)COCC(C)OCC(C)N",epoxy(C1OC1),imine(NC),0.5,100.0,40.0,"Suggest a TSMP system that satisfies Tg = 100Â°C and Er = 40 MPa, incorporating epoxy(C1OC1) and imine(NC) functionalities.",Not found,Not found,,,,
259,Cc3cc(c2cc(C)c(OCC1CO1)c(C)c2)cc(C)c3OCC4CO4,CC(N)COCC(C)OCC(C)OCC(C)OCC(C)OCC(C)N,"Here's a valid monomer pair designed with the required functionalities and target properties:
Monomer 1: Cc3cc(c2cc(C)c(OCC1CO1)c(C)c2)cc(C)c3OCC4CO4
Monomer 2: CC(N)COCC(C)OCC(C)OCC(C)OCC(C)OCC(C)N",epoxy(C1OC1),imine(NC),0.5,100.0,40.0,"Suggest a TSMP system that satisfies Tg = 100Â°C and Er = 40 MPa, incorporating epoxy(C1OC1) and imine(NC) functionalities.",Cc3cc(c2cc(C)c(OCC1CO1)c(C)c2)cc(C)c3OCC4CO4,CC(N)COCC(C)OCC(C)OCC(C)OCC(C)OCC(C)N,62.65515899658203,26.43963050842285,37.34484100341797,0.0
260,CC(C)(c2ccc(OCC1CO1)cc2)c4ccc(OCC3CO3)cc4,CC(N)COCC(C)OCC(C)OCC(C)OCC(C)OCC(C)OCC(C)N,"The following monomers incorporate the required functional groups and are suitable for the targeted properties:
Monomer 1: CC(C)(c2ccc(OCC1CO1)cc2)c4ccc(OCC3CO3)cc4
Monomer 2: CC(N)COCC(C)OCC(C)OCC(C)OCC(C)OCC(C)OCC(C)N",epoxy(C1OC1),imine(NC),0.5,100.0,40.0,"Suggest a TSMP system that satisfies Tg = 100Â°C and Er = 40 MPa, incorporating epoxy(C1OC1) and imine(NC) functionalities.",CC(C)(c2ccc(OCC1CO1)cc2)c4ccc(OCC3CO3)cc4,CC(N)COCC(C)OCC(C)OCC(C)OCC(C)OCC(C)OCC(C)N,50.57002639770508,14.100987434387207,49.42997360229492,0.0
261,CC(C)(c2ccc(OCC1CO1)cc2)c4ccc(OCC3CO3)cc4,NCCOCCOCCN,"Here's a monomer pair that includes the specified functionalities and matches the target properties:
Monomer 1: CC(C)(c2ccc(OCC1CO1)cc2)c4ccc(OCC3CO3)cc4
Monomer 2: NCCOCCOCCN",epoxy(C1OC1),imine(NC),0.7,100.0,40.0,"Suggest a TSMP system that satisfies Tg = 100Â°C and Er = 40 MPa, incorporating epoxy(C1OC1) and imine(NC) functionalities.",CC(C)(c2ccc(OCC1CO1)cc2)c4ccc(OCC3CO3)cc4,NCCOCCOCCN,68.14073944091797,16.855539321899414,31.85926055908203,0.0
262,CC(C)(c2ccc(OCCOCCOCCOC1CCC1)cc2)c4ccc(OCCOCCOCCC3CC3)cc4,NCCOCCOCCN,"Here's a monomer pair that includes the specified functionalities:
Monomer 1 (C1OC1 groups): CC(C)(c2ccc(OCCOCCOCCOC1CCC1)cc2)c4ccc(OCCOCCOCCC3CC3)cc4
Monomer 2 (NC groups): NCCOCCOCCN",epoxy(C1OC1),imine(NC),0.7,100.0,40.0,"Suggest a TSMP system that satisfies Tg = 100Â°C and Er = 40 MPa, incorporating epoxy(C1OC1) and imine(NC) functionalities.",CC(C)(c2ccc(OCCOCCOCCOC1CCC1)cc2)c4ccc(OCCOCCOCCC3CC3)cc4,NCCOCCOCCN,113.41474151611328,28.27916145324707,0.0,0.0
263,CC(C)(c2ccc(OCC1CO1)cc2)c4ccc(OCC3CO3)cc4,CC(CN)CCCN,"Here's a valid monomer pair designed with the required functionalities and target properties:
Monomer 1: CC(C)(c2ccc(OCC1CO1)cc2)c4ccc(OCC3CO3)cc4
Monomer 2: CC(CN)CCCN",epoxy(C1OC1),imine(NC),0.7,100.0,40.0,"Suggest a TSMP system that satisfies Tg = 100Â°C and Er = 40 MPa, incorporating epoxy(C1OC1) and imine(NC) functionalities.",CC(C)(c2ccc(OCC1CO1)cc2)c4ccc(OCC3CO3)cc4,CC(CN)CCCN,64.36151885986328,28.670339584350586,35.63848114013672,0.0
264,CC(C)(c2ccc(OCC1CO1)cc2)c4ccc(OCC3CO3)cc4,NCCOCCOCCN,"Here's a monomer pair that includes the requested functionalities and matches the target properties:
Monomer 1: CC(C)(c2ccc(OCC1CO1)cc2)c4ccc(OCC3CO3)cc4
Monomer 2: NCCOCCOCCN",epoxy(C1OC1),imine(NC),0.7,100.0,40.0,"Suggest a TSMP system that satisfies Tg = 100Â°C and Er = 40 MPa, incorporating epoxy(C1OC1) and imine(NC) functionalities.",CC(C)(c2ccc(OCC1CO1)cc2)c4ccc(OCC3CO3)cc4,NCCOCCOCCN,68.14073944091797,16.855539321899414,31.85926055908203,0.0
265,"Cc1oc2cc(CCc1OCC1COc1cc(C(C)C)cc(O1)C(=O)O2)cc(C(C)C)c2OCC2COc2ccc(OCCOCCOCCOCCOCCOCCOCCOCCOCCOCCOCCOCCOCCOCCOCCOCCOCCOCCOCCOCCOCCOCCOCCOCCOCCOCCOCCOCCOCCOCCOCCOCCOCCOCCOCCOCCOCCOCCOCCOCCOCCOCCOCCOCCOCCOCCOCCOCCOCCOCCOCCOCCOCCOCCOCCOCCOCCOCCOCCOCCOCCOCCOCCOCCOCCOCCOCCOCCOCCOCCOCCOCCOCCOCCOCCOCCOCCOCCOCCOCCOCCOCCOCCOCCOCCOCCOCCOCCOCCOCCOCCOCCOCCOCCOCCOCCOCCOCCOCCOCCOCCOCCOCCOCCOCCOCCOCCOCCOCCOCCOCCOCCOCCOCCO""",,"Here is a pair of monomers that match the required functionalities and properties:
Monomer 1 (epoxy): Cc1oc2cc(CCc1OCC1COc1cc(C(C)C)cc(O1)C(=O)O2)cc(C(C)C)c2OCC2COc2ccc(OCCOCCOCCOCCOCCOCCOCCOCCOCCOCCOCCOCCOCCOCCOCCOCCOCCOCCOCCOCCOCCOCCOCCOCCOCCOCCOCCOCCOCCOCCOCCOCCOCCOCCOCCOCCOCCOCCOCCOCCOCCOCCOCCOCCOCCOCCOCCOCCOCCOCCOCCOCCOCCOCCOCCOCCOCCOCCOCCOCCOCCOCCOCCOCCOCCOCCOCCOCCOCCOCCOCCOCCOCCOCCOCCOCCOCCOCCOCCOCCOCCOCCOCCOCCOCCOCCOCCOCCOCCOCCOCCOCCOCCOCCOCCOCCOCCOCCOCCOCCOCCOCCOCCOCCOCCOCCOCCOCCOCCOCCOCCOCCOCCOCCO",epoxy(C1OC1),imine(NC),0.7,100.0,40.0,"Suggest a TSMP system that satisfies Tg = 100Â°C and Er = 40 MPa, incorporating epoxy(C1OC1) and imine(NC) functionalities.",Not found,Not found,,,,
266,CC(C)(c2ccc(OCC1CO1)cc2)c4ccc(OCC3CO3)cc4,NCCOCCOCCN,"Here's a monomer pair that includes the desired functional groups and matches the target properties:
Monomer 1 (with C1OC1 groups): CC(C)(c2ccc(OCC1CO1)cc2)c4ccc(OCC3CO3)cc4
Monomer 2 (with NC groups): NCCOCCOCCN",epoxy(C1OC1),imine(NC),0.9,100.0,40.0,"Suggest a TSMP system that satisfies Tg = 100Â°C and Er = 40 MPa, incorporating epoxy(C1OC1) and imine(NC) functionalities.",CC(C)(c2ccc(OCC1CO1)cc2)c4ccc(OCC3CO3)cc4,NCCOCCOCCN,68.14073944091797,16.855539321899414,31.85926055908203,0.0
267,C=CCOCC(COCC=C)(COCC=C)COC(=O)NCC1(C)CC(NC(=O)OCC=C)CC(C)(C)1,NCCOCCOCCN,"Here's a monomer pair designed with the required functionalities and properties:
Monomer 1: C=CCOCC(COCC=C)(COCC=C)COC(=O)NCC1(C)CC(NC(=O)OCC=C)CC(C)(C)1
Monomer 2: NCCOCCOCCN",epoxy(C1OC1),imine(NC),0.9,100.0,40.0,"Suggest a TSMP system that satisfies Tg = 100Â°C and Er = 40 MPa, incorporating epoxy(C1OC1) and imine(NC) functionalities.",C=CCOCC(COCC=C)(COCC=C)COC(=O)NCC1(C)CC(NC(=O)OCC=C)CC(C)(C)1,NCCOCCOCCN,100.12139892578125,26.946605682373047,0.0,0.0
268,CC(C)(c4ccc(OCC(O)COc3ccc(C(C)(C)c2ccc(OCC1CO1)cc2)cc3)cc4)c6ccc(OCC5CO5)cc6,CC(N)COCC(C)OCC(C)N,"Here is a pair of monomers that includes the requested functionalities and is compatible with the target properties:
Monomer 1 (contains C1OC1 groups): CC(C)(c4ccc(OCC(O)COc3ccc(C(C)(C)c2ccc(OCC1CO1)cc2)cc3)cc4)c6ccc(OCC5CO5)cc6
Monomer 2 (contains NC groups): CC(N)COCC(C)OCC(C)N",epoxy(C1OC1),imine(NC),0.9,100.0,40.0,"Suggest a TSMP system that satisfies Tg = 100Â°C and Er = 40 MPa, incorporating epoxy(C1OC1) and imine(NC) functionalities.",CC(C)(c4ccc(OCC(O)COc3ccc(C(C)(C)c2ccc(OCC1CO1)cc2)cc3)cc4)c6ccc(OCC5CO5)cc6,CC(N)COCC(C)OCC(C)N,45.79751968383789,14.658690452575684,54.20248031616211,0.0
269,CCCCCCCCCCCCCCC(=O)OCCn1c(=O)n(CCOC(=O)CC)c(=O)n(CCOC(=O)CC)c1=O,CCCCC(C)(C)COC(=O)NCCNOC(=O)CC(C)(C)CC,"Designing with C1OC1 and NC for Tg â‰ˆ 100Â°C and Er â‰ˆ 40MPa leads to these monomers:
Monomer 1: CCCCCCCCCCCCCCC(=O)OCCn1c(=O)n(CCOC(=O)CC)c(=O)n(CCOC(=O)CC)c1=O
Monomer 2: CCCCC(C)(C)COC(=O)NCCNOC(=O)CC(C)(C)CC",epoxy(C1OC1),imine(NC),0.9,100.0,40.0,"Suggest a TSMP system that satisfies Tg = 100Â°C and Er = 40 MPa, incorporating epoxy(C1OC1) and imine(NC) functionalities.",CCCCCCCCCCCCCCC(=O)OCCn1c(=O)n(CCOC(=O)CC)c(=O)n(CCOC(=O)CC)c1=O,CCCCC(C)(C)COC(=O)NCCNOC(=O)CC(C)(C)CC,113.420654296875,81.15509796142578,0.0,41.15509796142578
270,Cc1cccc2c1c(=O)c(=O)c3c2c(=O)n(c3=O)c5c4cc(C)c(=O)n5c(=O)c4c(=O)n(c6cc(C)cc=c6C)c3(=O)N,,"Here's a monomer pair that includes the requested functionalities and matches the target properties:
Monomer 1: Cc1cccc2c1c(=O)c(=O)c3c2c(=O)n(c3=O)c5c4cc(C)c(=O)n5c(=O)c4c(=O)n(c6cc(C)cc=c6C)c3(=O)N",epoxy(C1OC1),imine(NC),0.9,100.0,40.0,"Suggest a TSMP system that satisfies Tg = 100Â°C and Er = 40 MPa, incorporating epoxy(C1OC1) and imine(NC) functionalities.",Not found,Not found,,,,
271,CC(C)(c2ccc(OCC1CO1)cc2)c4ccc(OCC3CO3)cc4,CC(CN)CCCN,"Here's a monomer pairing fulfilling the criteria of C1OC1 and NC functionality and designed for Tg = 100Â°C and Er = 40Mpa:
Monomer 1: CC(C)(c2ccc(OCC1CO1)cc2)c4ccc(OCC3CO3)cc4
Monomer 2: CC(CN)CCCN",epoxy(C1OC1),imine(NC),1.0,100.0,40.0,"Suggest a TSMP system that satisfies Tg = 100Â°C and Er = 40 MPa, incorporating epoxy(C1OC1) and imine(NC) functionalities.",CC(C)(c2ccc(OCC1CO1)cc2)c4ccc(OCC3CO3)cc4,CC(CN)CCCN,64.36151885986328,28.670339584350586,35.63848114013672,0.0
272,CC(C)(c2ccc(OCCOCC1CO1)cc2)c4ccc(OCCOCC3CO3)cc4,NCCCOCCCOCCCN,"Here's a monomer pair that matches the group profile and target properties you've specified:
Monomer 1: CC(C)(c2ccc(OCCOCC1CO1)cc2)c4ccc(OCCOCC3CO3)cc4
Monomer 2: NCCCOCCCOCCCN",epoxy(C1OC1),imine(NC),1.0,100.0,40.0,"Suggest a TSMP system that satisfies Tg = 100Â°C and Er = 40 MPa, incorporating epoxy(C1OC1) and imine(NC) functionalities.",CC(C)(c2ccc(OCCOCC1CO1)cc2)c4ccc(OCCOCC3CO3)cc4,NCCCOCCCOCCCN,49.091800689697266,15.178893089294434,50.908199310302734,0.0
273,Cc3cc(C)c2c(c(CC(O)COc1ccc(C(C)(C)C)cc1)OCC3CO3)OCC2CO2)OCC1CO1,N=Cc1cccc(C=N)c1,"Here's a TSMP that includes the requested functionalities and meets the property specifications:
Monomer 1: Cc3cc(C)c2c(c(CC(O)COc1ccc(C(C)(C)C)cc1)OCC3CO3)OCC2CO2)OCC1CO1
Monomer 2: N=Cc1cccc(C=N)c1",epoxy(C1OC1),imine(NC),1.0,100.0,40.0,"Suggest a TSMP system that satisfies Tg = 100Â°C and Er = 40 MPa, incorporating epoxy(C1OC1) and imine(NC) functionalities.",Not found,Not found,,,,
274,CC(C)(c2ccc(OCC1CO1)cc2)c4ccc(OCC3CO3)cc4,CC1(C)CC(N)CC(O)C1(c2cccc(C(C)(C)c2)C(C)(C)c6cccc(OCC6)C(=O)OCC3CC3)C(=O)OCC4CC4,"The following monomers incorporate the requested functionalities and are designed for your specific properties:
Monomer 1 (C1OC1 groups): CC(C)(c2ccc(OCC1CO1)cc2)c4ccc(OCC3CO3)cc4
Monomer 2 (NC groups): CC1(C)CC(N)CC(O)C1(c2cccc(C(C)(C)c2)C(C)(C)c6cccc(OCC6)C(=O)OCC3CC3)C(=O)OCC4CC4",epoxy(C1OC1),imine(NC),1.0,100.0,40.0,"Suggest a TSMP system that satisfies Tg = 100Â°C and Er = 40 MPa, incorporating epoxy(C1OC1) and imine(NC) functionalities.",Not found,Not found,,,,
275,CC(C)(c2ccc(OCCOCCOCCOCC1)cc2)c4ccc(OCCOCCOCCOCC3)cc4,NCCOCCOCCOCCOCCN,"To meet the functional group constraints of C1OC1 and NC, I designed the following monomers:
Monomer 1: CC(C)(c2ccc(OCCOCCOCCOCC1)cc2)c4ccc(OCCOCCOCCOCC3)cc4Monomer 2: NCCOCCOCCOCCOCCN",epoxy(C1OC1),imine(NC),1.0,100.0,40.0,"Suggest a TSMP system that satisfies Tg = 100Â°C and Er = 40 MPa, incorporating epoxy(C1OC1) and imine(NC) functionalities.",CCOCCOCCOCCOc1ccc(C(C)(C)c2ccc(OCCOCCOCCOCC)cc2)cc1,NCCOCCOCCOCCOCCN,79.96597290039062,15.846829414367676,0.0,0.0
276, C=CCc1ccccc1OCC(O)COC(=O)CCCCC(=O)OCC(O)COc2ccccc2CC=C,CCCC(=O)OCC(COC(=O)CC)(COC(=O)CC)COC(=O)CC,"Here's a valid monomer pair designed with vinyl and thiol groups, and optimized for Tg â‰ˆ 150Â°C and Er â‰ˆ 30Mpa:
Monomer 1: C=CCc1ccccc1OCC(O)COC(=O)CCCCC(=O)OCC(O)COc2ccccc2CC=C
Monomer 2: CCCC(=O)OCC(COC(=O)CC)(COC(=O)CC)COC(=O)CC",vinyl(C=C),thiol(CCS),0.3,150.0,30.0,"Create a thermoset polymer with Tg = 150Â°C, Er = 30 MPa, and monomers featuring vinyl(C=C) in monomer1 and thiol(CCS) in monomer2 groups.",C=CCc1ccccc1OCC(O)COC(=O)CCCCC(=O)OCC(O)COc2ccccc2CC=C,CCCC(=O)OCC(COC(=O)CC)(COC(=O)CC)COC(=O)CC,58.81491470336914,26.8085880279541,91.18508529663086,0.0
277,C=C(C)C(=O)OCCOCCOCCOCCOCCOCCOCCOCCOCCOCCOCCOCCOCCOCCOCCOCCOCCOCCOC(=O)C(=C)C,C=C(CCS)OCC(COC(=O)CCS)(COC(=O)CCS)COC(=O)CCSC(=O)NCC1(C)CC(C)(C)CC(C)(C)C1,"Here's a valid monomer pair designed with C=C and CCS groups, targeting Tg â‰ˆ 150Â°C and Er â‰ˆ 30MPa:
Monomer 1: C=C(C)C(=O)OCCOCCOCCOCCOCCOCCOCCOCCOCCOCCOCCOCCOCCOCCOCCOCCOCCOCCOC(=O)C(=C)C
Monomer 2: C=C(CCS)OCC(COC(=O)CCS)(COC(=O)CCS)COC(=O)CCSC(=O)NCC1(C)CC(C)(C)CC(C)(C)C1",vinyl(C=C),thiol(CCS),0.3,150.0,30.0,"Create a thermoset polymer with Tg = 150Â°C, Er = 30 MPa, and monomers featuring vinyl(C=C) in monomer1 and thiol(CCS) in monomer2 groups.",C=C(C)C(=O)OCCOCCOCCOCCOCCOCCOCCOCCOCCOCCOCCOCCOCCOCCOCCOCCOCCOCCOC(=O)C(=C)C,C=C(CCS)OCC(COC(=O)CCS)(COC(=O)CCS)COC(=O)CCSC(=O)NCC1(C)CC(C)(C)CC(C)(C)C1,87.82357788085938,31.04443359375,62.176422119140625,0.0
278,C=CCc1ccccc1OCC(O)COC(=O)Cc3ccc(C(=O)OCC(C)COc2ccccc2CC)(c3)cc4ccc(OCC(C)COc6ccccc6CC)(c4)cc5ccc(OCC(C)COc8ccccc8CC)(c5)cc7ccc(OCC(C)COc7ccccc9CC)(c6)cc1ccc(OCC(C)COc1ccccc3CC)(c2)cc0ccc(OCC(C)COc0ccccc4CC)(c0)cc9ccc(OCC(C)COc3ccccc3CC)(c4)cc8ccc(OCC(C)COc6ccccc6CC)(c5)cc2ccc(OCC(C)COc2ccccc0CC)(c1)cc7ccc(OCC(C)COc7ccccc1CC)(c3)cc0ccc(OCC(C)COc0ccccc2CC)(c2)cc9ccc(OCC(C)COc4ccccc4CC)(c6)cc5ccc(OCC(C)COc8ccccc8CC)(c7)cc3ccc(OCC(C,,"Here's a valid monomer pair designed with vinyl and thiol groups, and optimized for Tg â‰ˆ 150Â°C and Er â‰ˆ 30Mpa:
Monomer 1: C=CCc1ccccc1OCC(O)COC(=O)Cc3ccc(C(=O)OCC(C)COc2ccccc2CC)(c3)cc4ccc(OCC(C)COc6ccccc6CC)(c4)cc5ccc(OCC(C)COc8ccccc8CC)(c5)cc7ccc(OCC(C)COc7ccccc9CC)(c6)cc1ccc(OCC(C)COc1ccccc3CC)(c2)cc0ccc(OCC(C)COc0ccccc4CC)(c0)cc9ccc(OCC(C)COc3ccccc3CC)(c4)cc8ccc(OCC(C)COc6ccccc6CC)(c5)cc2ccc(OCC(C)COc2ccccc0CC)(c1)cc7ccc(OCC(C)COc7ccccc1CC)(c3)cc0ccc(OCC(C)COc0ccccc2CC)(c2)cc9ccc(OCC(C)COc4ccccc4CC)(c6)cc5ccc(OCC(C)COc8ccccc8CC)(c7)cc3ccc(OCC(C",vinyl(C=C),thiol(CCS),0.3,150.0,30.0,"Create a thermoset polymer with Tg = 150Â°C, Er = 30 MPa, and monomers featuring vinyl(C=C) in monomer1 and thiol(CCS) in monomer2 groups.",Not found,Not found,,,,
279,C=C(C)OCC(O)(C)COC(=O)CC(C)(C)OCC(O)(C)COc2ccc(C(C)(C)C(=O)OCC(O)(C)COc1ccc(C(C)(C)C(=O)OCC(O)(C)COc3ccc(C(C)(C)C(=O)OCC(O)(C)COc4ccc(C(C)(C)C(=O)OCC(O)(C)COc5ccc(C(C)(C)C(=O)OCC(O)(C)COc6ccc(C(C)(C)C(=O)OCC(O)(C)COc7ccc(C(C)(C)C(=O)OCC(O)(C)COc8ccc(C(C)(C)C(=O)OCC(O)(C)COc9ccc(C(C)(C)C(=O)OCC(O)(C)COc10ccc(C(C)(C)C(=O)OCC(O)(C)COc11ccc(C(C)(C)C(=O)OCC(O)(C)COc12ccc(C(C)(C)C(=O)OCC(O)(C)COc13ccc(C(C)(C)C(=O,,"Here's a valid monomer pair designed with the required functionalities:
Monomer 1 (C=C): C=C(C)OCC(O)(C)COC(=O)CC(C)(C)OCC(O)(C)COc2ccc(C(C)(C)C(=O)OCC(O)(C)COc1ccc(C(C)(C)C(=O)OCC(O)(C)COc3ccc(C(C)(C)C(=O)OCC(O)(C)COc4ccc(C(C)(C)C(=O)OCC(O)(C)COc5ccc(C(C)(C)C(=O)OCC(O)(C)COc6ccc(C(C)(C)C(=O)OCC(O)(C)COc7ccc(C(C)(C)C(=O)OCC(O)(C)COc8ccc(C(C)(C)C(=O)OCC(O)(C)COc9ccc(C(C)(C)C(=O)OCC(O)(C)COc10ccc(C(C)(C)C(=O)OCC(O)(C)COc11ccc(C(C)(C)C(=O)OCC(O)(C)COc12ccc(C(C)(C)C(=O)OCC(O)(C)COc13ccc(C(C)(C)C(=O",vinyl(C=C),thiol(CCS),0.3,150.0,30.0,"Create a thermoset polymer with Tg = 150Â°C, Er = 30 MPa, and monomers featuring vinyl(C=C) in monomer1 and thiol(CCS) in monomer2 groups.",Not found,Not found,,,,
280,C=C(C)C(=C)OCCOCCOCCOCCOCCOCCOCCOCCOCCOCCOCCOCCOCCOCCOCCOCCOCCOCCOCCOCCOCCOC(=O)C(C)=O,CC(CS)OCC(CS)OCC(CS)OCC(CS)OCC(CS)OCC(CS)OCC(CS)OCC(CS)OCC(CS)OCC(CS)OCC(CS)OCC(CS)OCC(CS)OCC(CS)OCC(CS)OCC(CS)OCC(CS)OCC(CS)OCC(CS)OCC(CS)OCC(CS)OCC(CS)OCC(CS)OCC(CS)OCC(CS)OCC(CS)OCC(CS)OCC(CS)OCC(CS)OCC(CS)OCC(CS)OCC(CS)OCC(CS)OCC(CS)OCC(CS)OCC(CS)OCC(CS)OCC(CS)OCC(CS)OCC(CS)OCC(CS)OCC(CS),"Here's a valid monomer pair that includes the required functional groups and matches your Tg/Er specifications:
Monomer 1: C=C(C)C(=C)OCCOCCOCCOCCOCCOCCOCCOCCOCCOCCOCCOCCOCCOCCOCCOCCOCCOCCOCCOCCOCCOC(=O)C(C)=O
Monomer 2: CC(CS)OCC(CS)OCC(CS)OCC(CS)OCC(CS)OCC(CS)OCC(CS)OCC(CS)OCC(CS)OCC(CS)OCC(CS)OCC(CS)OCC(CS)OCC(CS)OCC(CS)OCC(CS)OCC(CS)OCC(CS)OCC(CS)OCC(CS)OCC(CS)OCC(CS)OCC(CS)OCC(CS)OCC(CS)OCC(CS)OCC(CS)OCC(CS)OCC(CS)OCC(CS)OCC(CS)OCC(CS)OCC(CS)OCC(CS)OCC(CS)OCC(CS)OCC(CS)OCC(CS)OCC(CS)OCC(CS)OCC(CS)OCC(CS)",vinyl(C=C),thiol(CCS),0.3,150.0,30.0,"Create a thermoset polymer with Tg = 150Â°C, Er = 30 MPa, and monomers featuring vinyl(C=C) in monomer1 and thiol(CCS) in monomer2 groups.",C=C(C)C(=C)OCCOCCOCCOCCOCCOCCOCCOCCOCCOCCOCCOCCOCCOCCOCCOCCOCCOCCOCCOCCOCCOC(=O)C(C)=O,CC(CS)OCC(CS)OCC(CS)OCC(CS)OCC(CS)OCC(CS)OCC(CS)OCC(CS)OCC(CS)OCC(CS)OCC(CS)OCC(CS)OCC(CS)OCC(CS)OCC(CS)OCC(CS)OCC(CS)OCC(CS)OCC(CS)OCC(CS)OCC(CS)OCC(CS)OCC(CS)OCC(CS)OCC(CS)OCC(CS)OCC(CS)OCC(CS)OCC(CS)OCC(CS)OCC(CS)OCC(CS)OCC(CS)OCC(CS)OCC(CS)OCC(CS)OCC(CS)OCC(CS)OCC(CS)OCC(CS)OCC(CS)OCC(CS),347.7289733886719,54.4358024597168,197.72897338867188,0.0
281,C=C(C)C(=C)OCOCCOC(=O)C(=C)C,CCCC(=O)OCC(CC)(COC(=O)CCS)COC(=O)CCS,"Based on your input, I suggest the following monomers:
Monomer 1: C=C(C)C(=C)OCOCCOC(=O)C(=C)C
Monomer 2: CCCC(=O)OCC(CC)(COC(=O)CCS)COC(=O)CCS",vinyl(C=C),thiol(CCS),0.5,150.0,30.0,"Create a thermoset polymer with Tg = 150Â°C, Er = 30 MPa, and monomers featuring vinyl(C=C) in monomer1 and thiol(CCS) in monomer2 groups.",C=C(C)C(=C)OCOCCOC(=O)C(=C)C,CCCC(=O)OCC(CC)(COC(=O)CCS)COC(=O)CCS,43.05990219116211,17.654373168945312,106.94009780883789,0.0
282,C=C(C)C(=C)OCOCCOC(=O)C(=C)C,C=C(CCS)OCC(COC(=O)CC=C)(COC(=O)CC=C)COC(=O)CC=C,"Here's a valid monomer pair designed with the required functionalities:
Monomer 1 (C=C rich): C=C(C)C(=C)OCOCCOC(=O)C(=C)C
Monomer 2 (CCS rich): C=C(CCS)OCC(COC(=O)CC=C)(COC(=O)CC=C)COC(=O)CC=C",vinyl(C=C),thiol(CCS),0.5,150.0,30.0,"Create a thermoset polymer with Tg = 150Â°C, Er = 30 MPa, and monomers featuring vinyl(C=C) in monomer1 and thiol(CCS) in monomer2 groups.",C=C(C)C(=C)OCOCCOC(=O)C(=C)C,C=C(CCS)OCC(COC(=O)CC=C)(COC(=O)CC=C)COC(=O)CC=C,57.844825744628906,21.837860107421875,92.1551742553711,0.0
283,C=C(C)OCC(O)(COC=C)COC(=O)NCC1(C)CC(C)(C)C1,C=C(CCS)OCC(COC(=O)CCS)(COC(=O)CCS)COC(=O)CCSC(=O)NCC1(C)CC(C)(C)C1,"Here's a valid monomer pair designed with the required functionalities:
Monomer 1 (C=C-rich): C=C(C)OCC(O)(COC=C)COC(=O)NCC1(C)CC(C)(C)C1
Monomer 2 (CCS-rich): C=C(CCS)OCC(COC(=O)CCS)(COC(=O)CCS)COC(=O)CCSC(=O)NCC1(C)CC(C)(C)C1",vinyl(C=C),thiol(CCS),0.5,150.0,30.0,"Create a thermoset polymer with Tg = 150Â°C, Er = 30 MPa, and monomers featuring vinyl(C=C) in monomer1 and thiol(CCS) in monomer2 groups.",C=C(C)OCC(O)(COC=C)COC(=O)NCC1(C)CC(C)(C)C1,C=C(CCS)OCC(COC(=O)CCS)(COC(=O)CCS)COC(=O)CCSC(=O)NCC1(C)CC(C)(C)C1,91.20061492919922,28.18386459350586,58.79938507080078,0.0
284,C=C(C)C(=C)OCOCCOC(=O)C(=C)C,C=C(C)C(=O)OCCOCCOCCOCCOCCOCCOCCOCCOCCOCCOCCOCCOCCOCCOCCOCCOCCOCC(=O)OCC(=O)OCC(=O)OCC(=O)OCC(=O)OCC(=O)OCC(=O)OCC(=O)OCC(=O)OCC(=O)OCC(=O)OCC(=O)OCC(=O)OCC(=O)OCC(=O)OCC(=O)OCC(=O)OCC(=O)OCC(=O)OCC(=O)OCC(=O)OCC(=O)OCC(=O)OCC(=O)OCC(=O)OCC(=O)OCC(=O)OCC(=O)OCC(=O)OCC(=O)OCC(=O)OCC(=O)OCC,"Here's a valid monomer pair designed for Tg = 150Â°C, Er = 30MPa, and containing vinyl and thiol groups:
Monomer 1: C=C(C)C(=C)OCOCCOC(=O)C(=C)C
Monomer 2: C=C(C)C(=O)OCCOCCOCCOCCOCCOCCOCCOCCOCCOCCOCCOCCOCCOCCOCCOCCOCCOCC(=O)OCC(=O)OCC(=O)OCC(=O)OCC(=O)OCC(=O)OCC(=O)OCC(=O)OCC(=O)OCC(=O)OCC(=O)OCC(=O)OCC(=O)OCC(=O)OCC(=O)OCC(=O)OCC(=O)OCC(=O)OCC(=O)OCC(=O)OCC(=O)OCC(=O)OCC(=O)OCC(=O)OCC(=O)OCC(=O)OCC(=O)OCC(=O)OCC(=O)OCC(=O)OCC(=O)OCC(=O)OCC",vinyl(C=C),thiol(CCS),0.5,150.0,30.0,"Create a thermoset polymer with Tg = 150Â°C, Er = 30 MPa, and monomers featuring vinyl(C=C) in monomer1 and thiol(CCS) in monomer2 groups.",C=C(C)C(=C)OCOCCOC(=O)C(=C)C,C=C(C)C(=O)OCCOCCOCCOCCOCCOCCOCCOCCOCCOCCOCCOCCOCCOCCOCCOCCOCCOCC(=O)OCC(=O)OCC(=O)OCC(=O)OCC(=O)OCC(=O)OCC(=O)OCC(=O)OCC(=O)OCC(=O)OCC(=O)OCC(=O)OCC(=O)OCC(=O)OCC(=O)OCC(=O)OCC(=O)OCC(=O)OCC(=O)OCC(=O)OCC(=O)OCC(=O)OCC(=O)OCC(=O)OCC(=O)OCC(=O)OCC(=O)OCC(=O)OCC(=O)OCC(=O)OCC(=O)OCC(=O)OCC,453.7320556640625,166.48793029785156,303.7320556640625,136.48793029785156
285,C=CCc1ccccc1OCC(O)COC(=O)Cc3ccc(C(=O)OCC(O)COc2ccccc2CC=C)cc3,CCC(COCC(C)OCC(C)OCC(C)OCC(C)OCC(C)OCC(C)OCC(C)OCC(C)N)N,"Here's a valid monomer pair designed with C=C and CCS groups and optimized for Tg and Er:
Monomer 1: C=CCc1ccccc1OCC(O)COC(=O)Cc3ccc(C(=O)OCC(O)COc2ccccc2CC=C)cc3
Monomer 2: CCC(COCC(C)OCC(C)OCC(C)OCC(C)OCC(C)OCC(C)OCC(C)OCC(C)N)N",vinyl(C=C),thiol(CCS),0.5,150.0,30.0,"Create a thermoset polymer with Tg = 150Â°C, Er = 30 MPa, and monomers featuring vinyl(C=C) in monomer1 and thiol(CCS) in monomer2 groups.",C=CCc1ccccc1OCC(O)COC(=O)Cc3ccc(C(=O)OCC(O)COc2ccccc2CC=C)cc3,CCC(COCC(C)OCC(C)OCC(C)OCC(C)OCC(C)OCC(C)OCC(C)OCC(C)N)N,95.44461822509766,31.567607879638672,54.555381774902344,0.0
286,C=C(C)C(=C)OCC(O)COc2ccc(C(C)(C)c1ccc(OCC(O)COC(=O)C(=C)C)cc1)cc2,CC(C)(C)N,"Here's a TSMP designed from the groups C=C and CCS, with target properties Tg â‰ˆ 150Â°C and Er â‰ˆ 30MPa:
Monomer 1: C=C(C)C(=C)OCC(O)COc2ccc(C(C)(C)c1ccc(OCC(O)COC(=O)C(=C)C)cc1)cc2
Monomer 2: CC(C)(C)N",vinyl(C=C),thiol(CCS),0.7,150.0,30.0,"Create a thermoset polymer with Tg = 150Â°C, Er = 30 MPa, and monomers featuring vinyl(C=C) in monomer1 and thiol(CCS) in monomer2 groups.",C=C(C)C(=C)OCC(O)COc2ccc(C(C)(C)c1ccc(OCC(O)COC(=O)C(=C)C)cc1)cc2,CC(C)(C)N,124.17424011230469,33.94879150390625,0.0,0.0
287,C=CCc1ccccc1OCC(O)COC(=O)CCCCC(=O)OCC(O)COc2ccccc2CC=C,CCCC(=O)OCC(COC(=O)CCCC)OC(=O)CCCC,"Here's a TSMP designed with C=C and CCS groups, optimal for Tg = 150Â°C and Er = 30MPa:
Monomer 1: C=CCc1ccccc1OCC(O)COC(=O)CCCCC(=O)OCC(O)COc2ccccc2CC=C
Monomer 2: CCCC(=O)OCC(COC(=O)CCCC)OC(=O)CCCC",vinyl(C=C),thiol(CCS),0.7,150.0,30.0,"Create a thermoset polymer with Tg = 150Â°C, Er = 30 MPa, and monomers featuring vinyl(C=C) in monomer1 and thiol(CCS) in monomer2 groups.",C=CCc1ccccc1OCC(O)COC(=O)CCCCC(=O)OCC(O)COc2ccccc2CC=C,CCCC(=O)OCC(COC(=O)CCCC)OC(=O)CCCC,58.65427780151367,24.46599006652832,91.34572219848633,0.0
288,C=C(C)C(=O)OCCOCCOCCOCCOCCOCCOCCOCCOC(=O)C(=C)C,C=C(CCS)OCC(COC(=O)CCS)(COC(=O)CCS)COC(=O)CCSC(=O)NCC1(C)CC(NC(=O)SCCC(=O)OCC(COC(=O)CCS)(COC(=O)CCS)COC(=O)CCS)C(=O)N1,"Here's a TSMP designed from vinyl and thiol groups, meeting the target properties Tg â‰ˆ 150Â°C and Er â‰ˆ 30MPa:
Monomer 1: C=C(C)C(=O)OCCOCCOCCOCCOCCOCCOCCOCCOC(=O)C(=C)C
Monomer 2: C=C(CCS)OCC(COC(=O)CCS)(COC(=O)CCS)COC(=O)CCSC(=O)NCC1(C)CC(NC(=O)SCCC(=O)OCC(COC(=O)CCS)(COC(=O)CCS)COC(=O)CCS)C(=O)N1",vinyl(C=C),thiol(CCS),0.7,150.0,30.0,"Create a thermoset polymer with Tg = 150Â°C, Er = 30 MPa, and monomers featuring vinyl(C=C) in monomer1 and thiol(CCS) in monomer2 groups.",C=C(C)C(=O)OCCOCCOCCOCCOCCOCCOCCOCCOC(=O)C(=C)C,C=C(CCS)OCC(COC(=O)CCS)(COC(=O)CCS)COC(=O)CCSC(=O)NCC1(C)CC(NC(=O)SCCC(=O)OCC(COC(=O)CCS)(COC(=O)CCS)COC(=O)CCS)C(=O)N1,78.49475860595703,31.827417373657227,71.50524139404297,0.0
289,CC(C)(c2ccc(OCCOCCOCCOCC1CC1)cc2)c4ccc(OCCOCCOCCOCC3CC3)cc4,NCCOCCOCCOCCN,"Here is a pair of monomers fulfilling the criteria of vinyl groups and the desired properties:
Monomer 1: CC(C)(c2ccc(OCCOCCOCCOCC1CC1)cc2)c4ccc(OCCOCCOCCOCC3CC3)cc4
Monomer 2: NCCOCCOCCOCCN",vinyl(C=C),thiol(CCS),0.7,150.0,30.0,"Create a thermoset polymer with Tg = 150Â°C, Er = 30 MPa, and monomers featuring vinyl(C=C) in monomer1 and thiol(CCS) in monomer2 groups.",CC(C)(c2ccc(OCCOCCOCCOCC1CC1)cc2)c4ccc(OCCOCCOCCOCC3CC3)cc4,NCCOCCOCCOCCN,87.93115234375,17.875593185424805,62.06884765625,0.0
290,C=CC(=C)OCCn1c(=O)n(CCOC(=C)C)o,CCCC(=O)OCC(COC(=O)CC)(COC(=O)CC)COC(=O)CC,"Here's a pair of monomers fulfilling the criteria of vinyl groups and the required properties:
Monomer 1: C=CC(=C)OCCn1c(=O)n(CCOC(=C)C)o1
Monomer 2: CCCC(=O)OCC(COC(=O)CC)(COC(=O)CC)COC(=O)CC",vinyl(C=C),thiol(CCS),0.7,150.0,30.0,"Create a thermoset polymer with Tg = 150Â°C, Er = 30 MPa, and monomers featuring vinyl(C=C) in monomer1 and thiol(CCS) in monomer2 groups.",Not found,Not found,,,,
291,C=C(C)C(=C)OCOCCOC(=O)C(=C)C,C=C(CCS)OCC(COC(=O)CCS)(COC(=O)CCS)COC(=O)CCSC(=O)NCC1(C)CC(NC(=O)SCCC(=O)OCC(COC(=O)CCS)(COC(=O)CCS)COC(=O)CCS)CC(C)(C)C1,"Here is a pair of monomers that match your request for Tg â‰ˆ 150Â°C, Er â‰ˆ 30MPa, and include the functional groups vinyl and thiol:
Monomer 1: C=C(C)C(=C)OCOCCOC(=O)C(=C)C
Monomer 2: C=C(CCS)OCC(COC(=O)CCS)(COC(=O)CCS)COC(=O)CCSC(=O)NCC1(C)CC(NC(=O)SCCC(=O)OCC(COC(=O)CCS)(COC(=O)CCS)COC(=O)CCS)CC(C)(C)C1",vinyl(C=C),thiol(CCS),0.9,150.0,30.0,"Create a thermoset polymer with Tg = 150Â°C, Er = 30 MPa, and monomers featuring vinyl(C=C) in monomer1 and thiol(CCS) in monomer2 groups.",C=C(C)C(=C)OCOCCOC(=O)C(=C)C,C=C(CCS)OCC(COC(=O)CCS)(COC(=O)CCS)COC(=O)CCSC(=O)NCC1(C)CC(NC(=O)SCCC(=O)OCC(COC(=O)CCS)(COC(=O)CCS)COC(=O)CCS)CC(C)(C)C1,83.7080078125,31.324298858642578,66.2919921875,0.0
292,C=CCc1ccccc1OCC(O)COC(=O)Cc3ccc(C(=O)OCC(O)COc2ccccc2CC=C)cc3,CC(C)(c4cc(C(C)(C)c5cc(CCCCCC2=CC=CC=C2)cc4)cc5)cc1cc(C(C)(C)c2cc(CCCCCC4=CC=CC=C4)cc1)cc3cc(CCCCCC6=CC=CC=C6)cc3,"The following monomers feature your desired functional groups and comply with the target properties:
Monomer 1: C=CCc1ccccc1OCC(O)COC(=O)Cc3ccc(C(=O)OCC(O)COc2ccccc2CC=C)cc3
Monomer 2: CC(C)(c4cc(C(C)(C)c5cc(CCCCCC2=CC=CC=C2)cc4)cc5)cc1cc(C(C)(C)c2cc(CCCCCC4=CC=CC=C4)cc1)cc3cc(CCCCCC6=CC=CC=C6)cc3",vinyl(C=C),thiol(CCS),0.9,150.0,30.0,"Create a thermoset polymer with Tg = 150Â°C, Er = 30 MPa, and monomers featuring vinyl(C=C) in monomer1 and thiol(CCS) in monomer2 groups.",Not found,Not found,,,,
293,C=C(C)C(=O)OCCOC(=O)C(=C)C,C=C(CCS)CC(C)=O,"Here's a valid monomer pair designed with the required groups:
Monomer 1 (vinyl): C=C(C)C(=O)OCCOC(=O)C(=C)C
Monomer 2 (CCS): C=C(CCS)CC(C)=O",vinyl(C=C),thiol(CCS),0.9,150.0,30.0,"Create a thermoset polymer with Tg = 150Â°C, Er = 30 MPa, and monomers featuring vinyl(C=C) in monomer1 and thiol(CCS) in monomer2 groups.",C=C(C)C(=O)OCCOC(=O)C(=C)C,C=C(CCS)CC(C)=O,91.10845184326172,21.3626708984375,58.89154815673828,0.0
294,O=C(OCC1CO1)NCC4COC4N(CC(C)C(C)C(C)COC3CO3)CC2COC2N(CC(C)C(C)C(C)COC6CO6)CC7COC7C(=O)N(CC(C)C(C)C(C)OCC5CO5)CC8COC8C(=O)N(CC(C)C(C)OCC11CO11)CC10COC10C(=O)N(CC(C)C(C)OCC9CO9)CC(C)(C)C(=O)OCC15CO15,O=C(CCCS)N1CCC(C)(C)C1,"Here's a valid monomer pair designed with the required functionalities:
Monomer 1 (C=C rich): O=C(OCC1CO1)NCC4COC4N(CC(C)C(C)C(C)COC3CO3)CC2COC2N(CC(C)C(C)C(C)COC6CO6)CC7COC7C(=O)N(CC(C)C(C)C(C)OCC5CO5)CC8COC8C(=O)N(CC(C)C(C)OCC11CO11)CC10COC10C(=O)N(CC(C)C(C)OCC9CO9)CC(C)(C)C(=O)OCC15CO15
Monomer 2 (CCS rich): O=C(CCCS)N1CCC(C)(C)C1",vinyl(C=C),thiol(CCS),0.9,150.0,30.0,"Create a thermoset polymer with Tg = 150Â°C, Er = 30 MPa, and monomers featuring vinyl(C=C) in monomer1 and thiol(CCS) in monomer2 groups.",Not found,Not found,,,,
295,C=CC(=O)OCCCCCC(OCC=C)(OCC=C)OCC=C,CCCC(=O)OCC(CC)(COC(=O)CC)COC(=O)CC,"Here's a pair of monomers fulfilling the criteria of Tg = 150Â°C, Er = 30MPa, and containing C=C/CCS groups:
Monomer 1: C=CC(=O)OCCCCCC(OCC=C)(OCC=C)OCC=C
Monomer 2: CCCC(=O)OCC(CC)(COC(=O)CC)COC(=O)CC",vinyl(C=C),thiol(CCS),0.9,150.0,30.0,"Create a thermoset polymer with Tg = 150Â°C, Er = 30 MPa, and monomers featuring vinyl(C=C) in monomer1 and thiol(CCS) in monomer2 groups.",C=CC(=O)OCCCCCC(OCC=C)(OCC=C)OCC=C,CCCC(=O)OCC(CC)(COC(=O)CC)COC(=O)CC,53.66823959350586,36.01427459716797,96.33176040649414,0.0
296,C=C(C)C(=O)OCCOC(=O)C(=C)C,NCCCCC(=O)OCCOCCOCCN,"This monomer combination includes extra functional groups as requested:
Monomer 1 (vinyl): C=C(C)C(=O)OCCOC(=O)C(=C)C
Monomer 2 (thiol): NCCCCC(=O)OCCOCCOCCN",vinyl(C=C),thiol(CCS),1.0,150.0,30.0,"Create a thermoset polymer with Tg = 150Â°C, Er = 30 MPa, and monomers featuring vinyl(C=C) in monomer1 and thiol(CCS) in monomer2 groups.",C=C(C)C(=O)OCCOC(=O)C(=C)C,NCCCCC(=O)OCCOCCOCCN,44.157833099365234,17.377412796020508,105.84216690063477,0.0
297,C=C(C)OCC4CO4,C=CCc1cc(C=CC(OCC)(OCC)OCC)c(OC(CC)(CC)C)cc1OCC(OCC)(OCC)COC(=O)c3ccc(Cc2ccc(OCC(C)COC(=O)CC)(CC2)CC1)c3,"Here's a pair of monomers that include the requested functional groups and comply with the target properties:
Monomer 1: C=C(C)OCC4CO4, 
Monomer 2: C=CCc1cc(C=CC(OCC)(OCC)OCC)c(OC(CC)(CC)C)cc1OCC(OCC)(OCC)COC(=O)c3ccc(Cc2ccc(OCC(C)COC(=O)CC)(CC2)CC1)c3",vinyl(C=C),thiol(CCS),1.0,150.0,30.0,"Create a thermoset polymer with Tg = 150Â°C, Er = 30 MPa, and monomers featuring vinyl(C=C) in monomer1 and thiol(CCS) in monomer2 groups.",Not found,Not found,,,,
298,C=C(C)C(=C)OCCn1c(=O)n(C(=O)OCC(C)(C)C)CN1C,CC(COCC(C)OCC(C)OCC(C)OCC1CO1)OC4CO4OCC(C)OCC(C)OCC(C)OCC(C)OCC(C)OCC(C)OCC(C)OCC(C)OCC(C)N,"Based on your input, I suggest the following monomers:
Monomer 1: C=C(C)C(=C)OCCn1c(=O)n(C(=O)OCC(C)(C)C)CN1C
Monomer 2: CC(COCC(C)OCC(C)OCC(C)OCC1CO1)OC4CO4OCC(C)OCC(C)OCC(C)OCC(C)OCC(C)OCC(C)OCC(C)OCC(C)OCC(C)N",vinyl(C=C),thiol(CCS),1.0,150.0,30.0,"Create a thermoset polymer with Tg = 150Â°C, Er = 30 MPa, and monomers featuring vinyl(C=C) in monomer1 and thiol(CCS) in monomer2 groups.",Not found,Not found,,,,
299,C=CCc1cccc(C=C)c1,C=C(C)C(=O)OCCOCCOCCOCCOCCOCCOCCOCCOCCOCCOCCOCCOCCOCCOCCOCCOCCOCCOC(=O)C(=C)OCC(C)=O,"Here's a TSMP designed with vinyl and thiol groups, and targeted properties Tg â‰ˆ 150Â°C, Er â‰ˆ 30MPa:
Monomer 1: C=CCc1cccc(C=C)c1
Monomer 2: C=C(C)C(=O)OCCOCCOCCOCCOCCOCCOCCOCCOCCOCCOCCOCCOCCOCCOCCOCCOCCOCCOC(=O)C(=C)OCC(C)=O",vinyl(C=C),thiol(CCS),1.0,150.0,30.0,"Create a thermoset polymer with Tg = 150Â°C, Er = 30 MPa, and monomers featuring vinyl(C=C) in monomer1 and thiol(CCS) in monomer2 groups.",C=CCc1cccc(C=C)c1,C=C(C)C(=O)OCCOCCOCCOCCOCCOCCOCCOCCOCCOCCOCCOCCOCCOCCOCCOCCOCCOCCOC(=O)C(=C)OCC(C)=O,191.22120666503906,20.193695068359375,41.22120666503906,0.0
300,C=CCc1ccccc1OCC(O)COC(=O)Cc4ccc(C(=O)OCC(O)COc3ccccc3CC=C)cc4,O=c1ccc(=O)n1c4ccc(Cc3ccc(N(CC)CC)cc3)cc4N(CC)CC,"Here's a valid monomer pair that matches the criteria you provided:
Monomer 1: C=CCc1ccccc1OCC(O)COC(=O)Cc4ccc(C(=O)OCC(O)COc3ccccc3CC=C)cc4
Monomer 2: O=c1ccc(=O)n1c4ccc(Cc3ccc(N(CC)CC)cc3)cc4N(CC)CC",vinyl(C=C),thiol(CCS),1.0,150.0,30.0,"Create a thermoset polymer with Tg = 150Â°C, Er = 30 MPa, and monomers featuring vinyl(C=C) in monomer1 and thiol(CCS) in monomer2 groups.",C=CCc1ccccc1OCC(O)COC(=O)Cc4ccc(C(=O)OCC(O)COc3ccccc3CC=C)cc4,O=c1ccc(=O)n1c4ccc(Cc3ccc(N(CC)CC)cc3)cc4N(CC)CC,150.53541564941406,40.5782356262207,0.0,0.0
301,C=C(C)C(=O)OCCOCCOCCOCCOCCOCCOCCOCCOC(=O)C(=C)C,C=C(C)C(=O)OCCOCCOCCOCCOCCOCCOCCOCCOCCOCCOCCOCCOCCOCCOCCOCCOCCOCCOCCOCCOC(=O)C(=C)C,"Here's a valid monomer pair designed with the required functionalities:
Monomer 1 (vinyl): C=C(C)C(=O)OCCOCCOCCOCCOCCOCCOCCOCCOC(=O)C(=C)C
Monomer 2 (vinyl): C=C(C)C(=O)OCCOCCOCCOCCOCCOCCOCCOCCOCCOCCOCCOCCOCCOCCOCCOCCOCCOCCOCCOCCOC(=O)C(=C)C",vinyl(C=C),vinyl(C=C),0.3,200.0,27.0,Design a shape memory polymer with Tg â‰ˆ 200Â°C and Er â‰ˆ 27 MPa that includes vinyl(C=C) and vinyl(C=C) groups.,C=C(C)C(=O)OCCOCCOCCOCCOCCOCCOCCOCCOC(=O)C(=C)C,C=C(C)C(=O)OCCOCCOCCOCCOCCOCCOCCOCCOCCOCCOCCOCCOCCOCCOCCOCCOCCOCCOCCOCCOC(=O)C(=C)C,214.6818084716797,26.35812759399414,0.0,0.0
302,C=CCc1ccccc1OCC(O)COC(=O)Cc3ccc(C(=O)OCC(O)COc2ccccc2C=C)cc3,C=C(CCS)OCC(COC(=O)CCS)(COC(=O)CCS)COC(=O)CCS,"Here's a valid monomer pair designed with vinyl groups and optimized for Tg â‰ˆ 200Â°C and Er â‰ˆ 27Mpa:
Monomer 1: C=CCc1ccccc1OCC(O)COC(=O)Cc3ccc(C(=O)OCC(O)COc2ccccc2C=C)cc3
Monomer 2: C=C(CCS)OCC(COC(=O)CCS)(COC(=O)CCS)COC(=O)CCS",vinyl(C=C),vinyl(C=C),0.3,200.0,27.0,Design a shape memory polymer with Tg â‰ˆ 200Â°C and Er â‰ˆ 27 MPa that includes vinyl(C=C) and vinyl(C=C) groups.,C=CCc1ccccc1OCC(O)COC(=O)Cc3ccc(C(=O)OCC(O)COc2ccccc2C=C)cc3,C=C(CCS)OCC(COC(=O)CCS)(COC(=O)CCS)COC(=O)CCS,78.66614532470703,35.35871505737305,121.33385467529297,0.0
303,C=CCc1ccccc1OCC(O)COC(=O)Cc3ccc(C(=O)OCC(O)COc2ccccc2CC=C)cc3,C=CCn1c(=O)n(CC=C)c(=O)n(CC=C)c1=O,"Here's a valid monomer pair designed with vinyl groups and optimized for Tg and Er:
Monomer 1: C=CCc1ccccc1OCC(O)COC(=O)Cc3ccc(C(=O)OCC(O)COc2ccccc2CC=C)cc3
Monomer 2: C=CCn1c(=O)n(CC=C)c(=O)n(CC=C)c1=O",vinyl(C=C),vinyl(C=C),0.3,200.0,27.0,Design a shape memory polymer with Tg â‰ˆ 200Â°C and Er â‰ˆ 27 MPa that includes vinyl(C=C) and vinyl(C=C) groups.,C=CCc1ccccc1OCC(O)COC(=O)Cc3ccc(C(=O)OCC(O)COc2ccccc2CC=C)cc3,C=CCn1c(=O)n(CC=C)c(=O)n(CC=C)c1=O,132.06398010253906,100.42168426513672,67.93601989746094,73.42168426513672
304,C=C(C)OCC(O)(COC(=O)CC=C)COC(=O)CC=C,C=CC(=O)OCCn1c(=O)n(CCOC(=O)C=C)c(=O)n(CCOC(=O)C=C)c1=O,"Here's a valid monomer pair designed with the required functionalities:
Monomer 1 (C=C): C=C(C)OCC(O)(COC(=O)CC=C)COC(=O)CC=C
Monomer 2 (C=C): C=CC(=O)OCCn1c(=O)n(CCOC(=O)C=C)c(=O)n(CCOC(=O)C=C)c1=O",vinyl(C=C),vinyl(C=C),0.3,200.0,27.0,Design a shape memory polymer with Tg â‰ˆ 200Â°C and Er â‰ˆ 27 MPa that includes vinyl(C=C) and vinyl(C=C) groups.,C=C(C)OCC(O)(COC(=O)CC=C)COC(=O)CC=C,C=CC(=O)OCCn1c(=O)n(CCOC(=O)C=C)c(=O)n(CCOC(=O)C=C)c1=O,191.46701049804688,155.12977600097656,0.0,128.12977600097656
305,C=C(C)OCC(O)(COC(=O)CC=C)COC(=O)CC=C,C=CC(=O)OCCn1c(=O)n(CCOC(=O)C=C)c(=O)n(CCOC(=O)C=C)c1=O,"Here's a valid monomer pair designed with the required functionalities:
Monomer 1 (C=C): C=C(C)OCC(O)(COC(=O)CC=C)COC(=O)CC=C
Monomer 2 (C=C): C=CC(=O)OCCn1c(=O)n(CCOC(=O)C=C)c(=O)n(CCOC(=O)C=C)c1=O",vinyl(C=C),vinyl(C=C),0.3,200.0,27.0,Design a shape memory polymer with Tg â‰ˆ 200Â°C and Er â‰ˆ 27 MPa that includes vinyl(C=C) and vinyl(C=C) groups.,C=C(C)OCC(O)(COC(=O)CC=C)COC(=O)CC=C,C=CC(=O)OCCn1c(=O)n(CCOC(=O)C=C)c(=O)n(CCOC(=O)C=C)c1=O,191.46701049804688,155.12977600097656,0.0,128.12977600097656
306,C=C(C)C(=O),OCCOCCOCCOCCOCCOCCOCCOCCOCCOCCOCCOCCOCCOCCOCCOCCOCCOCCOCCOCCOCCOCCOCCOCCOCCOCCOCCOCCOCCOCCOCCOCCOCCOCCOCCOCCOCCOCCOCCOCCOCCOCCOCCOCCOCCOCC(C)OCC(C)OCC(C)OCC(C)OCC(C)OCC(C)OCC(C)OCC(C)OCC(C)OCC(C)OCC(C)OCC(C)OCC(C)OCC(C)OCC(C)OCC(C)OCC(C)OCC(C)OCC(C)OCC(C)OCC(C)OCC(C)OCC(C)OCC(C)OCC(C)OCC(C)OCC(C)OCC(C)OCC(C)OCC(C)OCC(C)OCC(C)OCC(C)OCC(C)OCC(C)OCC(C)OCC,"Based on your input, I designed monomers with the following features:
- Tg/Er groups: vinyl(C=C), vinyl(C=C), with target Tg â‰ˆ 200Â°C and Er â‰ˆ 27Mpa
- Note the monomer constraints: C=C = C=C(C)C(=O)OCCOCCOCCOCCOCCOCCOCCOCCOCCOCCOCCOCCOCCOCCOCCOCCOCCOCCOCCOCCOCCOCCOCCOCCOCCOCCOCCOCCOCCOCCOCCOCCOCCOCCOCCOCCOCCOCCOCCOCCOCCOCCOCCOCCOCCOCC(C)OCC(C)OCC(C)OCC(C)OCC(C)OCC(C)OCC(C)OCC(C)OCC(C)OCC(C)OCC(C)OCC(C)OCC(C)OCC(C)OCC(C)OCC(C)OCC(C)OCC(C)OCC(C)OCC(C)OCC(C)OCC(C)OCC(C)OCC(C)OCC(C)OCC(C)OCC(C)OCC(C)OCC(C)OCC(C)OCC(C)OCC(C)OCC(C)OCC(C)OCC(C)OCC(C)OCC",vinyl(C=C),vinyl(C=C),0.5,200.0,27.0,Design a shape memory polymer with Tg â‰ˆ 200Â°C and Er â‰ˆ 27 MPa that includes vinyl(C=C) and vinyl(C=C) groups.,C=C(C)C(=O),OCCOCCOCCOCCOCCOCCOCCOCCOCCOCCOCCOCCOCCOCCOCCOCCOCCOCCOCCOCCOCCOCCOCCOCCOCCOCCOCCOCCOCCOCCOCCOCCOCCOCCOCCOCCOCCOCCOCCOCCOCCOCCOCCOCCOCCOCC(C)OCC(C)OCC(C)OCC(C)OCC(C)OCC(C)OCC(C)OCC(C)OCC(C)OCC(C)OCC(C)OCC(C)OCC(C)OCC(C)OCC(C)OCC(C)OCC(C)OCC(C)OCC(C)OCC(C)OCC(C)OCC(C)OCC(C)OCC(C)OCC(C)OCC(C)OCC(C)OCC(C)OCC(C)OCC(C)OCC(C)OCC(C)OCC(C)OCC(C)OCC(C)OCC(C)OCC,443.9541015625,128.82431030273438,243.9541015625,101.82431030273438
307,C=CCc1ccccc1OCC(O)COC(=O)Cc3ccccc3Cc2ccc(OCC(O)COC(=O)CC=C)cc2,C=C(C)C(=O)OCCOCCOCCOCCOCCOCCOCCOCCOCCOCCOCCOCCOCCOCCOCCOCCOCCOCCOCCOCCOC(=O)C(=C)C,"Here's a monomer pair that includes vinyl groups and is designed for Tg â‰ˆ 200Â°C and Er â‰ˆ 27Mpa:
Monomer 1: C=CCc1ccccc1OCC(O)COC(=O)Cc3ccccc3Cc2ccc(OCC(O)COC(=O)CC=C)cc2
Monomer 2: C=C(C)C(=O)OCCOCCOCCOCCOCCOCCOCCOCCOCCOCCOCCOCCOCCOCCOCCOCCOCCOCCOCCOCCOC(=O)C(=C)C",vinyl(C=C),vinyl(C=C),0.5,200.0,27.0,Design a shape memory polymer with Tg â‰ˆ 200Â°C and Er â‰ˆ 27 MPa that includes vinyl(C=C) and vinyl(C=C) groups.,C=CCc1ccccc1OCC(O)COC(=O)Cc3ccccc3Cc2ccc(OCC(O)COC(=O)CC=C)cc2,C=C(C)C(=O)OCCOCCOCCOCCOCCOCCOCCOCCOCCOCCOCCOCCOCCOCCOCCOCCOCCOCCOCCOCCOC(=O)C(=C)C,173.59840393066406,25.92490577697754,0.0,0.0
308,C=CCc1ccccc1OCC(O)COC(=O)CCCCC(=O)OCC(O)COc2ccccc2CC=C,CC(C)(c4ccc(OCC(O)COC(=O)CCS)(c3ccc(OCC(O)COC(=O)CCS)cc3)c4)c2ccc(OCC(O)COC(=O)CCS)cc2,"Here's a monomer pair that includes vinyl groups and is compatible with your property targets:
Monomer 1: C=CCc1ccccc1OCC(O)COC(=O)CCCCC(=O)OCC(O)COc2ccccc2CC=C
Monomer 2: CC(C)(c4ccc(OCC(O)COC(=O)CCS)(c3ccc(OCC(O)COC(=O)CCS)cc3)c4)c2ccc(OCC(O)COC(=O)CCS)cc2",vinyl(C=C),vinyl(C=C),0.5,200.0,27.0,Design a shape memory polymer with Tg â‰ˆ 200Â°C and Er â‰ˆ 27 MPa that includes vinyl(C=C) and vinyl(C=C) groups.,C=CCc1ccccc1OCC(O)COC(=O)CCCCC(=O)OCC(O)COc2ccccc2CC=C,CC(C)(c4ccc(OCC(O)COC(=O)CCS)(c3ccc(OCC(O)COC(=O)CCS)cc3)c4)c2ccc(OCC(O)COC(=O)CCS)cc2,122.186767578125,29.206018447875977,77.813232421875,0.0
309,C=C/C(=O)/O/C1CCC1,C=C/C(=O)/O/C(=O)/OCC/C(=O)OCC,"Based on your input, I designed monomers with the formula C=C/C(=O)/O/C1CCC1 and C=C/C(=O)/O/C(=O)/OCC/C(=O)OCC for your TSMP. Here's the SMILES:
Monomer 1: C=C/C(=O)/O/C1CCC1
Monomer 2: C=C/C(=O)/O/C(=O)/OCC/C(=O)OCC",vinyl(C=C),vinyl(C=C),0.5,200.0,27.0,Design a shape memory polymer with Tg â‰ˆ 200Â°C and Er â‰ˆ 27 MPa that includes vinyl(C=C) and vinyl(C=C) groups.,C=C/C(=O)/O/C1CCC1,C=C/C(=O)/O/C(=O)/OCC/C(=O)OCC,92.39065551757812,41.65727233886719,107.60934448242188,0.0
310,C=C(C)C(=O)OCCOCCOCCOCCOCCOCCOCCOCCOCCOCCOCCOCCOCCOCCOCCOCCOCCOCCOCCOCCOCC(=O)C(=C)C,C=C(CCS)OCC(COC(=O)CCS)(COC(=O)CCS)COC(=O)CCSC(=O)NCC1(C)CC(C)(C)C1,"Based on your input, I designed monomers with the formula C=C(C)C(=O)OCCOCCOCCOCCOCCOCCOCCOCCOCCOCCOCCOCCOCCOCCOCCOCCOCCOCCOCCOCCOCC(=O)C(=C)C and C=C(CCS)OCC(COC(=O)CCS)(COC(=O)CCS)COC(=O)CCSC(=O)NCC1(C)CC(C)(C)C1 for Er = 27 and Tg = 200.",vinyl(C=C),vinyl(C=C),0.5,200.0,27.0,Design a shape memory polymer with Tg â‰ˆ 200Â°C and Er â‰ˆ 27 MPa that includes vinyl(C=C) and vinyl(C=C) groups.,C=C(C)C(=O)OCCOCCOCCOCCOCCOCCOCCOCCOCCOCCOCCOCCOCCOCCOCCOCCOCCOCCOCCOCCOCC(=O)C(=C)C,C=C(CCS)OCC(COC(=O)CCS)(COC(=O)CCS)COC(=O)CCSC(=O)NCC1(C)CC(C)(C)C1,79.06082916259766,30.63669204711914,120.93917083740234,0.0
311,CC(C)(c2ccc(OCC1CO1)cc2)c4ccc(OCC3CO3)cc4,CC(C)(c6ccc(OCC5CO5)cc6)c8ccc(OCC7CO7)cc8,"Here's a pair of monomers that include the requested functionalities and should react well together:
Monomer 1: CC(C)(c2ccc(OCC1CO1)cc2)c4ccc(OCC3CO3)cc4
Monomer 2: CC(C)(c6ccc(OCC5CO5)cc6)c8ccc(OCC7CO7)cc8",vinyl(C=C),vinyl(C=C),0.7,200.0,27.0,Design a shape memory polymer with Tg â‰ˆ 200Â°C and Er â‰ˆ 27 MPa that includes vinyl(C=C) and vinyl(C=C) groups.,CC(C)(c2ccc(OCC1CO1)cc2)c4ccc(OCC3CO3)cc4,CC(C)(c6ccc(OCC5CO5)cc6)c8ccc(OCC7CO7)cc8,123.50540161132812,35.09896469116211,76.49459838867188,0.0
312,C=CCc1ccccc1OCC(O)COC(=O)Cc3ccc(C(=O)OCC(O)COc2ccccc2CC=C)cc3,CC(C)(C)N,"Here's a monomer pair designed with vinyl groups for crosslinking and targeting specific properties:
Monomer 1: C=CCc1ccccc1OCC(O)COC(=O)Cc3ccc(C(=O)OCC(O)COc2ccccc2CC=C)cc3
Monomer 2: CC(C)(C)N",vinyl(C=C),vinyl(C=C),0.7,200.0,27.0,Design a shape memory polymer with Tg â‰ˆ 200Â°C and Er â‰ˆ 27 MPa that includes vinyl(C=C) and vinyl(C=C) groups.,C=CCc1ccccc1OCC(O)COC(=O)Cc3ccc(C(=O)OCC(O)COc2ccccc2CC=C)cc3,CC(C)(C)N,141.2543487548828,37.83332061767578,58.74565124511719,0.0
313,C=CCc1ccccc1OCC(O)COC(=O)c3ccc(C(=O)OCC2COC2)cc3,CC(C)(C)N,"Here's a valid monomer pair designed with vinyl groups and optimized for Tg â‰ˆ 200Â°C and Er â‰ˆ 27Mpa:
Monomer 1: C=CCc1ccccc1OCC(O)COC(=O)c3ccc(C(=O)OCC2COC2)cc3
Monomer 2: CC(C)(C)N",vinyl(C=C),vinyl(C=C),0.7,200.0,27.0,Design a shape memory polymer with Tg â‰ˆ 200Â°C and Er â‰ˆ 27 MPa that includes vinyl(C=C) and vinyl(C=C) groups.,C=CCc1ccccc1OCC(O)COC(=O)c3ccc(C(=O)OCC2COC2)cc3,CC(C)(C)N,140.43870544433594,40.13707733154297,59.56129455566406,0.0
314,C=CCc1ccccc1OCC(O)COC(=O)CCCCC(=O)OCC(O)COc2ccccc2CC=C,C=Cc1ccccc1OCC(O)COC(=O)CCCCC(=O)OCC(O)COc3ccccc3CC=C,"Sure! Here's a valid monomer pair that includes the specified functionalities:
Monomer 1 (vinyl): C=CCc1ccccc1OCC(O)COC(=O)CCCCC(=O)OCC(O)COc2ccccc2CC=C Monomer 2 (vinyl): C=Cc1ccccc1OCC(O)COC(=O)CCCCC(=O)OCC(O)COc3ccccc3CC=C",vinyl(C=C),vinyl(C=C),0.7,200.0,27.0,Design a shape memory polymer with Tg â‰ˆ 200Â°C and Er â‰ˆ 27 MPa that includes vinyl(C=C) and vinyl(C=C) groups.,C=CCc1ccccc1OCC(O)COC(=O)CCCCC(=O)OCC(O)COc2ccccc2CC=C,C=Cc1ccccc1OCC(O)COC(=O)CCCCC(=O)OCC(O)COc3ccccc3CC=C,68.89308166503906,30.821998596191406,131.10691833496094,0.0
315,C=CCc1ccc(OCCOCCOCCOC(=O)CC(C)(C)C)cc1,C=CCn1c(=O)n(CC=C)c(=O)n(CC=C)c1=O,"This monomer pair includes two instances of vinyl (C=C) and is suitable for your TSMP request:
Monomer 1: C=CCc1ccc(OCCOCCOCCOC(=O)CC(C)(C)C)cc1
Monomer 2: C=CCn1c(=O)n(CC=C)c(=O)n(CC=C)c1=O",vinyl(C=C),vinyl(C=C),0.7,200.0,27.0,Design a shape memory polymer with Tg â‰ˆ 200Â°C and Er â‰ˆ 27 MPa that includes vinyl(C=C) and vinyl(C=C) groups.,C=CCc1ccc(OCCOCCOCCOC(=O)CC(C)(C)C)cc1,C=CCn1c(=O)n(CC=C)c(=O)n(CC=C)c1=O,70.33379364013672,10.885828971862793,129.66620635986328,0.0
316,C=CCc1ccc(OCCOC(=O)Cc3ccc(C=C)cc3)cc1,C=CCOC(=O)CCn(CC(=O)OCC=C)CC(=O)OCC=C,"Here's a valid monomer pair designed with the required functionalities and properties:
Monomer 1: C=CCc1ccc(OCCOC(=O)Cc3ccc(C=C)cc3)cc1
Monomer 2: C=CCOC(=O)CCn(CC(=O)OCC=C)CC(=O)OCC=C",vinyl(C=C),vinyl(C=C),0.9,200.0,27.0,Design a shape memory polymer with Tg â‰ˆ 200Â°C and Er â‰ˆ 27 MPa that includes vinyl(C=C) and vinyl(C=C) groups.,Not found,Not found,,,,
317,CC=C(C)OCOCCOC(=O)C(CC)(C)C,C=CC(=O)OCCn1c(=O)n(CCOC(=O)C=C)c(=O)n(CCOC(=O)C=C)c1=O,"Sure! Here's a pair of monomers that includes vinyl groups and is designed for Tg â‰ˆ 200Â°C and Er â‰ˆ 27Mpa:
Monomer 1: CC=C(C)OCOCCOC(=O)C(CC)(C)C
Monomer 2: C=CC(=O)OCCn1c(=O)n(CCOC(=O)C=C)c(=O)n(CCOC(=O)C=C)c1=O",vinyl(C=C),vinyl(C=C),0.9,200.0,27.0,Design a shape memory polymer with Tg â‰ˆ 200Â°C and Er â‰ˆ 27 MPa that includes vinyl(C=C) and vinyl(C=C) groups.,CC=C(C)OCOCCOC(=O)C(CC)(C)C,C=CC(=O)OCCn1c(=O)n(CCOC(=O)C=C)c(=O)n(CCOC(=O)C=C)c1=O,194.63307189941406,177.1294708251953,0.0,150.1294708251953
318,CC=C(C)OCC(OCC=C)(OCC=C)OCC(OCC=C)(COC(=O)CC=C)COC(=O)CC=C,CCC(N)CC(C)(C)N,"To meet the requirements of Tg â‰ˆ 200Â°C and Er â‰ˆ 27Mpa using vinyl(C=C) groups, I suggest the following monomers:
Monomer 1: CC=C(C)OCC(OCC=C)(OCC=C)OCC(OCC=C)(COC(=O)CC=C)COC(=O)CC=C
Monomer 2: CCC(N)CC(C)(C)N",vinyl(C=C),vinyl(C=C),0.9,200.0,27.0,Design a shape memory polymer with Tg â‰ˆ 200Â°C and Er â‰ˆ 27 MPa that includes vinyl(C=C) and vinyl(C=C) groups.,CC=C(C)OCC(OCC=C)(OCC=C)OCC(OCC=C)(COC(=O)CC=C)COC(=O)CC=C,CCC(N)CC(C)(C)N,96.48982238769531,34.83332443237305,103.51017761230469,0.0
319,C=C(C)C(=C)OCCOCCOCCOCCOCCOCCOCCOCCOCCOCCOCCOCCOCCOCCOCCOCCOCCOCCOC(=O)C(=C)C,O=c1n(CCS)c(=O)n(CCS)c(=O)n1CCS,"This monomer pair includes extra vinyl groups as requested and is designed for Tg â‰ˆ 200Â°C and Er â‰ˆ 27Mpa. Note the groups' presence:
Monomer 1: C=C(C)C(=C)OCCOCCOCCOCCOCCOCCOCCOCCOCCOCCOCCOCCOCCOCCOCCOCCOCCOCCOC(=O)C(=C)C
Monomer 2: O=c1n(CCS)c(=O)n(CCS)c(=O)n1CCS",vinyl(C=C),vinyl(C=C),0.9,200.0,27.0,Design a shape memory polymer with Tg â‰ˆ 200Â°C and Er â‰ˆ 27 MPa that includes vinyl(C=C) and vinyl(C=C) groups.,C=C(C)C(=C)OCCOCCOCCOCCOCCOCCOCCOCCOCCOCCOCCOCCOCCOCCOCCOCCOCCOCCOC(=O)C(=C)C,O=c1n(CCS)c(=O)n(CCS)c(=O)n1CCS,163.17474365234375,43.476253509521484,36.82525634765625,0.0
320,C=CCn1c(=O)n(CC=C)c(=O)n(CC=C)c1=O,C=C(C)C(=O)OCCOCCOCCOCCOCCOCCOCCOCCOC(=O)C(=C)C,"Sure! Here's a monomer pair that includes vinyl groups and is designed for Tg â‰ˆ 200Â°C and Er â‰ˆ 27MPa:
Monomer 1: C=CCn1c(=O)n(CC=C)c(=O)n(CC=C)c1=O
Monomer 2: C=C(C)C(=O)OCCOCCOCCOCCOCCOCCOCCOCCOC(=O)C(=C)C",vinyl(C=C),vinyl(C=C),0.9,200.0,27.0,Design a shape memory polymer with Tg â‰ˆ 200Â°C and Er â‰ˆ 27 MPa that includes vinyl(C=C) and vinyl(C=C) groups.,C=CCn1c(=O)n(CC=C)c(=O)n(CC=C)c1=O,C=C(C)C(=O)OCCOCCOCCOCCOCCOCCOCCOCCOC(=O)C(=C)C,70.17198944091797,14.768052101135254,129.82801055908203,0.0
321,C=C(C)OCC(O)(COC=C)COC(=O)NCC1CO,C=C(C)C(=C)OCC(OCC(C)OCC(C)OCC(C)OCC(C)OC(=O)NCC1CO1)C(=C)OCC(C)OCC(C)OCC(C)OCC(C)OC(=O)NCC2CO2,"To meet the specific requirements of Tg â‰ˆ 200Â°C and Er â‰ˆ 27Mpa using vinyl(C=C) groups, I suggest:
Monomer 1: C=C(C)OCC(O)(COC=C)COC(=O)NCC1CO1
Monomer 2: C=C(C)C(=C)OCC(OCC(C)OCC(C)OCC(C)OCC(C)OC(=O)NCC1CO1)C(=C)OCC(C)OCC(C)OCC(C)OCC(C)OC(=O)NCC2CO2",vinyl(C=C),vinyl(C=C),1.0,200.0,27.0,Design a shape memory polymer with Tg â‰ˆ 200Â°C and Er â‰ˆ 27 MPa that includes vinyl(C=C) and vinyl(C=C) groups.,CCOCC(O)(COC(C)C)COC(O)NCCCO,C=C(C)C(=C)OCC(OCC(C)OCC(C)OCC(C)OCC(C)OC(=O)NCC1CO1)C(=C)OCC(C)OCC(C)OCC(C)OCC(C)OC(=O)NCC2CO2,92.83802032470703,140.504638671875,107.16197967529297,113.504638671875
322,CC=C(C)OCCOCCOCCOCCOCCOCCOCCOCCOCCOCCOCCOCCOCCOCCOCCOCCOCCOCCOC(=O)CCCCC(=O)OCC(OCC(O)(C)COC(=O)CCS(=O)(C)(C)C)(OCC(O)(C)COC(=O)CCS(=O)(C)(C)C)OCC(O)(C)COC(=O)CCS(=O)(C)(C)C,CC(=O)OCC1CO1,"Sure! Here's a valid monomer pair incorporating the vinyl group as requested:
Monomer 1: CC=C(C)OCCOCCOCCOCCOCCOCCOCCOCCOCCOCCOCCOCCOCCOCCOCCOCCOCCOCCOC(=O)CCCCC(=O)OCC(OCC(O)(C)COC(=O)CCS(=O)(C)(C)C)(OCC(O)(C)COC(=O)CCS(=O)(C)(C)C)OCC(O)(C)COC(=O)CCS(=O)(C)(C)C
Monomer 2: CC(=O)OCC1CO1",vinyl(C=C),vinyl(C=C),1.0,200.0,27.0,Design a shape memory polymer with Tg â‰ˆ 200Â°C and Er â‰ˆ 27 MPa that includes vinyl(C=C) and vinyl(C=C) groups.,CC=C(C)OCCOCCOCCOCCOCCOCCOCCOCCOCCOCCOCCOCCOCCOCCOCCOCCOCCOCCOC(=O)CCCCC(=O)OCC(OCC(O)(C)COC(=O)CCS(=O)(C)(C)C)(OCC(O)(C)COC(=O)CCS(=O)(C)(C)C)OCC(O)(C)COC(=O)CCS(=O)(C)(C)C,CC(=O)OCC1CO1,91.90206909179688,25.969587326049805,108.09793090820312,0.0
323,C=CCc1cccc(C=c2cc(CC=C)ccc2)cc1,C=C(C)C(=O)OCCOCCOCCOC(=O)C(=C)C,"Based on your request for Tg â‰ˆ 200Â°C and Er â‰ˆ 27Mpa, with a focus on vinyl(C=C) groups, I suggest the following two monomers:
Monomer 1: C=CCc1cccc(C=c2cc(CC=C)ccc2)cc1
Monomer 2: C=C(C)C(=O)OCCOCCOCCOC(=O)C(=C)C",vinyl(C=C),vinyl(C=C),1.0,200.0,27.0,Design a shape memory polymer with Tg â‰ˆ 200Â°C and Er â‰ˆ 27 MPa that includes vinyl(C=C) and vinyl(C=C) groups.,Not found,Not found,,,,
324,C=CCc1ccccc1OCC(O)COC(=O)Cc3ccccc3Cc2ccc(OCC(O)COC(=O)Cc1ccccc1)cc2,CC(=O)OCCOCCOCCOCCOCCOCCOCCOCCOCCOCCOCCOCCOCCOC(=O)C(C)=O,"I've selected monomers containing the desired functional group vinyl (C=C) and designed for the target properties Tg and Er:
Monomer 1 (contains C=C): C=CCc1ccccc1OCC(O)COC(=O)Cc3ccccc3Cc2ccc(OCC(O)COC(=O)Cc1ccccc1)cc2
Monomer 2 (contains C=C): CC(=O)OCCOCCOCCOCCOCCOCCOCCOCCOCCOCCOCCOCCOCCOC(=O)C(C)=O",vinyl(C=C),vinyl(C=C),1.0,200.0,27.0,Design a shape memory polymer with Tg â‰ˆ 200Â°C and Er â‰ˆ 27 MPa that includes vinyl(C=C) and vinyl(C=C) groups.,C=CCc1ccccc1OCC(O)COC(=O)Cc3ccccc3Cc2ccc(OCC(O)COC(=O)Cc1ccccc1)cc2,CC(=O)OCCOCCOCCOCCOCCOCCOCCOCCOCCOCCOCCOCCOCCOC(=O)C(C)=O,110.75240325927734,23.569957733154297,89.24759674072266,0.0
325,CC(C)(c2ccc(OCC1CO1)cc2)c4ccc(OCC3CO3)cc4,CCCC(=O)OCCCCC,"Here's a monomer pair that includes vinyl groups and is designed for Tg â‰ˆ 200Â°C and Er â‰ˆ 27Mpa:
Monomer 1: CC(C)(c2ccc(OCC1CO1)cc2)c4ccc(OCC3CO3)cc4
Monomer 2: CCCC(=O)OCCCCC",vinyl(C=C),vinyl(C=C),1.0,200.0,27.0,Design a shape memory polymer with Tg â‰ˆ 200Â°C and Er â‰ˆ 27 MPa that includes vinyl(C=C) and vinyl(C=C) groups.,CC(C)(c2ccc(OCC1CO1)cc2)c4ccc(OCC3CO3)cc4,CCCC(=O)OCCCCC,57.21030807495117,14.209050178527832,142.78969192504883,0.0
326,C=C(C)C(=O)OCCOCCOCCOCCOCCOCCOCCOCCOC(=O)C(=C)C,C=C(C)C(=O)OCCOCCOCCOCCOCCOCCOCCOCCOCCOC(=O)C(=C)C,"Here's a pair of monomers that match your request:
Monomer 1: C=C(C)C(=O)OCCOCCOCCOCCOCCOCCOCCOCCOC(=O)C(=C)C
Monomer 2: C=C(C)C(=O)OCCOCCOCCOCCOCCOCCOCCOCCOCCOC(=O)C(=C)C",acrylate(C=C(C=O)),vinyl(C=C),0.3,100.0,100.0,"Propose two monomers that form a TSMP with Tg around 100Â°C, Er near 100 MPa, and containing acrylate(C=C(C=O)) in monomer1 and vinyl(C=C) in monomer2 groups.",C=C(C)C(=O)OCCOCCOCCOCCOCCOCCOCCOCCOC(=O)C(=C)C,C=C(C)C(=O)OCCOCCOCCOCCOCCOCCOCCOCCOCCOC(=O)C(=C)C,128.13258361816406,22.39347267150879,0.0,77.60652732849121
327,C=C(C)C(=O)OCCOCCOCCOCCOCCOCCOCCOCCOC(=O)C(=C)C,C=C(C)C(=O)OCCOCCOCCOCCOCCOCCOCCOCCOCCOC(=O)C(=C)C,"Here's a pair of monomers that match your request:
Monomer 1: C=C(C)C(=O)OCCOCCOCCOCCOCCOCCOCCOCCOC(=O)C(=C)C
Monomer 2: C=C(C)C(=O)OCCOCCOCCOCCOCCOCCOCCOCCOCCOC(=O)C(=C)C",acrylate(C=C(C=O)),vinyl(C=C),0.3,100.0,100.0,"Propose two monomers that form a TSMP with Tg around 100Â°C, Er near 100 MPa, and containing acrylate(C=C(C=O)) in monomer1 and vinyl(C=C) in monomer2 groups.",C=C(C)C(=O)OCCOCCOCCOCCOCCOCCOCCOCCOC(=O)C(=C)C,C=C(C)C(=O)OCCOCCOCCOCCOCCOCCOCCOCCOCCOC(=O)C(=C)C,128.13258361816406,22.39347267150879,0.0,77.60652732849121
328,CC(C)(c2ccc(OCC1CO1)cc2)c4ccc(OCC3CO3)cc4,CC1(C)CC(O)(C)CC1(C)C,"Here's a pair of monomers that meet the criteria of being rich in vinyl and acrylate groups while also providing the desired properties:
Monomer 1: CC(C)(c2ccc(OCC1CO1)cc2)c4ccc(OCC3CO3)cc4
Monomer 2: CC1(C)CC(O)(C)CC1(C)C",acrylate(C=C(C=O)),vinyl(C=C),0.3,100.0,100.0,"Propose two monomers that form a TSMP with Tg around 100Â°C, Er near 100 MPa, and containing acrylate(C=C(C=O)) in monomer1 and vinyl(C=C) in monomer2 groups.",CC(C)(c2ccc(OCC1CO1)cc2)c4ccc(OCC3CO3)cc4,CC1(C)CC(O)(C)CC1(C)C,82.2356185913086,22.8016414642334,0.0,77.1983585357666
329,C=C(C)C(=O)OCCOCCOCCOCCOCCOCCOCCOCCOC(=O)C(=C)C,C=CC(=O)OCCn1c(=O)n(CCOC(=O)C=C)c(=O)n(CCOC(=O)C=C)c1=O,"Here's a pair of monomers that match your request:
Monomer 1: C=C(C)C(=O)OCCOCCOCCOCCOCCOCCOCCOCCOC(=O)C(=C)C
Monomer 2: C=CC(=O)OCCn1c(=O)n(CCOC(=O)C=C)c(=O)n(CCOC(=O)C=C)c1=O",acrylate(C=C(C=O)),vinyl(C=C),0.3,100.0,100.0,"Propose two monomers that form a TSMP with Tg around 100Â°C, Er near 100 MPa, and containing acrylate(C=C(C=O)) in monomer1 and vinyl(C=C) in monomer2 groups.",C=C(C)C(=O)OCCOCCOCCOCCOCCOCCOCCOCCOC(=O)C(=C)C,C=CC(=O)OCCn1c(=O)n(CCOC(=O)C=C)c(=O)n(CCOC(=O)C=C)c1=O,153.0889129638672,33.90763473510742,53.08891296386719,66.09236526489258
330,C=C(C)C(=O)OCCOCCOCCOCCOCCOCCOCCOCCOC(=O)C(=C)C,C=C(C)C(=O)OCCOCCOCCOCCOCCOCCOCCOCCOCCOCCOCCOCCOCCOCCOCCOCCOCCOCCOCCOCCOC(=O)C(=C)C,"Here's a valid monomer pair that includes the requested functional groups and targets:
Monomer 1: C=C(C)C(=O)OCCOCCOCCOCCOCCOCCOCCOCCOC(=O)C(=C)C
Monomer 2: C=C(C)C(=O)OCCOCCOCCOCCOCCOCCOCCOCCOCCOCCOCCOCCOCCOCCOCCOCCOCCOCCOCCOCCOC(=O)C(=C)C",acrylate(C=C(C=O)),vinyl(C=C),0.3,100.0,100.0,"Propose two monomers that form a TSMP with Tg around 100Â°C, Er near 100 MPa, and containing acrylate(C=C(C=O)) in monomer1 and vinyl(C=C) in monomer2 groups.",C=C(C)C(=O)OCCOCCOCCOCCOCCOCCOCCOCCOC(=O)C(=C)C,C=C(C)C(=O)OCCOCCOCCOCCOCCOCCOCCOCCOCCOCCOCCOCCOCCOCCOCCOCCOCCOCCOCCOCCOC(=O)C(=C)C,214.6818084716797,26.35812759399414,114.68180847167969,73.64187240600586
331,C=C(C)C(=O)OCCOCCOCCOCCOCCOCCOCCOCCOC(=O)C(=C)C,C=C(C)C(=O)OCCOCCOCCOCCOCCOCCOCCOCCOCCOCCOCCOCCOCCOCCOCCOCCOCCOCCOC(=O)C(=C)OCCOCCOCCOCCOCCOCCOCCOCCOC(=O)C(=C)OCCOCCOCCOCCOCCOCCOCCOCCOCCOCCOCCOC(=O)C(=C)OCCOCCOCCOCCOCCOCCOCCOCCOCCOCCOCCOC(=O)C(=C)OCCOCCOCCOCCOCCOCCOCCOCCOCCOCCOCCOCCOCCOCCOCCOCCOCCOCCOCCOCCOCCOCCOCCOCCOCCOCCOCCOCCOCCOCCOCCOCCOCCOCCOCCOCCOCCOCCOCCOCCOCCOCCOCCOCCOCCOCC,"Here's a monomer pair that includes the requested functionalities and matches your property targets:
Monomer 1: C=C(C)C(=O)OCCOCCOCCOCCOCCOCCOCCOCCOC(=O)C(=C)C
Monomer 2: C=C(C)C(=O)OCCOCCOCCOCCOCCOCCOCCOCCOCCOCCOCCOCCOCCOCCOCCOCCOCCOCCOC(=O)C(=C)OCCOCCOCCOCCOCCOCCOCCOCCOC(=O)C(=C)OCCOCCOCCOCCOCCOCCOCCOCCOCCOCCOCCOC(=O)C(=C)OCCOCCOCCOCCOCCOCCOCCOCCOCCOCCOCCOC(=O)C(=C)OCCOCCOCCOCCOCCOCCOCCOCCOCCOCCOCCOCCOCCOCCOCCOCCOCCOCCOCCOCCOCCOCCOCCOCCOCCOCCOCCOCCOCCOCCOCCOCCOCCOCCOCCOCCOCCOCCOCCOCCOCCOCCOCCOCCOCCOCC",acrylate(C=C(C=O)),vinyl(C=C),0.5,100.0,100.0,"Propose two monomers that form a TSMP with Tg around 100Â°C, Er near 100 MPa, and containing acrylate(C=C(C=O)) in monomer1 and vinyl(C=C) in monomer2 groups.",C=C(C)C(=O)OCCOCCOCCOCCOCCOCCOCCOCCOC(=O)C(=C)C,C=C(C)C(=O)OCCOCCOCCOCCOCCOCCOCCOCCOCCOCCOCCOCCOCCOCCOCCOCCOCCOCCOC(=O)C(=C)OCCOCCOCCOCCOCCOCCOCCOCCOC(=O)C(=C)OCCOCCOCCOCCOCCOCCOCCOCCOCCOCCOCCOC(=O)C(=C)OCCOCCOCCOCCOCCOCCOCCOCCOCCOCCOCCOC(=O)C(=C)OCCOCCOCCOCCOCCOCCOCCOCCOCCOCCOCCOCCOCCOCCOCCOCCOCCOCCOCCOCCOCCOCCOCCOCCOCCOCCOCCOCCOCCOCCOCCOCCOCCOCCOCCOCCOCCOCCOCCOCCOCCOCCOCCOCCOCCOCC,509.2757873535156,115.92188262939453,409.2757873535156,0.0
332,C=C(C)C(=O)OCCOCCOCCOCCOCCOCCOCCOCCOC(=O)C(=C)C,C=C(C)C(=O)OCCOCCOCCOCCOCCOCCOCCOCCOCCOC(=O)C(=C)C,"Here's a pair of monomers that match your request for Tg â‰ˆ 100Â°C, Er â‰ˆ 100Mpa, with functional groups C=C(C=O) and C=C included:
Monomer 1: C=C(C)C(=O)OCCOCCOCCOCCOCCOCCOCCOCCOC(=O)C(=C)C
Monomer 2: C=C(C)C(=O)OCCOCCOCCOCCOCCOCCOCCOCCOCCOC(=O)C(=C)C",acrylate(C=C(C=O)),vinyl(C=C),0.5,100.0,100.0,"Propose two monomers that form a TSMP with Tg around 100Â°C, Er near 100 MPa, and containing acrylate(C=C(C=O)) in monomer1 and vinyl(C=C) in monomer2 groups.",C=C(C)C(=O)OCCOCCOCCOCCOCCOCCOCCOCCOC(=O)C(=C)C,C=C(C)C(=O)OCCOCCOCCOCCOCCOCCOCCOCCOCCOC(=O)C(=C)C,128.13258361816406,22.39347267150879,0.0,77.60652732849121
333,C=CC(=O)OCCn1c(=O)n(CCOC(=O)C=C)c(=O)n(CCOC(=O)C=C)c1=O,C=CC(=O)OCCOCCOCCOCCOCCOCCOCCOCCOCCOCCOCCOCCOCCOC(=O)C(=O)OCC(=O)OCC(=O)OCC(=O)OCC(=O)OCC(=O)OCC(=O)OCC(=O)OCC(=O)OCC(=O)OCC(=O)OCC(=O)OCC(=O)OCC(=O)OCC(=O)OCC(=O)OCC(=O)OCC(=O)OCC(=O)OCC(=O)OCC(=O)OCC(=O)OCC(=O)OCC(=O)OCC(=O)OCC(=O)OCC(=O)OCC(=O)OCC(=O)OCC(=O)OCC(=O)OCC(=O)OCC(=O)OCC,"Here's a pair of monomers that match your request:
Monomer 1: C=CC(=O)OCCn1c(=O)n(CCOC(=O)C=C)c(=O)n(CCOC(=O)C=C)c1=O
Monomer 2: C=CC(=O)OCCOCCOCCOCCOCCOCCOCCOCCOCCOCCOCCOCCOCCOC(=O)C(=O)OCC(=O)OCC(=O)OCC(=O)OCC(=O)OCC(=O)OCC(=O)OCC(=O)OCC(=O)OCC(=O)OCC(=O)OCC(=O)OCC(=O)OCC(=O)OCC(=O)OCC(=O)OCC(=O)OCC(=O)OCC(=O)OCC(=O)OCC(=O)OCC(=O)OCC(=O)OCC(=O)OCC(=O)OCC(=O)OCC(=O)OCC(=O)OCC(=O)OCC(=O)OCC(=O)OCC(=O)OCC(=O)OCC",acrylate(C=C(C=O)),vinyl(C=C),0.5,100.0,100.0,"Propose two monomers that form a TSMP with Tg around 100Â°C, Er near 100 MPa, and containing acrylate(C=C(C=O)) in monomer1 and vinyl(C=C) in monomer2 groups.",C=CC(=O)OCCn1c(=O)n(CCOC(=O)C=C)c(=O)n(CCOC(=O)C=C)c1=O,C=CC(=O)OCCOCCOCCOCCOCCOCCOCCOCCOCCOCCOCCOCCOCCOC(=O)C(=O)OCC(=O)OCC(=O)OCC(=O)OCC(=O)OCC(=O)OCC(=O)OCC(=O)OCC(=O)OCC(=O)OCC(=O)OCC(=O)OCC(=O)OCC(=O)OCC(=O)OCC(=O)OCC(=O)OCC(=O)OCC(=O)OCC(=O)OCC(=O)OCC(=O)OCC(=O)OCC(=O)OCC(=O)OCC(=O)OCC(=O)OCC(=O)OCC(=O)OCC(=O)OCC(=O)OCC(=O)OCC(=O)OCC,439.522216796875,257.17620849609375,339.522216796875,157.17620849609375
334,C=C(C)C(=O)OCCOCCOCCOCCOCCOCCOCCOCCOC(=O)C(=C)C,C=C(C)C(=O)OCCOCCOCCOCCOCCOCCOCCOCCOCCOC(=O)C(=C)C,"Here's a TSMP designed with the target groups C=C(C=O) and C=C and specific properties Tg â‰ˆ 100Â°C, Er â‰ˆ 100Mpa:
Monomer 1: C=C(C)C(=O)OCCOCCOCCOCCOCCOCCOCCOCCOC(=O)C(=C)C
Monomer 2: C=C(C)C(=O)OCCOCCOCCOCCOCCOCCOCCOCCOCCOC(=O)C(=C)C",acrylate(C=C(C=O)),vinyl(C=C),0.5,100.0,100.0,"Propose two monomers that form a TSMP with Tg around 100Â°C, Er near 100 MPa, and containing acrylate(C=C(C=O)) in monomer1 and vinyl(C=C) in monomer2 groups.",C=C(C)C(=O)OCCOCCOCCOCCOCCOCCOCCOCCOC(=O)C(=C)C,C=C(C)C(=O)OCCOCCOCCOCCOCCOCCOCCOCCOCCOC(=O)C(=C)C,128.13258361816406,22.39347267150879,0.0,77.60652732849121
335,C=C(C)C(=O)OCCOCCOCCOCCOCCOCCOCCOCCOC(=O)C(=C)C,C=C(C)C(=O)OCCOCCOCCOCCOCCOCCOCCOCCOCCOC(=O)C(=C)C,"Here's a pair of monomers that match your request for Tg â‰ˆ 100Â°C, Er â‰ˆ 100Mpa, with functional groups C=C(C=O) and C=C included:
Monomer 1: C=C(C)C(=O)OCCOCCOCCOCCOCCOCCOCCOCCOC(=O)C(=C)C
Monomer 2: C=C(C)C(=O)OCCOCCOCCOCCOCCOCCOCCOCCOCCOC(=O)C(=C)C",acrylate(C=C(C=O)),vinyl(C=C),0.5,100.0,100.0,"Propose two monomers that form a TSMP with Tg around 100Â°C, Er near 100 MPa, and containing acrylate(C=C(C=O)) in monomer1 and vinyl(C=C) in monomer2 groups.",C=C(C)C(=O)OCCOCCOCCOCCOCCOCCOCCOCCOC(=O)C(=C)C,C=C(C)C(=O)OCCOCCOCCOCCOCCOCCOCCOCCOCCOC(=O)C(=C)C,128.13258361816406,22.39347267150879,0.0,77.60652732849121
336,C=CC(=O)OCCn1c(=O)n(CCOC(=O)C=C)c(=O)n(CCOC(=O)C=C)c1=O,C=C(CC)OCC(CO)(CO)CO,"Here's a valid monomer pair designed with the required functionalities and properties:
Monomer 1: C=CC(=O)OCCn1c(=O)n(CCOC(=O)C=C)c(=O)n(CCOC(=O)C=C)c1=O
Monomer 2: C=C(CC)OCC(CO)(CO)CO",acrylate(C=C(C=O)),vinyl(C=C),0.7,100.0,100.0,"Propose two monomers that form a TSMP with Tg around 100Â°C, Er near 100 MPa, and containing acrylate(C=C(C=O)) in monomer1 and vinyl(C=C) in monomer2 groups.",C=CC(=O)OCCn1c(=O)n(CCOC(=O)C=C)c(=O)n(CCOC(=O)C=C)c1=O,C=C(CC)OCC(CO)(CO)CO,119.54536437988281,98.49691009521484,0.0,0.0
337,C=C(C)C(=O)OCCOCCOCCOCCOCCOCCOCCOCCOC(=O)C(=C)C,C=C(C)C(=C)OCOC(=O)C(=C)C,"This TSMP was created using the specified groups and meets the target properties:
Monomer 1 (rich in acrylate): C=C(C)C(=O)OCCOCCOCCOCCOCCOCCOCCOCCOC(=O)C(=C)C
Monomer 2 (rich in vinyl): C=C(C)C(=C)OCOC(=O)C(=C)C",acrylate(C=C(C=O)),vinyl(C=C),0.7,100.0,100.0,"Propose two monomers that form a TSMP with Tg around 100Â°C, Er near 100 MPa, and containing acrylate(C=C(C=O)) in monomer1 and vinyl(C=C) in monomer2 groups.",C=C(C)C(=O)OCCOCCOCCOCCOCCOCCOCCOCCOC(=O)C(=C)C,C=C(C)C(=C)OCOC(=O)C(=C)C,61.55170440673828,15.422051429748535,38.44829559326172,84.57794857025146
338,C=C(C)C(=O)OCCOCCOCCOCCOCCOCCOCCOCCOC(=O)C(=C)C,C=C(CCS)OCC(COC(=O)CCS)(COC(=O)CCS)COC(=O)CCS,"Here's a pair of monomers fulfilling the criteria of Tg â‰ˆ 100Â°C, Er â‰ˆ 100Mpa, and containing acrylate(C=C(C=O)) / vinyl(C=C) groups:
Monomer 1: C=C(C)C(=O)OCCOCCOCCOCCOCCOCCOCCOCCOC(=O)C(=C)C
Monomer 2: C=C(CCS)OCC(COC(=O)CCS)(COC(=O)CCS)COC(=O)CCS",acrylate(C=C(C=O)),vinyl(C=C),0.7,100.0,100.0,"Propose two monomers that form a TSMP with Tg around 100Â°C, Er near 100 MPa, and containing acrylate(C=C(C=O)) in monomer1 and vinyl(C=C) in monomer2 groups.",C=C(C)C(=O)OCCOCCOCCOCCOCCOCCOCCOCCOC(=O)C(=C)C,C=C(CCS)OCC(COC(=O)CCS)(COC(=O)CCS)COC(=O)CCS,51.1329231262207,22.490001678466797,48.8670768737793,77.5099983215332
339,C=C(OCC1CO1)C(=O)OCC4CO4,CC(COCC(C)OCC(C)OCC(C)OCC(C)OCC(C)OCC(C)OCC(C)OCC(C)OCC(C)OCC(C)OCC(C)N)N,"Here's a valid monomer pair designed with the required groups and target properties:
Monomer 1: C=C(OCC1CO1)C(=O)OCC4CO4
Monomer 2: CC(COCC(C)OCC(C)OCC(C)OCC(C)OCC(C)OCC(C)OCC(C)OCC(C)OCC(C)OCC(C)OCC(C)N)N",acrylate(C=C(C=O)),vinyl(C=C),0.7,100.0,100.0,"Propose two monomers that form a TSMP with Tg around 100Â°C, Er near 100 MPa, and containing acrylate(C=C(C=O)) in monomer1 and vinyl(C=C) in monomer2 groups.",C=C(OCC1CO1)C(=O)OCC4CO4,CC(COCC(C)OCC(C)OCC(C)OCC(C)OCC(C)OCC(C)OCC(C)OCC(C)OCC(C)OCC(C)OCC(C)N)N,49.798336029052734,18.572555541992188,50.201663970947266,81.42744445800781
340,CC(C)(c2ccc(OCC1CO1)cc2)c4ccc(OCC3CO3)cc4,CC1(C)CC(O)(C)C1(c6ccc(OCC3CO3)c56)c4ccc(OCC2CO2)c14,"Here's a valid monomer pair designed with your specific groups and properties in mind:
Monomer 1: CC(C)(c2ccc(OCC1CO1)cc2)c4ccc(OCC3CO3)cc4
Monomer 2: CC1(C)CC(O)(C)C1(c6ccc(OCC3CO3)c56)c4ccc(OCC2CO2)c14",acrylate(C=C(C=O)),vinyl(C=C),0.7,100.0,100.0,"Propose two monomers that form a TSMP with Tg around 100Â°C, Er near 100 MPa, and containing acrylate(C=C(C=O)) in monomer1 and vinyl(C=C) in monomer2 groups.",Not found,Not found,,,,
341,C=C(C)C(=O)OCCOCCOCCOCCOCCOCCOCCOCCOC(=O)C(=C)C,O=c1n(CCS)c(=O)n(CCS)c(=O)n1CCS,"Here's a TSMP designed with the required properties and functional groups:
Monomer 1: C=C(C)C(=O)OCCOCCOCCOCCOCCOCCOCCOCCOC(=O)C(=C)C
Monomer 2: O=c1n(CCS)c(=O)n(CCS)c(=O)n1CCS",acrylate(C=C(C=O)),vinyl(C=C),0.9,100.0,100.0,"Propose two monomers that form a TSMP with Tg around 100Â°C, Er near 100 MPa, and containing acrylate(C=C(C=O)) in monomer1 and vinyl(C=C) in monomer2 groups.",C=C(C)C(=O)OCCOCCOCCOCCOCCOCCOCCOCCOC(=O)C(=C)C,O=c1n(CCS)c(=O)n(CCS)c(=O)n1CCS,168.9884033203125,49.91852951049805,68.9884033203125,50.08147048950195
342,C=C(C)C(=O)OCCOCCOCCOCCOCCOCCOCCOCCOCCOCCOCCOCCOCCOCCOCCOCCOCCOC(=O)C(=C)C,C=C(CCS)OCC(COC(=O)CCS)(COC(=O)CCS)COC(=O)CCSC(=O)NCC1(C)CC(NC(=O)SCC(OCC(C)OCC(C)OCC(C)OCC(C)OCC(C)OCC(C)OCC(C)OCC(C)OCC(C)OCC(C)OCC(C)OCC(C)OCC(C)OCC(C)OCC(C)OCC(C)C)CC(C)(C)C1S(=O)(=O)NCC3(C)CC(C2(C)CC(C(C)(C)OCC2CC1)CC1(C)CC(C)(C)CC2(C)CC(C)(C)CC1(C)CC2(C)CC(C)(C)CC4(C)CC(C)(C)C4CC2(C)CC(C)(C)CC3(C)CC,"This monomer pair includes more than two instances of each group as requested and is compatible with the target properties Tg and Er.
Monomer 1: C=C(C)C(=O)OCCOCCOCCOCCOCCOCCOCCOCCOCCOCCOCCOCCOCCOCCOCCOCCOCCOC(=O)C(=C)C
Monomer 2: C=C(CCS)OCC(COC(=O)CCS)(COC(=O)CCS)COC(=O)CCSC(=O)NCC1(C)CC(NC(=O)SCC(OCC(C)OCC(C)OCC(C)OCC(C)OCC(C)OCC(C)OCC(C)OCC(C)OCC(C)OCC(C)OCC(C)OCC(C)OCC(C)OCC(C)OCC(C)OCC(C)C)CC(C)(C)C1S(=O)(=O)NCC3(C)CC(C2(C)CC(C(C)(C)OCC2CC1)CC1(C)CC(C)(C)CC2(C)CC(C)(C)CC1(C)CC2(C)CC(C)(C)CC4(C)CC(C)(C)C4CC2(C)CC(C)(C)CC3(C)CC",acrylate(C=C(C=O)),vinyl(C=C),0.9,100.0,100.0,"Propose two monomers that form a TSMP with Tg around 100Â°C, Er near 100 MPa, and containing acrylate(C=C(C=O)) in monomer1 and vinyl(C=C) in monomer2 groups.",Not found,Not found,,,,
343, C=CCc1cccc(C=c2ccccc2)c1,C=C(C)C(=O)OCCOCCOCCOCCOC(=O)C(=C)C,"Here's a pair of monomers fulfilling the criteria of working groups (C=C and C=C(C=O)) and target properties (Tg â‰ˆ 100Â°C, Er â‰ˆ 100Mpa):
Monomer 1: C=CCc1cccc(C=c2ccccc2)c1
Monomer 2: C=C(C)C(=O)OCCOCCOCCOCCOC(=O)C(=C)C",acrylate(C=C(C=O)),vinyl(C=C),0.9,100.0,100.0,"Propose two monomers that form a TSMP with Tg around 100Â°C, Er near 100 MPa, and containing acrylate(C=C(C=O)) in monomer1 and vinyl(C=C) in monomer2 groups.",CCCc1cccc(Cc2ccccc2)c1,C=C(C)C(=O)OCCOCCOCCOCCOC(=O)C(=C)C,94.4252700805664,20.07677459716797,0.0,79.92322540283203
344,O=C(OCCOc2ccc(C(=O)OCC(OCC)(OCC)OCC)cc2)C3CC3,CC(CN)CCCN,"The following monomers feature the requested functional groups and are compatible with your target properties:
Monomer 1: O=C(OCCOc2ccc(C(=O)OCC(OCC)(OCC)OCC)cc2)C3CC3
Monomer 2: CC(CN)CCCN",acrylate(C=C(C=O)),vinyl(C=C),0.9,100.0,100.0,"Propose two monomers that form a TSMP with Tg around 100Â°C, Er near 100 MPa, and containing acrylate(C=C(C=O)) in monomer1 and vinyl(C=C) in monomer2 groups.",O=C(OCCOc2ccc(C(=O)OCC(OCC)(OCC)OCC)cc2)C3CC3,CC(CN)CCCN,91.39818572998047,41.669677734375,0.0,58.330322265625
345,C=C(C)C(=O)OCCOCCOCCOCCOCCOCCOCCOCCOC(=O)C(=C)C,C=C(C)C(=O)OC(=O)CCOC(=O)CCOC(=O)CCOC(=O)CCOC(=O)CCOC(=O)CCOC(=O)CCOC(=O)CCOC(=O)CCOC(=O)CCOC(=O)CCOC(=O)CCOC(=O)CCOC(=O)CCOC(=O)CCOC(=O)CCOC(=O)CCOC(=O)CCOC(=O)CCOC(=O)CCOCCOCCOCCOCCOCCOCCOCCOCCOCCOCCOCCOCCOCCOCCOCCOCCOCCOCCOCCOCCOCCOCCOCCOCCOCC(C)=C,"Here's a pair of monomers fulfilling the criteria of working groups and target properties:
Monomer 1: C=C(C)C(=O)OCCOCCOCCOCCOCCOCCOCCOCCOC(=O)C(=C)C
Monomer 2: C=C(C)C(=O)OC(=O)CCOC(=O)CCOC(=O)CCOC(=O)CCOC(=O)CCOC(=O)CCOC(=O)CCOC(=O)CCOC(=O)CCOC(=O)CCOC(=O)CCOC(=O)CCOC(=O)CCOC(=O)CCOC(=O)CCOC(=O)CCOC(=O)CCOC(=O)CCOC(=O)CCOC(=O)CCOCCOCCOCCOCCOCCOCCOCCOCCOCCOCCOCCOCCOCCOCCOCCOCCOCCOCCOCCOCCOCCOCCOCCOCCOCC(C)=C",acrylate(C=C(C=O)),vinyl(C=C),0.9,100.0,100.0,"Propose two monomers that form a TSMP with Tg around 100Â°C, Er near 100 MPa, and containing acrylate(C=C(C=O)) in monomer1 and vinyl(C=C) in monomer2 groups.",C=C(C)C(=O)OCCOCCOCCOCCOCCOCCOCCOCCOC(=O)C(=C)C,C=C(C)C(=O)OC(=O)CCOC(=O)CCOC(=O)CCOC(=O)CCOC(=O)CCOC(=O)CCOC(=O)CCOC(=O)CCOC(=O)CCOC(=O)CCOC(=O)CCOC(=O)CCOC(=O)CCOC(=O)CCOC(=O)CCOC(=O)CCOC(=O)CCOC(=O)CCOC(=O)CCOC(=O)CCOCCOCCOCCOCCOCCOCCOCCOCCOCCOCCOCCOCCOCCOCCOCCOCCOCCOCCOCCOCCOCCOCCOCCOCCOCC(C)=C,265.3540954589844,37.39318084716797,165.35409545898438,62.60681915283203
346,C=C(C)C(=C)OCOCCOCOCCOCOCCOC(=O)C(=C)C,C=C(CCS(=O)(=O)N)CCOCC(C)OCC(C)OCC(C)OCC(C)OCC(C)OCC(C)OCC(C)OCC(C)OCC(C)OCC(C)OCC(C)OCC(C)OCC(C)N,"This monomer pair includes greater-than-two instances of each functional group, as required: C=C(C=O) in Monomer 1 and C=C in Monomer 2.
Monomer 1: C=C(C)C(=C)OCOCCOCOCCOCOCCOC(=O)C(=C)C
Monomer 2: C=C(CCS(=O)(=O)N)CCOCC(C)OCC(C)OCC(C)OCC(C)OCC(C)OCC(C)OCC(C)OCC(C)OCC(C)OCC(C)OCC(C)OCC(C)OCC(C)N",acrylate(C=C(C=O)),vinyl(C=C),1.0,100.0,100.0,"Propose two monomers that form a TSMP with Tg around 100Â°C, Er near 100 MPa, and containing acrylate(C=C(C=O)) in monomer1 and vinyl(C=C) in monomer2 groups.",C=C(C)C(=C)OCOCCOCOCCOCOCCOC(=O)C(=C)C,C=C(CCS(=O)(=O)N)CCOCC(C)OCC(C)OCC(C)OCC(C)OCC(C)OCC(C)OCC(C)OCC(C)OCC(C)OCC(C)OCC(C)OCC(C)OCC(C)N,146.34983825683594,22.064443588256836,46.34983825683594,77.93555641174316
347,C=C(C)C(=O)OCCOC2OC2COC(=O)C(=C)C,C=C(CCS(=O)(=O)N)OCC(COC(=O)NCC=C)OC(=O)NCC=C,"Based on your request for Tg â‰ˆ 100Â°C and Er â‰ˆ 100Mpa using functional groups C=C(C=O) and C=C, I suggest this pair:
Monomer 1: C=C(C)C(=O)OCCOC2OC2COC(=O)C(=C)C
Monomer 2: C=C(CCS(=O)(=O)N)OCC(COC(=O)NCC=C)OC(=O)NCC=C",acrylate(C=C(C=O)),vinyl(C=C),1.0,100.0,100.0,"Propose two monomers that form a TSMP with Tg around 100Â°C, Er near 100 MPa, and containing acrylate(C=C(C=O)) in monomer1 and vinyl(C=C) in monomer2 groups.",C=C(C)C(=O)OCCOC2OC2COC(=O)C(=C)C,C=C(CCS(=O)(=O)N)OCC(COC(=O)NCC=C)OC(=O)NCC=C,89.50154876708984,25.977725982666016,0.0,74.02227401733398
348,C=C(C)C(=C)OCOCCOC(=O)CC(=C)OCOCCOC(=O)C(C)=C,C=CCOCC(CO)(COCC=C)COCC=C,"Here is a custom monomer pair that includes the requested functionalities and should react according to your specifications:
Monomer 1: C=C(C)C(=C)OCOCCOC(=O)CC(=C)OCOCCOC(=O)C(C)=C
Monomer 2: C=CCOCC(CO)(COCC=C)COCC=C",acrylate(C=C(C=O)),vinyl(C=C),1.0,100.0,100.0,"Propose two monomers that form a TSMP with Tg around 100Â°C, Er near 100 MPa, and containing acrylate(C=C(C=O)) in monomer1 and vinyl(C=C) in monomer2 groups.",C=C(C)C(=C)OCOCCOC(=O)CC(=C)OCOCCOC(=O)C(C)=C,C=CCOCC(CO)(COCC=C)COCC=C,41.011775970458984,12.449482917785645,58.988224029541016,87.55051708221436
349,CC(C)(c4ccc(OCC(O)COC3CCC(C(C)(C)C2CCC(OCC1CO1)CC2)CC3)CC4)c6ccc(OCC5CO5)cc6,O=C(OCCn1c(=O)n(CC(=O)OCC)cn1C)CC(=O)OCC,"Based on your request for Tg â‰ˆ 100Â°C and Er â‰ˆ 100Mpa, with monomers containing C=C(C=O) and C=C, I suggest:
Monomer 1: CC(C)(c4ccc(OCC(O)COC3CCC(C(C)(C)C2CCC(OCC1CO1)CC2)CC3)CC4)c6ccc(OCC5CO5)cc6
Monomer 2: O=C(OCCn1c(=O)n(CC(=O)OCC)cn1C)CC(=O)OCC",acrylate(C=C(C=O)),vinyl(C=C),1.0,100.0,100.0,"Propose two monomers that form a TSMP with Tg around 100Â°C, Er near 100 MPa, and containing acrylate(C=C(C=O)) in monomer1 and vinyl(C=C) in monomer2 groups.",Not found,Not found,,,,
350,C=C(C)C(=O)OCCOCCOCCOCCOCCOCCOCCOCCOC(=O)C(C)=O,C=C(CCS)tbc(C=C)C(=O)OCCS,"Here's a valid monomer pair complying with the functional group and property requirements:
Monomer 1: C=C(C)C(=O)OCCOCCOCCOCCOCCOCCOCCOCCOC(=O)C(C)=O
Monomer 2: C=C(CCS)tbc(C=C)C(=O)OCCS",acrylate(C=C(C=O)),vinyl(C=C),1.0,100.0,100.0,"Propose two monomers that form a TSMP with Tg around 100Â°C, Er near 100 MPa, and containing acrylate(C=C(C=O)) in monomer1 and vinyl(C=C) in monomer2 groups.",Not found,Not found,,,,
351,C=C(C)C(=O)OCCOCCOCCOCCOCCOCCOCCOCCOC(=O)C(=C)C,C=C(C)C(=O)OCCOCCOCCOCCOCCOCCOCCOCCOCCOCCOCCOCCOCCOCCOCCOCCOCCOCC(C)=O,"Here's a valid monomer pair designed with the required functionalities:
Monomer 1 (vinyl): C=C(C)C(=O)OCCOCCOCCOCCOCCOCCOCCOCCOC(=O)C(=C)C
Monomer 2 (hydroxyl): C=C(C)C(=O)OCCOCCOCCOCCOCCOCCOCCOCCOCCOCCOCCOCCOCCOCCOCCOCCOCCOCC(C)=O",vinyl(C=C),hydroxyl(=O),0.3,50.0,20.0,"Generate a TSMP with Tg = 50Â°C and Er = 20 MPa, using functional groups vinyl(C=C) and hydroxyl(=O).",C=C(C)C(=O)OCCOCCOCCOCCOCCOCCOCCOCCOC(=O)C(=C)C,C=C(C)C(=O)OCCOCCOCCOCCOCCOCCOCCOCCOCCOCCOCCOCCOCCOCCOCCOCCOCCOCC(C)=O,176.2545928955078,26.412574768066406,126.25459289550781,0.0
352,C=C(C)C(=O)OCCOCCOCCOCCOCCOCCOCCOCCOC(=O)C(=C)C,CC(=O)OCC(CO)(CO)CO,"Here's a valid monomer pair designed with the required functionalities:
Monomer 1 (vinyl): C=C(C)C(=O)OCCOCCOCCOCCOCCOCCOCCOCCOC(=O)C(=C)C
Monomer 2 (hydroxyl): CC(=O)OCC(CO)(CO)CO",vinyl(C=C),hydroxyl(=O),0.3,50.0,20.0,"Generate a TSMP with Tg = 50Â°C and Er = 20 MPa, using functional groups vinyl(C=C) and hydroxyl(=O).",C=C(C)C(=O)OCCOCCOCCOCCOCCOCCOCCOCCOC(=O)C(=C)C,CC(=O)OCC(CO)(CO)CO,73.65233612060547,18.020851135253906,0.0,0.0
353,C=C(C)C(=O)OCCOCCOCCOCCOCCOCCOCCOCCOC(=O)C(=C)C,CC(=O)OCC(CO)(CO)CO,"Here's a valid monomer pair designed with the required functionalities:
Monomer 1 (vinyl): C=C(C)C(=O)OCCOCCOCCOCCOCCOCCOCCOCCOC(=O)C(=C)C
Monomer 2 (hydroxyl): CC(=O)OCC(CO)(CO)CO",vinyl(C=C),hydroxyl(=O),0.3,50.0,20.0,"Generate a TSMP with Tg = 50Â°C and Er = 20 MPa, using functional groups vinyl(C=C) and hydroxyl(=O).",C=C(C)C(=O)OCCOCCOCCOCCOCCOCCOCCOCCOC(=O)C(=C)C,CC(=O)OCC(CO)(CO)CO,73.65233612060547,18.020851135253906,0.0,0.0
354,C=C(C)C(=O)OCCOCCOCCOCCOCCOCCOCCOCCOCCOCCOCCOCCOCCOCCOCCOCCOCCOCCOCCOCCOCCOCCOCCOCCOC(=O)C(=C)C,CC(C)(C)OCC(C)OCC(C)OCC(C)OCC(C)OCC(C)OCC(C)OCC(C)OCC(C)OCC(C)OCC(C)OCC(C)OCC(C)OCC(C)OCC(C)OCC(C)OCC(C)OCC(C)OCC(C)OCC(C)OCC(C)OCC(C)OCC(C)OCC(C)OCC(C)OCC(C)OCC(C)OCC(C)OCC(C)OCC(C)OCC(C)OCC(C)OCC(C)OCC(C)OCC(C)OCC(C)OCC(C)OCC(C)OCC(C)OCC(C)OCC(C)OCC(C)OCC(C)OCC(C)OCC(C)OCC(C)OCC(C)OCC(C)OCC(C)OCC(C)O,"Here's a valid monomer pair designed with the required functionalities:
Monomer 1 (vinyl): C=C(C)C(=O)OCCOCCOCCOCCOCCOCCOCCOCCOCCOCCOCCOCCOCCOCCOCCOCCOCCOCCOCCOCCOCCOCCOCCOCCOC(=O)C(=C)C
Monomer 2 (hydroxyl): CC(C)(C)OCC(C)OCC(C)OCC(C)OCC(C)OCC(C)OCC(C)OCC(C)OCC(C)OCC(C)OCC(C)OCC(C)OCC(C)OCC(C)OCC(C)OCC(C)OCC(C)OCC(C)OCC(C)OCC(C)OCC(C)OCC(C)OCC(C)OCC(C)OCC(C)OCC(C)OCC(C)OCC(C)OCC(C)OCC(C)OCC(C)OCC(C)OCC(C)OCC(C)OCC(C)OCC(C)OCC(C)OCC(C)OCC(C)OCC(C)OCC(C)OCC(C)OCC(C)OCC(C)OCC(C)OCC(C)OCC(C)OCC(C)OCC(C)OCC(C)O",vinyl(C=C),hydroxyl(=O),0.3,50.0,20.0,"Generate a TSMP with Tg = 50Â°C and Er = 20 MPa, using functional groups vinyl(C=C) and hydroxyl(=O).",C=C(C)C(=O)OCCOCCOCCOCCOCCOCCOCCOCCOCCOCCOCCOCCOCCOCCOCCOCCOCCOCCOCCOCCOCCOCCOCCOCCOC(=O)C(=C)C,CC(C)(C)OCC(C)OCC(C)OCC(C)OCC(C)OCC(C)OCC(C)OCC(C)OCC(C)OCC(C)OCC(C)OCC(C)OCC(C)OCC(C)OCC(C)OCC(C)OCC(C)OCC(C)OCC(C)OCC(C)OCC(C)OCC(C)OCC(C)OCC(C)OCC(C)OCC(C)OCC(C)OCC(C)OCC(C)OCC(C)OCC(C)OCC(C)OCC(C)OCC(C)OCC(C)OCC(C)OCC(C)OCC(C)OCC(C)OCC(C)OCC(C)OCC(C)OCC(C)OCC(C)OCC(C)OCC(C)OCC(C)OCC(C)OCC(C)OCC(C)O,276.78521728515625,41.90251541137695,226.78521728515625,0.0
355,C=C(C)C(=O)OCCOCCOCCOCCOCCOCCOCCOCCOC(=O)C(=C)C,CC(=O)OCC(CO)(CO)CO,"Here's a valid monomer pair designed with the required functionalities:
Monomer 1 (vinyl): C=C(C)C(=O)OCCOCCOCCOCCOCCOCCOCCOCCOC(=O)C(=C)C
Monomer 2 (hydroxyl): CC(=O)OCC(CO)(CO)CO",vinyl(C=C),hydroxyl(=O),0.3,50.0,20.0,"Generate a TSMP with Tg = 50Â°C and Er = 20 MPa, using functional groups vinyl(C=C) and hydroxyl(=O).",C=C(C)C(=O)OCCOCCOCCOCCOCCOCCOCCOCCOC(=O)C(=C)C,CC(=O)OCC(CO)(CO)CO,73.65233612060547,18.020851135253906,0.0,0.0
356,C=C(C)OCCn1c(=O)n(CCOC(=O)C(C)=O)c(=O)n(CCOC(=O)C(C)=O)c1C,CC(C)(C)OCC(O)CC(O)CC(O)CC(O)C(C)OCC(O)CC(O)CC(O)CC(O)CC(C)OCC(O)CC(O)CC(O)CC(O)C,"Here's a valid monomer pair designed with the required functionalities:
Monomer 1 (vinyl): C=C(C)OCCn1c(=O)n(CCOC(=O)C(C)=O)c(=O)n(CCOC(=O)C(C)=O)c1C
Monomer 2 (hydroxyl): CC(C)(C)OCC(O)CC(O)CC(O)CC(O)C(C)OCC(O)CC(O)CC(O)CC(O)CC(C)OCC(O)CC(O)CC(O)CC(O)C",vinyl(C=C),hydroxyl(=O),0.5,50.0,20.0,"Generate a TSMP with Tg = 50Â°C and Er = 20 MPa, using functional groups vinyl(C=C) and hydroxyl(=O).",Not found,Not found,,,,
357,C=CCn1c(=O)n(CC=C)c(=O)n(CC=C)c1=O,CC(C)(C)N,"For the target properties Tg â‰ˆ 50Â°C and Er â‰ˆ 20Mpa, with functional groups C=C and =O, try:
Monomer 1: C=CCn1c(=O)n(CC=C)c(=O)n(CC=C)c1=O
Monomer 2: CC(C)(C)N",vinyl(C=C),hydroxyl(=O),0.5,50.0,20.0,"Generate a TSMP with Tg = 50Â°C and Er = 20 MPa, using functional groups vinyl(C=C) and hydroxyl(=O).",C=CCn1c(=O)n(CC=C)c(=O)n(CC=C)c1=O,CC(C)(C)N,153.6754608154297,18.082181930541992,103.67546081542969,0.0
358,CC(C)(c2ccc(OCC1CO1)cc2)c4ccc(OCC3CO3)cc4,CC(C)(C)N,"Here's a valid monomer pair designed with vinyl and hydroxyl groups, meeting the property targets of Tg = 50Â°C and Er = 20Mpa:
Monomer 1: CC(C)(c2ccc(OCC1CO1)cc2)c4ccc(OCC3CO3)cc4
Monomer 2: CC(C)(C)N",vinyl(C=C),hydroxyl(=O),0.5,50.0,20.0,"Generate a TSMP with Tg = 50Â°C and Er = 20 MPa, using functional groups vinyl(C=C) and hydroxyl(=O).",CC(C)(c2ccc(OCC1CO1)cc2)c4ccc(OCC3CO3)cc4,CC(C)(C)N,163.88241577148438,45.075035095214844,113.88241577148438,0.0
359,CC(C)(c2ccc(OCC1CO1)cc2)c4ccc(OCC3CO3)cc4,CC(C)(C)N,"Here's a pair of monomers fulfilling the criteria of the system and containing the specified groups:
Monomer 1: CC(C)(c2ccc(OCC1CO1)cc2)c4ccc(OCC3CO3)cc4
Monomer 2: CC(C)(C)N",vinyl(C=C),hydroxyl(=O),0.5,50.0,20.0,"Generate a TSMP with Tg = 50Â°C and Er = 20 MPa, using functional groups vinyl(C=C) and hydroxyl(=O).",CC(C)(c2ccc(OCC1CO1)cc2)c4ccc(OCC3CO3)cc4,CC(C)(C)N,163.88241577148438,45.075035095214844,113.88241577148438,0.0
360,C=C(C)C(=O)OCCOCCOCCOCCOCCOCCOCCOCCOCCOCCOCCOCCOCCOCCOCCOCCOC(=O)C(=C)C,CC(C)(C)OCC(C)OCC(C)OCC(C)OCC(C)OCC(C)OCC(C)OCC(C)OCC(C)OCC(C)OCC(C)OCC(C)OCCOCCOCCOCCOCCOCCOCCOCCOCCOCCOCCOCCOCCOCCOCC(C)OCC(C)OCC(C)OCC(C)OCC(C)OCC(C)OCC(C)OCC(C)OCC(C)OCC(C)OCCOCCOCCOCCOCCOCCOCCOCCOCCOCCOCCOCCOCCOCC(C)OCC(C)OCC(C)OCC(C)OCC(C)OCC(C)OCC(C)OCC(C)OCC(C)OCC(C)OCCOCCOCCOCCOCCOCCOCCOCCOCCOCCOCCOCCOCCOCCOCCOCCOCC,"Here's a pair of monomers fulfilling the criteria of the system:
Monomer 1 (vinyl): C=C(C)C(=O)OCCOCCOCCOCCOCCOCCOCCOCCOCCOCCOCCOCCOCCOCCOCCOCCOC(=O)C(=C)C
Monomer 2 (hydroxyl): CC(C)(C)OCC(C)OCC(C)OCC(C)OCC(C)OCC(C)OCC(C)OCC(C)OCC(C)OCC(C)OCC(C)OCC(C)OCCOCCOCCOCCOCCOCCOCCOCCOCCOCCOCCOCCOCCOCCOCC(C)OCC(C)OCC(C)OCC(C)OCC(C)OCC(C)OCC(C)OCC(C)OCC(C)OCC(C)OCCOCCOCCOCCOCCOCCOCCOCCOCCOCCOCCOCCOCCOCC(C)OCC(C)OCC(C)OCC(C)OCC(C)OCC(C)OCC(C)OCC(C)OCC(C)OCC(C)OCCOCCOCCOCCOCCOCCOCCOCCOCCOCCOCCOCCOCCOCCOCCOCCOCC",vinyl(C=C),hydroxyl(=O),0.5,50.0,20.0,"Generate a TSMP with Tg = 50Â°C and Er = 20 MPa, using functional groups vinyl(C=C) and hydroxyl(=O).",C=C(C)C(=O)OCCOCCOCCOCCOCCOCCOCCOCCOCCOCCOCCOCCOCCOCCOCCOCCOC(=O)C(=C)C,CC(C)(C)OCC(C)OCC(C)OCC(C)OCC(C)OCC(C)OCC(C)OCC(C)OCC(C)OCC(C)OCC(C)OCC(C)OCCOCCOCCOCCOCCOCCOCCOCCOCCOCCOCCOCCOCCOCCOCC(C)OCC(C)OCC(C)OCC(C)OCC(C)OCC(C)OCC(C)OCC(C)OCC(C)OCC(C)OCCOCCOCCOCCOCCOCCOCCOCCOCCOCCOCCOCCOCCOCC(C)OCC(C)OCC(C)OCC(C)OCC(C)OCC(C)OCC(C)OCC(C)OCC(C)OCC(C)OCCOCCOCCOCCOCCOCCOCCOCCOCCOCCOCCOCCOCCOCCOCCOCCOCC,431.577392578125,78.43207550048828,381.577392578125,58.43207550048828
361,CC(C)(c2ccc(OCCOCC1CO1)cc2)c4ccc(OCCOCC3CO3)cc4,CC(C)(C)N,"Here is a pair of monomers that match the required specifications:
Monomer 1: CC(C)(c2ccc(OCCOCC1CO1)cc2)c4ccc(OCCOCC3CO3)cc4
Monomer 2: CC(C)(C)N",vinyl(C=C),hydroxyl(=O),0.7,50.0,20.0,"Generate a TSMP with Tg = 50Â°C and Er = 20 MPa, using functional groups vinyl(C=C) and hydroxyl(=O).",CC(C)(c2ccc(OCCOCC1CO1)cc2)c4ccc(OCCOCC3CO3)cc4,CC(C)(C)N,165.74000549316406,46.627872467041016,115.74000549316406,0.0
362,C=CCc1cccc(C=C)c1,CC(C)(C)C(=O)OCCOCCOCCOCCOCCOCCOCCOCCOCCOCCOCCOCCOCCOCCOCCOCCOCCOCCOCCOCCOCCOCCOCCOCCOCCOCCOCCOCCOC(=O)NCC1(C)CC(NC(=O)OCC(OCC(O)COC(=O)NCC2(C)CC(OCC(C)(C)C(=O)OCC3(C)CC(OCC(C)(C)C(=O)OCC4(C)CC(OCC(C)(C)C(=O)OCC5(C)CC(OCC(C)(C)C(=O)OCC6(C)CC(OCC(C)(C)C(=O)OCC7(C)CC(OCC(C)(C)C(=O)OCC8(C)CC(OCC(C)(C)C(=O)OCC9(C)CC(OCC(C)(C)C(=O)OCC10(C)CC(OCC(C)(C)C(=O)OCC11(C)CC(OCC(C)(C),"Here's a valid monomer pair designed with the required functionalities:
Monomer 1 (vinyl): C=CCc1cccc(C=C)c1
Monomer 2 (hydroxyl): CC(C)(C)C(=O)OCCOCCOCCOCCOCCOCCOCCOCCOCCOCCOCCOCCOCCOCCOCCOCCOCCOCCOCCOCCOCCOCCOCCOCCOCCOCCOCCOCCOC(=O)NCC1(C)CC(NC(=O)OCC(OCC(O)COC(=O)NCC2(C)CC(OCC(C)(C)C(=O)OCC3(C)CC(OCC(C)(C)C(=O)OCC4(C)CC(OCC(C)(C)C(=O)OCC5(C)CC(OCC(C)(C)C(=O)OCC6(C)CC(OCC(C)(C)C(=O)OCC7(C)CC(OCC(C)(C)C(=O)OCC8(C)CC(OCC(C)(C)C(=O)OCC9(C)CC(OCC(C)(C)C(=O)OCC10(C)CC(OCC(C)(C)C(=O)OCC11(C)CC(OCC(C)(C)",vinyl(C=C),hydroxyl(=O),0.7,50.0,20.0,"Generate a TSMP with Tg = 50Â°C and Er = 20 MPa, using functional groups vinyl(C=C) and hydroxyl(=O).",C=CCc1cccc(C=C)c1,CC(C)COCCC(C)COC(O)C(C)(C)COCCC1(C)COC(O)C(C)(C)COCCC(C)COC(O)C(C)(C)COCCC(C)COC(O)C(C)(C)COCCC(C)COC(O)C(C)(C)COCCC(C)COC(O)C(C)(C)COCCC(C)COC(O)C(C)(C)COCCC(C)COC(O)C(C)(C)COCCC(C)COC(O)C(C)(C)COCCC(C)CNC(O)OCC(O)COCCOC(O)NCCC1(C)CNC(O)OCCOCCOCCOCCOCCOCCOCCOCCOCCOCCOCCOCCOCCOCCOCCOCCOCCOCCOCCOCCOCCOCCOCCOCCOCCOCCOCCOCCOC(O)C(C)(C)C,232.22024536132812,40.79323959350586,182.22024536132812,0.0
363,C=C(C)C(=O)OCCOCCOCCOCCOCCOCCOCCOCCOC(=O)C(=C)C,O=CCOCCOCCOCCOCCOCCOCCOCCOC(=O)CCOCCOCCOCCOCCOCCOCCOCCOCCOCCOC(=O)CCOCCOCCOCCOCCOCCOCCOCCOCCOCCOCCOCCOCCOCCOCCOCCOCCOCCOCCOCCOCCOCCOCCOCCOCCOCCOCCOCCOCCOCCOCCOCCOCCOCCOCCOCCOCCOCCOCCOCCOCCOCCOCCOCCOCCOCCOCCOCCOCCOCCOCCOCCOCCOCCOCCOCCOCCOCCOCCOCCOCCOCCOCCOCCOCCOCCOCCOCCOCCOCCOCCOCCOCCOCCOCCOCCOCCOCCOCCOCCOCCOCCOCCOCCOCCOCCOCCOCCOCCOCCOCCOCCOCCOCC,"Here's a valid monomer pair designed with the required functionalities:
Monomer 1 (C=C): C=C(C)C(=O)OCCOCCOCCOCCOCCOCCOCCOCCOC(=O)C(=C)C
Monomer 2 (O=CC=C): O=CCOCCOCCOCCOCCOCCOCCOCCOC(=O)CCOCCOCCOCCOCCOCCOCCOCCOCCOCCOC(=O)CCOCCOCCOCCOCCOCCOCCOCCOCCOCCOCCOCCOCCOCCOCCOCCOCCOCCOCCOCCOCCOCCOCCOCCOCCOCCOCCOCCOCCOCCOCCOCCOCCOCCOCCOCCOCCOCCOCCOCCOCCOCCOCCOCCOCCOCCOCCOCCOCCOCCOCCOCCOCCOCCOCCOCCOCCOCCOCCOCCOCCOCCOCCOCCOCCOCCOCCOCCOCCOCCOCCOCCOCCOCCOCCOCCOCCOCCOCCOCCOCCOCCOCCOCCOCCOCCOCCOCCOCCOCCOCCOCCOCCOCC",vinyl(C=C),hydroxyl(=O),0.7,50.0,20.0,"Generate a TSMP with Tg = 50Â°C and Er = 20 MPa, using functional groups vinyl(C=C) and hydroxyl(=O).",C=C(C)C(=O)OCCOCCOCCOCCOCCOCCOCCOCCOC(=O)C(=C)C,O=CCOCCOCCOCCOCCOCCOCCOCCOC(=O)CCOCCOCCOCCOCCOCCOCCOCCOCCOCCOC(=O)CCOCCOCCOCCOCCOCCOCCOCCOCCOCCOCCOCCOCCOCCOCCOCCOCCOCCOCCOCCOCCOCCOCCOCCOCCOCCOCCOCCOCCOCCOCCOCCOCCOCCOCCOCCOCCOCCOCCOCCOCCOCCOCCOCCOCCOCCOCCOCCOCCOCCOCCOCCOCCOCCOCCOCCOCCOCCOCCOCCOCCOCCOCCOCCOCCOCCOCCOCCOCCOCCOCCOCCOCCOCCOCCOCCOCCOCCOCCOCCOCCOCCOCCOCCOCCOCCOCCOCCOCCOCCOCCOCCOCCOCC,533.0993041992188,125.88885498046875,483.09930419921875,105.88885498046875
364,CC(=O)OCCOC(=O)C(C)(C)OCC(O)COc1ccc(C(C)(C)C(=O)OCC(O)COc2ccc(OCC(O)COC(=O)C(=C)C)cc2C(=O)OCC(O)COc3ccc(C(=C)OCC(O)COC(=O)C(=C)C)cc3C(=O)OCC(O)COc4ccc(C(=C)OCC(O)COC(=O)C(=C)C)cc4C(=O)OCC(O)COc5ccc(C(=C)OCC(O)COC(=O)C(=C)C)cc5C(=O)OCC(O)COc6ccc(C(=C)OCC(O)COC(=O)C(=C)C)cc6C(=O)OCC(O)COc7ccc(C(=C)OCC(O)COC(=O)C(=C)C)cc7C(=O)OCC(O)COc8ccc(C(=C)OCC(O)COC(=O)C(=C),,"Here's a valid monomer pair designed with the required functionalities:
Monomer 1 (C=C): CC(=O)OCCOC(=O)C(C)(C)OCC(O)COc1ccc(C(C)(C)C(=O)OCC(O)COc2ccc(OCC(O)COC(=O)C(=C)C)cc2C(=O)OCC(O)COc3ccc(C(=C)OCC(O)COC(=O)C(=C)C)cc3C(=O)OCC(O)COc4ccc(C(=C)OCC(O)COC(=O)C(=C)C)cc4C(=O)OCC(O)COc5ccc(C(=C)OCC(O)COC(=O)C(=C)C)cc5C(=O)OCC(O)COc6ccc(C(=C)OCC(O)COC(=O)C(=C)C)cc6C(=O)OCC(O)COc7ccc(C(=C)OCC(O)COC(=O)C(=C)C)cc7C(=O)OCC(O)COc8ccc(C(=C)OCC(O)COC(=O)C(=C)",vinyl(C=C),hydroxyl(=O),0.7,50.0,20.0,"Generate a TSMP with Tg = 50Â°C and Er = 20 MPa, using functional groups vinyl(C=C) and hydroxyl(=O).",Not found,Not found,,,,
365,CC(C)(c2ccc(OCC1CO1)cc2)c4ccc(OCC3CO3)cc4,CC1(C)CC(O)(CO)CC1C,"Here's a valid monomer pair designed with C=C and =O groups for your TSMP:
Monomer 1: CC(C)(c2ccc(OCC1CO1)cc2)c4ccc(OCC3CO3)cc4
Monomer 2: CC1(C)CC(O)(CO)CC1C",vinyl(C=C),hydroxyl(=O),0.7,50.0,20.0,"Generate a TSMP with Tg = 50Â°C and Er = 20 MPa, using functional groups vinyl(C=C) and hydroxyl(=O).",CC(C)(c2ccc(OCC1CO1)cc2)c4ccc(OCC3CO3)cc4,CC1(C)CC(O)(CO)CC1C,97.4085464477539,27.980037689208984,47.408546447753906,0.0
366,C=C(C)C(=O)OCCOCCOCCOCCOCCOCCOCCOCCOC(=O)C(=C)C,C=C(C)C(=O)OCCOCCOCCOCCOCCOCCOCCOCCOC(=O)C(=C)C,"Here's a pair of monomers that match the required functionalities and have the desired properties:
Monomer 1: C=C(C)C(=O)OCCOCCOCCOCCOCCOCCOCCOCCOC(=O)C(=C)C
Monomer 2: C=C(C)C(=O)OCCOCCOCCOCCOCCOCCOCCOCCOC(=O)C(=C)C",vinyl(C=C),hydroxyl(=O),0.9,50.0,20.0,"Generate a TSMP with Tg = 50Â°C and Er = 20 MPa, using functional groups vinyl(C=C) and hydroxyl(=O).",C=C(C)C(=O)OCCOCCOCCOCCOCCOCCOCCOCCOC(=O)C(=C)C,C=C(C)C(=O)OCCOCCOCCOCCOCCOCCOCCOCCOC(=O)C(=C)C,119.80741119384766,22.06793785095215,69.80741119384766,0.0
367,C=C(C)C(O)Cc1cccc(O)c1,C=C(CCS)OCCn1c(=O)n(CCS)c(=O)n(CCS)c(=O)n(CCS)c1=O,"Based on your input, I designed monomers containing vinyl and hydroxyl groups:
Monomer 1: C=C(C)C(O)Cc1cccc(O)c1
Monomer 2: C=C(CCS)OCCn1c(=O)n(CCS)c(=O)n(CCS)c(=O)n(CCS)c1=O
These match the required functionalities and include the correct chemical groups.",vinyl(C=C),hydroxyl(=O),0.9,50.0,20.0,"Generate a TSMP with Tg = 50Â°C and Er = 20 MPa, using functional groups vinyl(C=C) and hydroxyl(=O).",C=C(C)C(O)Cc1cccc(O)c1,C=C(CCS)OCCn1c(=O)n(CCS)c(=O)n(CCS)c(=O)n(CCS)c1=O,124.37090301513672,27.50516700744629,74.37090301513672,0.0
368,C=C(C)C(=O)OCCOCCOCCOCCOCCOCCOCCOCCOC(=O)C(=C)C,Cc1cccc(CN)c1,"This monomer pair includes two vinyl-containing groups and one hydroxyl group, satisfying the design constraints:
Monomer 1: C=C(C)C(=O)OCCOCCOCCOCCOCCOCCOCCOCCOC(=O)C(=C)C
Monomer 2: NCc1cccc(CN)c1",vinyl(C=C),hydroxyl(=O),0.9,50.0,20.0,"Generate a TSMP with Tg = 50Â°C and Er = 20 MPa, using functional groups vinyl(C=C) and hydroxyl(=O).",C=C(C)C(=O)OCCOCCOCCOCCOCCOCCOCCOCCOC(=O)C(=C)C,Cc1cccc(CN)c1,73.73822021484375,17.56524658203125,0.0,0.0
369,C=C(C)C(=C)OCCOC(=O)CC(=C)OCCOC(=O)CC(=C)OCCOC(=O)CCOC(=O)CCOC(=O)CCOC(=O)CCOC(=O)CCOC(=O)CCOC(=O)CCOC(=O)CCOC(=O)CCOC(=O)CCOC(=O)CCOC(=O)CCOC(=O)CCOC(=O)CCOC(=O)CCOC(=O)CCOC(=O)CCOC(=O)CCOC(=O)CCOC(=O)CCOC(=O)CCOC(=O)CCOC(=O)CCOC(=O)CCOC(=O),CCOCCOCCOCCOCCOCCOCCOCCOCCOCCOCCOCCOCCOCCOCCOCCOCCOCCOCCOCCOCCOCCOCCOCCOCCOCCOCCOCCOCCOCCOCCOCCOCCOCCOCCOCCOCCOCC,"The following monomers react through their functional groups C=C and =O, and help achieve the target properties Tg â‰ˆ 50Â°C and Er â‰ˆ 20Mpa:
Monomer 1: C=C(C)C(=C)OCCOC(=O)CC(=C)OCCOC(=O)CC(=C)OCCOC(=O)CCOC(=O)CCOC(=O)CCOC(=O)CCOC(=O)CCOC(=O)CCOC(=O)CCOC(=O)CCOC(=O)CCOC(=O)CCOC(=O)CCOC(=O)CCOC(=O)CCOC(=O)CCOC(=O)CCOC(=O)CCOC(=O)CCOC(=O)CCOC(=O)CCOC(=O)CCOC(=O)CCOC(=O)CCOC(=O)CCOC(=O)CCOC(=O)CCOCCOCCOCCOCCOCCOCCOCCOCCOCCOCCOCCOCCOCCOCCOCCOCCOCCOCCOCCOCCOCCOCCOCCOCCOCCOCCOCCOCCOCCOCCOCCOCCOCCOCCOCCOCCOCC",vinyl(C=C),hydroxyl(=O),0.9,50.0,20.0,"Generate a TSMP with Tg = 50Â°C and Er = 20 MPa, using functional groups vinyl(C=C) and hydroxyl(=O).",C=C(C)C(=C)OCCOC(=O)CC(=C)OCCOC(=O)CC(=C)OCCOC(=O)CCOC(=O)CCOC(=O)CCOC(=O)CCOC(=O)CCOC(=O)CCOC(=O)CCOC(=O)CCOC(=O)CCOC(=O)CCOC(=O)CCOC(=O)CCOC(=O)CCOC(=O)CCOC(=O)CCOC(=O)CCOC(=O)CCOC(=O)CCOC(=O)CCOC(=O)CCOC(=O)CCOC(=O)CCOC(=O)CCOC(=O)CCOC(=O),CCOCCOCCOCCOCCOCCOCCOCCOCCOCCOCCOCCOCCOCCOCCOCCOCCOCCOCCOCCOCCOCCOCCOCCOCCOCCOCCOCCOCCOCCOCCOCCOCCOCCOCCOCCOCCOCC,140.1138153076172,29.619131088256836,90.11381530761719,0.0
370,C=C(C)C(=O)OCCOCCOCCOCCOCCOCCOCCOCCOCCOCCOCCOCCOCCOCCOCCOCCOCCOCCOCCOCCOCCOCCOCCOCCOC(=O)C(=C)C,CCCC(=O)OCCCCC,"Here's a TSMP designed with the required functionalities and properties:
Monomer 1: C=C(C)C(=O)OCCOCCOCCOCCOCCOCCOCCOCCOCCOCCOCCOCCOCCOCCOCCOCCOCCOCCOCCOCCOCCOCCOCCOCCOC(=O)C(=C)C
Monomer 2: CCCC(=O)OCCCCC",vinyl(C=C),hydroxyl(=O),0.9,50.0,20.0,"Generate a TSMP with Tg = 50Â°C and Er = 20 MPa, using functional groups vinyl(C=C) and hydroxyl(=O).",C=C(C)C(=O)OCCOCCOCCOCCOCCOCCOCCOCCOCCOCCOCCOCCOCCOCCOCCOCCOCCOCCOCCOCCOCCOCCOCCOCCOC(=O)C(=C)C,CCCC(=O)OCCCCC,52.96134567260742,19.01427459716797,0.0,0.0
371,C=C(C)C(=O)OCC(O)COc2ccc(C(O)CCO)c1c(CC1=O)c(CC2=O)cc(C41=CC(O)CC4=C)cc2C(=C)C(=O)OCC(O)COc3ccc(C(O)CC3O)c6c5CCC(=C5)CC(=C6)c(=O)C(=O)OCC(O)COc9ccc(C(O)CC8O)c7c9(CC(=O)OCC(O)COCC(=O)O)CC(=C)C(=C7)OCC(O)COCC(=O)OCC(O)COC(=O)C(=O)OCC(O)COC(=O)C(=O)OCC(O)COCC(=O)OCC(O)COc4ccc(C(O)CC4O)c(c2c3CCC(=C3)CC(=C2)c(=O)C(=O)OCC(O)COc8ccc(C(O)CC7O)c6c8(CC(=O)OCC(O)COCC(=O)O))c1c(c0,,"We designed the TSMP using the specified groups and tgt properties:
Monomer 1 (vinyl): C=C(C)C(=O)OCC(O)COc2ccc(C(O)CCO)c1c(CC1=O)c(CC2=O)cc(C41=CC(O)CC4=C)cc2C(=C)C(=O)OCC(O)COc3ccc(C(O)CC3O)c6c5CCC(=C5)CC(=C6)c(=O)C(=O)OCC(O)COc9ccc(C(O)CC8O)c7c9(CC(=O)OCC(O)COCC(=O)O)CC(=C)C(=C7)OCC(O)COCC(=O)OCC(O)COC(=O)C(=O)OCC(O)COC(=O)C(=O)OCC(O)COCC(=O)OCC(O)COc4ccc(C(O)CC4O)c(c2c3CCC(=C3)CC(=C2)c(=O)C(=O)OCC(O)COc8ccc(C(O)CC7O)c6c8(CC(=O)OCC(O)COCC(=O)O))c1c(c0",vinyl(C=C),hydroxyl(=O),1.0,50.0,20.0,"Generate a TSMP with Tg = 50Â°C and Er = 20 MPa, using functional groups vinyl(C=C) and hydroxyl(=O).",Not found,Not found,,,,
372,CC(C)(c2ccc(OCC1CO1)cc2)c4ccc(OCC3CO3)cc4,CC(N)COCC(C)OCC(C)OCC(C)N,"Here's a valid monomer pair designed with vinyl and hydroxyl groups for your TSMP:
Monomer 1: CC(C)(c2ccc(OCC1CO1)cc2)c4ccc(OCC3CO3)cc4
Monomer 2: CC(N)COCC(C)OCC(C)OCC(C)N",vinyl(C=C),hydroxyl(=O),1.0,50.0,20.0,"Generate a TSMP with Tg = 50Â°C and Er = 20 MPa, using functional groups vinyl(C=C) and hydroxyl(=O).",CC(C)(c2ccc(OCC1CO1)cc2)c4ccc(OCC3CO3)cc4,CC(N)COCC(C)OCC(C)OCC(C)N,47.36640548706055,13.34851360321045,0.0,0.0
373, C=C(C)C(=O)OCCOCCOCCOCCOCCOCCOCCOCCOC(=O)C(=C)C,CCC(=O)OCC(CC)(COC(=O)CC)COC(=O)CCOCC(C)(C)OCCOCCOCCOCCOCCOCCOCCOCCOCCOCCOCCOCCOCCOCCOCCOCCOC(=O)CCOC(=O)CCOC(=O)CCOC(=O)CCOC(=O)CCOC(=O)CCOC(=O)CCOC(=O)CCOC(=O)CCOC(=O)CCOC(=O)CCOC(=O)CCOC(=O)CCOCC(C)(C)OCCOCCOCCOCCOCCOCCOCC(C)(C)OCCOCCOCCOCCOCCOCCOCCOCCOCC(C)(C)OCCOCCOCCOCCOCCOCCOCCOCCOCCOCCOCCOCCOCCOCCOCCOCCOCCOCCOCCOCCOCCOCCOCC(C),"Based on your input, I designed monomers containing the specified groups:
Monomer 1 with vinyl: C=C(C)C(=O)OCCOCCOCCOCCOCCOCCOCCOCCOC(=O)C(=C)C 
Monomer 2 with hydroxyl: CCC(=O)OCC(CC)(COC(=O)CC)COC(=O)CCOCC(C)(C)OCCOCCOCCOCCOCCOCCOCCOCCOCCOCCOCCOCCOCCOCCOCCOCCOC(=O)CCOC(=O)CCOC(=O)CCOC(=O)CCOC(=O)CCOC(=O)CCOC(=O)CCOC(=O)CCOC(=O)CCOC(=O)CCOC(=O)CCOC(=O)CCOC(=O)CCOCC(C)(C)OCCOCCOCCOCCOCCOCCOCC(C)(C)OCCOCCOCCOCCOCCOCCOCCOCCOCC(C)(C)OCCOCCOCCOCCOCCOCCOCCOCCOCCOCCOCCOCCOCCOCCOCCOCCOCCOCCOCCOCCOCCOCCOCC(C)",vinyl(C=C),hydroxyl(=O),1.0,50.0,20.0,"Generate a TSMP with Tg = 50Â°C and Er = 20 MPa, using functional groups vinyl(C=C) and hydroxyl(=O).",C=C(C)C(=O)OCCOCCOCCOCCOCCOCCOCCOCCOC(=O)C(=C)C,CCC(=O)OCC(CC)(COC(=O)CC)COC(=O)CCOCC(C)(C)OCCOCCOCCOCCOCCOCCOCCOCCOCCOCCOCCOCCOCCOCCOCCOCCOC(=O)CCOC(=O)CCOC(=O)CCOC(=O)CCOC(=O)CCOC(=O)CCOC(=O)CCOC(=O)CCOC(=O)CCOC(=O)CCOC(=O)CCOC(=O)CCOC(=O)CCOCC(C)(C)OCCOCCOCCOCCOCCOCCOCC(C)(C)OCCOCCOCCOCCOCCOCCOCCOCCOCC(C)(C)OCCOCCOCCOCCOCCOCCOCCOCCOCCOCCOCCOCCOCCOCCOCCOCCOCCOCCOCCOCCOCCOCCOCC(C),445.2933349609375,76.74060821533203,395.2933349609375,56.74060821533203
374,C=C(C)C(=O)OCCOC(=O)C(=C)C,CC(C)(cccc2CC2)c1ccc(Oc3ccc(C(C)(C)C)cc3)cc1,"Here's a valid monomer pair designed with the required functionalities:
Monomer 1 (C=C rich): C=C(C)C(=O)OCCOC(=O)C(=C)C
Monomer 2 (O-rich): CC(C)(cccc2CC2)c1ccc(Oc3ccc(C(C)(C)C)cc3)cc1",vinyl(C=C),hydroxyl(=O),1.0,50.0,20.0,"Generate a TSMP with Tg = 50Â°C and Er = 20 MPa, using functional groups vinyl(C=C) and hydroxyl(=O).",Not found,Not found,,,,
375,CC(C)(c2ccc(OCC1CO1)c2)c4ccc(OCC3CO3)c4,CC(C)(C)N,"This monomer pair includes vinyl and hydroxyl groups and was designed based on your specifications:
Monomer 1: CC(C)(c2ccc(OCC1CO1)c2)c4ccc(OCC3CO3)c4
Monomer 2: CC(C)(C)N",vinyl(C=C),hydroxyl(=O),1.0,50.0,20.0,"Generate a TSMP with Tg = 50Â°C and Er = 20 MPa, using functional groups vinyl(C=C) and hydroxyl(=O).",Not found,Not found,,,,
