SL,Monomer 1,Monomer 2,Output_text,Group1,Group2,Temperature,Tg,Er,Prompt,Fixed Monomer 1,Fixed Monomer 2
7,C=C(C)C(=O)OCCOCCOCCOCCOCCOCCOCCOCCOCCOCCOCCOCCOCCOCCOCCOCCOCCOCCOCCOC(=O)C(=C)C,C=C(CCS)OCCn1c(=O)n(CCOC(=O)CCS)c(=O)n(CCOC(=O)CCS)c1=O,"Here's a TSMP that includes the requested functional groups:
Monomer 1 (contains C=C): C=C(C)C(=O)OCCOCCOCCOCCOCCOCCOCCOCCOCCOCCOCCOCCOCCOCCOCCOCCOCCOCCOCCOC(=O)C(=C)C
Monomer 2 (contains CCS): C=C(CCS)OCCn1c(=O)n(CCOC(=O)CCS)c(=O)n(CCOC(=O)CCS)c1=O",vinyl(C=C),thiol(CCS),0.3,,,"Generate two monomers for a TSMP, ensuring one includes vinyl(C=C) in monomer1 and the other includes thiol(CCS) in monomer2.",C=C(C)C(=O)OCCOCCOCCOCCOCCOCCOCCOCCOCCOCCOCCOCCOCCOCCOCCOCCOCCOCCOCCOC(=O)C(=C)C,C=C(CCS)OCCn1c(=O)n(CCOC(=O)CCS)c(=O)n(CCOC(=O)CCS)c1=O
8,C=C(C)C(=O)OCCOCCOCCOCCOCCOCCOCCOCCOCCOCCOCCOCCOCCOCCOCCOCCOCCOCCOCCOC(=O)C(=C)C,C=C(CCS)OCCn1c(=O)n(CCOC(=O)CCS)c(=O)n(CCOC(=O)CCS)c1=O,"Here's a TSMP that includes the requested functional groups:
Monomer 1 (contains C=C): C=C(C)C(=O)OCCOCCOCCOCCOCCOCCOCCOCCOCCOCCOCCOCCOCCOCCOCCOCCOCCOCCOCCOC(=O)C(=C)C
Monomer 2 (contains CCS): C=C(CCS)OCCn1c(=O)n(CCOC(=O)CCS)c(=O)n(CCOC(=O)CCS)c1=O",vinyl(C=C),thiol(CCS),0.3,,,"Generate two monomers for a TSMP, ensuring one includes vinyl(C=C) in monomer1 and the other includes thiol(CCS) in monomer2.",C=C(C)C(=O)OCCOCCOCCOCCOCCOCCOCCOCCOCCOCCOCCOCCOCCOCCOCCOCCOCCOCCOCCOC(=O)C(=C)C,C=C(CCS)OCCn1c(=O)n(CCOC(=O)CCS)c(=O)n(CCOC(=O)CCS)c1=O
9, C=C(C)C(=O)OCCOCCOCCOCCOCCOCCOCCOCCOCCOCCOCCOCCOCCOCCOCCOCCOCCOCCOCCOC(=O)C(=C)C,C=C(CCS)OCCn1c(=O)n(CCOC(=O)CCS)c(=O)n(CCOC(=O)CCS)c1=O,"Here's a TSMP that includes the requested functional groups:
Monomer 1 (contains C=C): C=C(C)C(=O)OCCOCCOCCOCCOCCOCCOCCOCCOCCOCCOCCOCCOCCOCCOCCOCCOCCOCCOCCOC(=O)C(=C)C
Monomer 2 (contains CCS): C=C(CCS)OCCn1c(=O)n(CCOC(=O)CCS)c(=O)n(CCOC(=O)CCS)c1=O",vinyl(C=C),thiol(CCS),0.3,,,"Generate two monomers for a TSMP, ensuring one includes vinyl(C=C) in monomer1 and the other includes thiol(CCS) in monomer2.",C=C(C)C(=O)OCCOCCOCCOCCOCCOCCOCCOCCOCCOCCOCCOCCOCCOCCOCCOCCOCCOCCOCCOC(=O)C(=C)C,C=C(CCS)OCCn1c(=O)n(CCOC(=O)CCS)c(=O)n(CCOC(=O)CCS)c1=O
10,C=C(C)C(=O)OCCOCCOCCOCCOCCOCCOCCOCCOCCOCCOCCOCCOCCOCCOCCOCCOCCOCCOC(=O)C(=C)C,C=C(CCS)OCCn1c(=O)n(CCOC(=O)CCS)c(=O)n(CCOC(=O)CCS)c1=O,"Here's a TSMP that includes the requested functional groups:
Monomer 1 (contains C=C): C=C(C)C(=O)OCCOCCOCCOCCOCCOCCOCCOCCOCCOCCOCCOCCOCCOCCOCCOCCOCCOCCOC(=O)C(=C)C
Monomer 2 (contains CCS): C=C(CCS)OCCn1c(=O)n(CCOC(=O)CCS)c(=O)n(CCOC(=O)CCS)c1=O",vinyl(C=C),thiol(CCS),0.3,,,"Generate two monomers for a TSMP, ensuring one includes vinyl(C=C) in monomer1 and the other includes thiol(CCS) in monomer2.",C=C(C)C(=O)OCCOCCOCCOCCOCCOCCOCCOCCOCCOCCOCCOCCOCCOCCOCCOCCOCCOCCOC(=O)C(=C)C,C=C(CCS)OCCn1c(=O)n(CCOC(=O)CCS)c(=O)n(CCOC(=O)CCS)c1=O
13,C=C(C)C(=O)OCCOCCOCCOCCOCCOCCOCCOCCOCCOCCOCCOCCOCCOCCOCCOCCOCCOCCOC(=O)C(=C)C,C=C(C)C(=O)OCCOCCOCCOCCOCCOCCOCCOCCOCCOCCOCCOCCOCCOCCOCCOCCOCCOCCOCCOCCOC(=O)C(=C)C,"Here's a pair of monomers fulfilling the criteria of â‰¥2 instances of C=C in each monomer and having Tg â‰ˆ 94Â°C and Er â‰ˆ 33Mpa, perfect for TSMP design:
Monomer 1: C=C(C)C(=O)OCCOCCOCCOCCOCCOCCOCCOCCOCCOCCOCCOCCOCCOCCOCCOCCOCCOCCOC(=O)C(=C)C
Monomer 2: C=C(C)C(=O)OCCOCCOCCOCCOCCOCCOCCOCCOCCOCCOCCOCCOCCOCCOCCOCCOCCOCCOCCOCCOC(=O)C(=C)C",vinyl(C=C),vinyl(C=C),0.3,,,Design a thermoset shape memory polymer using monomers that include vinyl(C=C) in monomer1 and vinyl(C=C) in monomer2.,C=C(C)C(=O)OCCOCCOCCOCCOCCOCCOCCOCCOCCOCCOCCOCCOCCOCCOCCOCCOCCOCCOC(=O)C(=C)C,C=C(C)C(=O)OCCOCCOCCOCCOCCOCCOCCOCCOCCOCCOCCOCCOCCOCCOCCOCCOCCOCCOCCOCCOC(=O)C(=C)C
14,C=C(C)C(=O)OCCOCCOCCOCCOCCOCCOCCOCCOCCOCCOCCOCCOCCOCCOCCOCCOCCOC(=O)C(=C)C,C=C(C)C(=O)OCCOCCOCCOCCOCCOCCOCCOCCOCCOCCOCCOCCOCCOCCOCCOCCOCCOCCOCCOC(=O)C(=C)C,"Here's a pair of monomers fulfilling the criteria of â‰¥2 instances of C=C in each monomer and having Tg â‰ˆ 48Â°C and Er â‰ˆ 34Mpa requirements:
Monomer 1: C=C(C)C(=O)OCCOCCOCCOCCOCCOCCOCCOCCOCCOCCOCCOCCOCCOCCOCCOCCOCCOC(=O)C(=C)C
Monomer 2: C=C(C)C(=O)OCCOCCOCCOCCOCCOCCOCCOCCOCCOCCOCCOCCOCCOCCOCCOCCOCCOCCOCCOC(=O)C(=C)C",vinyl(C=C),vinyl(C=C),0.3,,,Design a thermoset shape memory polymer using monomers that include vinyl(C=C) in monomer1 and vinyl(C=C) in monomer2.,C=C(C)C(=O)OCCOCCOCCOCCOCCOCCOCCOCCOCCOCCOCCOCCOCCOCCOCCOCCOCCOC(=O)C(=C)C,C=C(C)C(=O)OCCOCCOCCOCCOCCOCCOCCOCCOCCOCCOCCOCCOCCOCCOCCOCCOCCOCCOCCOC(=O)C(=C)C
15,C=C(C)C(=O)OCCOCCOCCOCCOCCOCCOCCOCCOCCOCCOCCOCCOCCOCCOCCOCCOCCOCCOCCOC(=O)C(=C)C,C=C(C)C(=O)OCCOCCOCCOCCOCCOCCOCCOCCOCCOCCOCCOCCOCCOCCOCCOCCOCCOCCOCCOCCOC(=O)C(=C)C,"Here's a pair of monomers fulfilling the criteria of â‰¥2 instance(s) of C=C in each, and Tg = 90Â°C and Er = 33Mpa. One:
C=C(C)C(=O)OCCOCCOCCOCCOCCOCCOCCOCCOCCOCCOCCOCCOCCOCCOCCOCCOCCOCCOCCOC(=O)C(=C)C
C=C(C)C(=O)OCCOCCOCCOCCOCCOCCOCCOCCOCCOCCOCCOCCOCCOCCOCCOCCOCCOCCOCCOCCOC(=O)C(=C)C",vinyl(C=C),vinyl(C=C),0.3,,,Design a thermoset shape memory polymer using monomers that include vinyl(C=C) in monomer1 and vinyl(C=C) in monomer2.,C=C(C)C(=O)OCCOCCOCCOCCOCCOCCOCCOCCOCCOCCOCCOCCOCCOCCOCCOCCOCCOCCOCCOC(=O)C(=C)C,C=C(C)C(=O)OCCOCCOCCOCCOCCOCCOCCOCCOCCOCCOCCOCCOCCOCCOCCOCCOCCOCCOCCOCCOC(=O)C(=C)C
16,C=C(C)C(=O)OCCOCCOCCOCCOCCOCCOCCOCCOCCOCCOCCOCCOCCOCCOCCOCCOCCOCCOCCOCCOCCOC(=O)C(=C)C, C=C,"Here's a pair of monomers fulfilling the criteria of 2 instances each of C=C(C=O) and C=C, good for TSMP design:
Monomer 1: C=C(C)C(=O)OCCOCCOCCOCCOCCOCCOCCOCCOCCOCCOCCOCCOCCOCCOCCOCCOCCOCCOCCOCCOCCOC(=O)C(=C)C
Monomer 2: C=C",acrylate(C=C(C=O)),vinyl(C=C),0.3,,,"Generate two monomers for a TSMP, ensuring one includes acrylate(C=C(C=O)) in monomer1 and the other includes vinyl(C=C) in monomer2.",C=C(C)C(=O)OCCOCCOCCOCCOCCOCCOCCOCCOCCOCCOCCOCCOCCOCCOCCOCCOCCOCCOCCOCCOCCOC(=O)C(=C)C,C=C
20,C=C(C)C(=O)OCCOCCOCCOCCOCCOCCOCCOCCOCCOCCOCCOCCOCCOCCOCCOCCOCCOCCOCCOCCOC(=O)C(=C)C,C=C,"Here's a pair of monomers fulfilling the criteria of 2 instances each of C=C(C=O) and C=C, good for TSMP design:
Monomer 1: C=C(C)C(=O)OCCOCCOCCOCCOCCOCCOCCOCCOCCOCCOCCOCCOCCOCCOCCOCCOCCOCCOCCOCCOC(=O)C(=C)C
Monomer 2: C=C",acrylate(C=C(C=O)),vinyl(C=C),0.3,,,"Generate two monomers for a TSMP, ensuring one includes acrylate(C=C(C=O)) in monomer1 and the other includes vinyl(C=C) in monomer2.",C=C(C)C(=O)OCCOCCOCCOCCOCCOCCOCCOCCOCCOCCOCCOCCOCCOCCOCCOCCOCCOCCOCCOCCOC(=O)C(=C)C,C=C
22,C=C(C)C(=O)OCCOCCOCCOCCOCCOCCOCCOCCOCCOCCOCCOCCOCCOCCOCCOCCOCCOCCOC(=O)C(=C)C,C=C(C)C(=O)OCCOCCOCCOC(=O)C(=C)C,"Here's a TSMP that includes the requested functional groups:
Monomer 1 (contains C=C): C=C(C)C(=O)OCCOCCOCCOCCOCCOCCOCCOCCOCCOCCOCCOCCOCCOCCOCCOCCOCCOCCOC(=O)C(=C)C
Monomer 2 (contains C=COCC=CO): C=C(C)C(=O)OCCOCCOCCOC(=O)C(=C)C",vinyl(C=C),hydroxyl(=O),0.3,,,"Generate two monomers for a TSMP, ensuring one includes vinyl(C=C) in monomer1 and the other includes hydroxyl(=O) in monomer2.",C=C(C)C(=O)OCCOCCOCCOCCOCCOCCOCCOCCOCCOCCOCCOCCOCCOCCOCCOCCOCCOCCOC(=O)C(=C)C,C=C(C)C(=O)OCCOCCOCCOC(=O)C(=C)C
24,C=C(C)C(=O)OCCOCCOCCOCCOCCOCCOCCOCCOCCOCCOCCOCCOCCOCCOCCOCCOCCOCCOCCOC(=O)C(=C)C,C=C(C)C(=O)OCCOCCOCCOCCOCCOCCOCCOCCOCCOCCOCCOCCOCCOCCOCCOCCOCCOCCOCCOCCOC(=O)C(=C)C,"Here's a pair of monomers fulfilling the criteria of 2 instances each of C=C and =O groups, good crosslinking potential, and appropriate molecular weights:
Monomer 1: C=C(C)C(=O)OCCOCCOCCOCCOCCOCCOCCOCCOCCOCCOCCOCCOCCOCCOCCOCCOCCOCCOCCOC(=O)C(=C)C
Monomer 2: C=C(C)C(=O)OCCOCCOCCOCCOCCOCCOCCOCCOCCOCCOCCOCCOCCOCCOCCOCCOCCOCCOCCOCCOC(=O)C(=C)C",vinyl(C=C),hydroxyl(=O),0.3,,,"Generate two monomers for a TSMP, ensuring one includes vinyl(C=C) in monomer1 and the other includes hydroxyl(=O) in monomer2.",C=C(C)C(=O)OCCOCCOCCOCCOCCOCCOCCOCCOCCOCCOCCOCCOCCOCCOCCOCCOCCOCCOCCOC(=O)C(=C)C,C=C(C)C(=O)OCCOCCOCCOCCOCCOCCOCCOCCOCCOCCOCCOCCOCCOCCOCCOCCOCCOCCOCCOCCOC(=O)C(=C)C
25,C=C(C)C(=O)OCCOCCOCCOCCOCCOCCOCCOCCOCCOCCOCCOCCOCCOCCOCCOCCOCCOCCOCCOCCOC(=O)C(=C)C,C=C(C)C(=O)OCCOCCOCCOCCOCCOCCOCCOCCOCCOCCOCCOCCOCCOCCOCCOCCOCCOCCOCCOCCOC(=O)C(=C)C,"Here's a TSMP that includes the requested functional groups:
Monomer 1: C=C(C)C(=O)OCCOCCOCCOCCOCCOCCOCCOCCOCCOCCOCCOCCOCCOCCOCCOCCOCCOCCOCCOCCOC(=O)C(=C)C
Monomer 2: C=C(C)C(=O)OCCOCCOCCOCCOCCOCCOCCOCCOCCOCCOCCOCCOCCOCCOCCOCCOCCOCCOCCOCCOC(=O)C(=C)C",vinyl(C=C),hydroxyl(=O),0.3,,,"Generate two monomers for a TSMP, ensuring one includes vinyl(C=C) in monomer1 and the other includes hydroxyl(=O) in monomer2.",C=C(C)C(=O)OCCOCCOCCOCCOCCOCCOCCOCCOCCOCCOCCOCCOCCOCCOCCOCCOCCOCCOCCOCCOC(=O)C(=C)C,C=C(C)C(=O)OCCOCCOCCOCCOCCOCCOCCOCCOCCOCCOCCOCCOCCOCCOCCOCCOCCOCCOCCOCCOC(=O)C(=C)C
35,C=C(C)C(=O)OCCOCCOCCOCCOCCOCCOCCOCCOCCOCCOCCOCCOCCOCCOCCOCCOCCOCCOCCOC(=O)C(=C)C,C=C(CCS)OCCn1c(=O)n(CCOC(=O)CCS)c(=O)n(CCOC(=O)CCS)c1=O,"Here's a TSMP that includes the requested functional groups:
Monomer 1 (contains C=C): C=C(C)C(=O)OCCOCCOCCOCCOCCOCCOCCOCCOCCOCCOCCOCCOCCOCCOCCOCCOCCOCCOCCOC(=O)C(=C)C
Monomer 2 (contains CCS): C=C(CCS)OCCn1c(=O)n(CCOC(=O)CCS)c(=O)n(CCOC(=O)CCS)c1=O",vinyl(C=C),thiol(CCS),0.5,,,Suggest a TSMP system with one monomer having vinyl(C=C) in monomer1 and the other featuring thiol(CCS) in monomer2.,C=C(C)C(=O)OCCOCCOCCOCCOCCOCCOCCOCCOCCOCCOCCOCCOCCOCCOCCOCCOCCOCCOCCOC(=O)C(=C)C,C=C(CCS)OCCn1c(=O)n(CCOC(=O)CCS)c(=O)n(CCOC(=O)CCS)c1=O
37,C=CCc4ccc(OCC1CO1)c(c2cc(CC=C)ccc2OCC3CO3)c4,C=C(C)C(=O)OCCOCCOCCOCCOCCOCCOCCOCCOCCOCCOCCOCCOCCOCCOCCOCCOCCOCCOCCOCCOCCOCCOCCOCCOCCOCCOCCOCCOCCOCCOCCOC(=O)C(=C)C,"Here's a TSMP that includes the requested functional groups:
Monomer 1 (contains C=C): C=CCc4ccc(OCC1CO1)c(c2cc(CC=C)ccc2OCC3CO3)c4
Monomer 2 (contains C=C): C=C(C)C(=O)OCCOCCOCCOCCOCCOCCOCCOCCOCCOCCOCCOCCOCCOCCOCCOCCOCCOCCOCCOCCOCCOCCOCCOCCOCCOCCOCCOCCOCCOCCOCCOC(=O)C(=C)C",vinyl(C=C),vinyl(C=C),0.5,,,Design a thermoset shape memory polymer using monomers that include vinyl(C=C) in monomer1 and vinyl(C=C) in monomer2.,C=CCc4ccc(OCC1CO1)c(c2cc(CC=C)ccc2OCC3CO3)c4,C=C(C)C(=O)OCCOCCOCCOCCOCCOCCOCCOCCOCCOCCOCCOCCOCCOCCOCCOCCOCCOCCOCCOCCOCCOCCOCCOCCOCCOCCOCCOCCOCCOCCOCCOC(=O)C(=C)C
38,C=C(C)C(=O)OCCOCCOCCOCCOCCOCCOCCOCCOCCOC(=O)C(=C)C,C=C(C)C(=O)OCCOCCOCCOCCOCCOCCOCCOCCOCCOCCOCCOCCOCCOCCOCCOCCOCCOCCOC(=O)C(=C)C,"Here's a pair of monomers fulfilling the criteria of â‰¥2 instances of C=C in each monomer and having Tg â‰ˆ 55Â°C and Er â‰ˆ 44Mpa, perfect for TSMP design:
Monomer 1: C=C(C)C(=O)OCCOCCOCCOCCOCCOCCOCCOCCOCCOC(=O)C(=C)C
Monomer 2: C=C(C)C(=O)OCCOCCOCCOCCOCCOCCOCCOCCOCCOCCOCCOCCOCCOCCOCCOCCOCCOCCOC(=O)C(=C)C",vinyl(C=C),vinyl(C=C),0.5,,,Design a thermoset shape memory polymer using monomers that include vinyl(C=C) in monomer1 and vinyl(C=C) in monomer2.,C=C(C)C(=O)OCCOCCOCCOCCOCCOCCOCCOCCOCCOC(=O)C(=C)C,C=C(C)C(=O)OCCOCCOCCOCCOCCOCCOCCOCCOCCOCCOCCOCCOCCOCCOCCOCCOCCOCCOC(=O)C(=C)C
39,C=C(C)C(=O)OCCOCCOCCOCCOCCOCCOCCOCCOCCOCCOCCOCCOCCOCCOCCOCCOCCOCCOCCOC(=O)C(=C)C,C=Cc1cccc(C=C)c1,"Here's a pair of monomers containing C=C groups that are ideal for TSMP design:
Monomer 1: C=C(C)C(=O)OCCOCCOCCOCCOCCOCCOCCOCCOCCOCCOCCOCCOCCOCCOCCOCCOCCOCCOCCOC(=O)C(=C)C
Monomer 2: C=Cc1cccc(C=C)c1",vinyl(C=C),vinyl(C=C),0.5,,,Design a thermoset shape memory polymer using monomers that include vinyl(C=C) in monomer1 and vinyl(C=C) in monomer2.,C=C(C)C(=O)OCCOCCOCCOCCOCCOCCOCCOCCOCCOCCOCCOCCOCCOCCOCCOCCOCCOCCOCCOC(=O)C(=C)C,C=Cc1cccc(C=C)c1
40,C=C(C)C(=O)OCCOCCOCCOCCOCCOCCOCCOCCOCCOCCOCCOCCOCCOCCOCCOCCOCCOCCOCCOCCOCCOC(=O)C(=C)C,C=CCOCC(CO)(COCC=C)COCC=C,"Here's a TSMP that includes the requested functional groups:
Monomer 1 (contains C=C): C=C(C)C(=O)OCCOCCOCCOCCOCCOCCOCCOCCOCCOCCOCCOCCOCCOCCOCCOCCOCCOCCOCCOCCOCCOC(=O)C(=C)C
Monomer 2 (contains C=C): C=CCOCC(CO)(COCC=C)COCC=C",vinyl(C=C),vinyl(C=C),0.5,,,Design a thermoset shape memory polymer using monomers that include vinyl(C=C) in monomer1 and vinyl(C=C) in monomer2.,C=C(C)C(=O)OCCOCCOCCOCCOCCOCCOCCOCCOCCOCCOCCOCCOCCOCCOCCOCCOCCOCCOCCOCCOCCOC(=O)C(=C)C,C=CCOCC(CO)(COCC=C)COCC=C
41,C=C(C)C(=O)OCCOCCOCCOCCOCCOCCOCCOCCOCCOCCOCCOCCOCCOCCOCCOCCOCCOCCOCCOCCOC(=O)C(=C)C,C=C,"Here's a pair of monomers fulfilling the criteria of 2 instances each of C=C(C=O) and C=C, good for TSMP design:
Monomer 1: C=C(C)C(=O)OCCOCCOCCOCCOCCOCCOCCOCCOCCOCCOCCOCCOCCOCCOCCOCCOCCOCCOCCOCCOC(=O)C(=C)C
Monomer 2: C=C",acrylate(C=C(C=O)),vinyl(C=C),0.5,,,Design a thermoset shape memory polymer using monomers that include acrylate(C=C(C=O)) in monomer1 and vinyl(C=C) in monomer2.,C=C(C)C(=O)OCCOCCOCCOCCOCCOCCOCCOCCOCCOCCOCCOCCOCCOCCOCCOCCOCCOCCOCCOCCOC(=O)C(=C)C,C=C
42,C=C(C)C(=O)OCCOCCOCCOCCOCCOCCOCCOCCOCCOCCOCCOCCOCCOCCOCCOCCOCCOCCOCCOC(=O)C(=C)C,C=Cc1cccc(C=C)c1,"Here's a TSMP that includes the requested functional groups:
Monomer 1 (contains C=C(C=O)): C=C(C)C(=O)OCCOCCOCCOCCOCCOCCOCCOCCOCCOCCOCCOCCOCCOCCOCCOCCOCCOCCOCCOC(=O)C(=C)C
Monomer 2 (contains C=C): C=Cc1cccc(C=C)c1",acrylate(C=C(C=O)),vinyl(C=C),0.5,,,Design a thermoset shape memory polymer using monomers that include acrylate(C=C(C=O)) in monomer1 and vinyl(C=C) in monomer2.,C=C(C)C(=O)OCCOCCOCCOCCOCCOCCOCCOCCOCCOCCOCCOCCOCCOCCOCCOCCOCCOCCOCCOC(=O)C(=C)C,C=Cc1cccc(C=C)c1
43,C=C(C)C(=O)OCCOCCOCCOCCOCCOCCOCCOCCOCCOCCOCCOCCOCCOCCOCCOCCOCCOCCOCCOC(=O)C(=C)C,C=C,"Here's a pair of monomers fulfilling the criteria of 2 instances each of C=C(C=O) and C=C, good for TSMP design:
Monomer 1: C=C(C)C(=O)OCCOCCOCCOCCOCCOCCOCCOCCOCCOCCOCCOCCOCCOCCOCCOCCOCCOCCOCCOC(=O)C(=C)C
Monomer 2: C=C",acrylate(C=C(C=O)),vinyl(C=C),0.5,,,Design a thermoset shape memory polymer using monomers that include acrylate(C=C(C=O)) in monomer1 and vinyl(C=C) in monomer2.,C=C(C)C(=O)OCCOCCOCCOCCOCCOCCOCCOCCOCCOCCOCCOCCOCCOCCOCCOCCOCCOCCOCCOC(=O)C(=C)C,C=C
44,C=C(C)C(=O)OCCOCCOCCOCCOCCOCCOCCOCCOCCOCCOCCOCCOCCOCCOCCOCCOCCOCCOC(=O)C(=C)C,C=C,"Here's a pair of monomers fulfilling the criteria of 2 instances each of C=C(C=O) and C=C, good for TSMP design:
Monomer 1: C=C(C)C(=O)OCCOCCOCCOCCOCCOCCOCCOCCOCCOCCOCCOCCOCCOCCOCCOCCOCCOCCOC(=O)C(=C)C
Monomer 2: C=C",acrylate(C=C(C=O)),vinyl(C=C),0.5,,,Design a thermoset shape memory polymer using monomers that include acrylate(C=C(C=O)) in monomer1 and vinyl(C=C) in monomer2.,C=C(C)C(=O)OCCOCCOCCOCCOCCOCCOCCOCCOCCOCCOCCOCCOCCOCCOCCOCCOCCOCCOC(=O)C(=C)C,C=C
45, C=C(C)C(=O)OCCOCCOCCOCCOCCOCCOCCOCCOCCOCCOCCOCCOCCOCCOCCOCCOCCOCCOCCOCCOC(=O)C(=C)C,C=C,"Here's a pair of monomers fulfilling the criteria of 2 instances each of C=C(C=O) and C=C, good for TSMP design:
Monomer 1: C=C(C)C(=O)OCCOCCOCCOCCOCCOCCOCCOCCOCCOCCOCCOCCOCCOCCOCCOCCOCCOCCOCCOCCOC(=O)C(=C)C
Monomer 2: C=C",acrylate(C=C(C=O)),vinyl(C=C),0.5,,,Design a thermoset shape memory polymer using monomers that include acrylate(C=C(C=O)) in monomer1 and vinyl(C=C) in monomer2.,C=C(C)C(=O)OCCOCCOCCOCCOCCOCCOCCOCCOCCOCCOCCOCCOCCOCCOCCOCCOCCOCCOCCOCCOC(=O)C(=C)C,C=C
46,C=C(C)C(=O)OCCOCCOCCOCCOCCOCCOCCOCCOCCOCCOCCOCCOCCOCCOCCOCCOCCOCCOCCOCCOCCOC(=O)C(=C)C,C=C(C)C(=O)OCCOCCOCCOC(=O)C(=C)C,"Here's a TSMP that includes the requested functional groups:
Monomer 1 (contains C=C): C=C(C)C(=O)OCCOCCOCCOCCOCCOCCOCCOCCOCCOCCOCCOCCOCCOCCOCCOCCOCCOCCOCCOCCOCCOC(=O)C(=C)C
Monomer 2 (contains C=COCC=CO): C=C(C)C(=O)OCCOCCOCCOC(=O)C(=C)C",vinyl(C=C),hydroxyl(=O),0.5,,,Design a thermoset shape memory polymer using monomers that include vinyl(C=C) in monomer1 and hydroxyl(=O) in monomer2.,C=C(C)C(=O)OCCOCCOCCOCCOCCOCCOCCOCCOCCOCCOCCOCCOCCOCCOCCOCCOCCOCCOCCOCCOCCOC(=O)C(=C)C,C=C(C)C(=O)OCCOCCOCCOC(=O)C(=C)C
47,C=C(C)C(=O)OCCOCCOCCOCCOCCOCCOCCOCCOCCOCCOCCOCCOCCOCCOCCOCCOCCOCCOCCOCCOCCOCCOCCOC(=O)C(=C)C,C=C(C)C(=O)OCCOCCOCCOC(=O)C(=C)C,"Here's a TSMP that includes the requested functional groups:
Monomer 1 (contains C=C): C=C(C)C(=O)OCCOCCOCCOCCOCCOCCOCCOCCOCCOCCOCCOCCOCCOCCOCCOCCOCCOCCOCCOCCOCCOCCOCCOC(=O)C(=C)C
Monomer 2 (contains C=COCC=CO): C=C(C)C(=O)OCCOCCOCCOC(=O)C(=C)C",vinyl(C=C),hydroxyl(=O),0.5,,,Design a thermoset shape memory polymer using monomers that include vinyl(C=C) in monomer1 and hydroxyl(=O) in monomer2.,C=C(C)C(=O)OCCOCCOCCOCCOCCOCCOCCOCCOCCOCCOCCOCCOCCOCCOCCOCCOCCOCCOCCOCCOCCOCCOCCOC(=O)C(=C)C,C=C(C)C(=O)OCCOCCOCCOC(=O)C(=C)C
48,C=C(C)C(=O)OCCOCCOCCOCCOCCOCCOCCOCCOCCOCCOCCOCCOCCOCCOCCOCCOCCOCCOCCOC(=O)C(=C)C,O=c1ccc(=O)n1c4ccc(Cc3ccc(n2c(=O)ccc2=O)cc3)cc4,"Here's a TSMP that includes the requested functional groups:
Monomer 1 (contains C=C): C=C(C)C(=O)OCCOCCOCCOCCOCCOCCOCCOCCOCCOCCOCCOCCOCCOCCOCCOCCOCCOCCOCCOC(=O)C(=C)C
Monomer 2 (contains C=COCC=CO): O=c1ccc(=O)n1c4ccc(Cc3ccc(n2c(=O)ccc2=O)cc3)cc4",vinyl(C=C),hydroxyl(=O),0.5,,,Design a thermoset shape memory polymer using monomers that include vinyl(C=C) in monomer1 and hydroxyl(=O) in monomer2.,C=C(C)C(=O)OCCOCCOCCOCCOCCOCCOCCOCCOCCOCCOCCOCCOCCOCCOCCOCCOCCOCCOCCOC(=O)C(=C)C,O=c1ccc(=O)n1c4ccc(Cc3ccc(n2c(=O)ccc2=O)cc3)cc4
50,C=C(C)C(=O)OCCOCCOCCOCCOCCOCCOCCOCCOCCOCCOCCOCCOCCOCCOCCOCCOCCOCCOCCOCCOCCOC(=O)C(=C)C,C=C(C)C(=O)OCCOCCOCCOCCOCCOCCOCCOCCOCCOCCOCCOCCOCCOCCOCCOCCOCCOCCOCCOCCOCCOCCOCCOCCOCCOCCOCCOCCOCCOCCOC(=O)C(=C)C,"Here's a TSMP that includes the requested functional groups:
Monomer 1 (contains C=C): C=C(C)C(=O)OCCOCCOCCOCCOCCOCCOCCOCCOCCOCCOCCOCCOCCOCCOCCOCCOCCOCCOCCOCCOCCOC(=O)C(=C)C
Monomer 2 (contains C=C(O)OCC(COC(=O)C=C)COC(=O)C=C): C=C(C)C(=O)OCCOCCOCCOCCOCCOCCOCCOCCOCCOCCOCCOCCOCCOCCOCCOCCOCCOCCOCCOCCOCCOCCOCCOCCOCCOCCOCCOCCOCCOCCOC(=O)C(=C)C",vinyl(C=C),hydroxyl(=O),0.5,,,Design a thermoset shape memory polymer using monomers that include vinyl(C=C) in monomer1 and hydroxyl(=O) in monomer2.,C=C(C)C(=O)OCCOCCOCCOCCOCCOCCOCCOCCOCCOCCOCCOCCOCCOCCOCCOCCOCCOCCOCCOCCOCCOC(=O)C(=C)C,C=C(C)C(=O)OCCOCCOCCOCCOCCOCCOCCOCCOCCOCCOCCOCCOCCOCCOCCOCCOCCOCCOCCOCCOCCOCCOCCOCCOCCOCCOCCOCCOCCOCCOC(=O)C(=C)C
58,C=C(C)C(=O)OCCOCCOCCOCCOCCOCCOCCOCCOCCOCCOCCOCCOCCOCCOCCOCCOCCOCCOC(=O)C(=C)C,C=C(CCS)OCCn1c(=O)n(CCOC(=O)CCS)c(=O)n(CCOC(=O)CCS)c1=O,"Here's a TSMP that includes the requested functional groups:
Monomer 1 (contains C=C): C=C(C)C(=O)OCCOCCOCCOCCOCCOCCOCCOCCOCCOCCOCCOCCOCCOCCOCCOCCOCCOCCOC(=O)C(=C)C
Monomer 2 (contains CCS): C=C(CCS)OCCn1c(=O)n(CCOC(=O)CCS)c(=O)n(CCOC(=O)CCS)c1=O",vinyl(C=C),thiol(CCS),0.7,,,Design a thermoset shape memory polymer using monomers that include vinyl(C=C) in monomer1 and thiol(CCS) in monomer2.,C=C(C)C(=O)OCCOCCOCCOCCOCCOCCOCCOCCOCCOCCOCCOCCOCCOCCOCCOCCOCCOCCOC(=O)C(=C)C,C=C(CCS)OCCn1c(=O)n(CCOC(=O)CCS)c(=O)n(CCOC(=O)CCS)c1=O
62,C=CC(=O)OCCn1c(=O)n(CCOC(=O)C=C)c(=O)n(CCOC(=O)C=C)c1=O,C=C(C)C(=O)OCCOCCOCCOCCOCCOCCOCCOCCOCCOCCOCCOCCOCCOCCOCCOCCOCCOCCOC(=O)C(=C)C,"Here's a pair of monomers containing C=C and C=C groups, ideal for TSMP design:
Monomer 1: C=CC(=O)OCCn1c(=O)n(CCOC(=O)C=C)c(=O)n(CCOC(=O)C=C)c1=O
Monomer 2: C=C(C)C(=O)OCCOCCOCCOCCOCCOCCOCCOCCOCCOCCOCCOCCOCCOCCOCCOCCOCCOCCOC(=O)C(=C)C",vinyl(C=C),vinyl(C=C),0.7,,,"Generate two monomers for a TSMP, ensuring one includes vinyl(C=C) in monomer1 and the other includes vinyl(C=C) in monomer2.",C=CC(=O)OCCn1c(=O)n(CCOC(=O)C=C)c(=O)n(CCOC(=O)C=C)c1=O,C=C(C)C(=O)OCCOCCOCCOCCOCCOCCOCCOCCOCCOCCOCCOCCOCCOCCOCCOCCOCCOCCOC(=O)C(=C)C
65,C=CCOCC(CO)(COCC=C)COCC=C,C=CCc1ccccc1OCC(O)COC(=O)Cc3ccc(C(=O)OCC(O)COc2ccccc2CC=C)cc3,"Here's a TSMP that includes the requested functional groups:
Monomer 1 (contains C=C): C=CCOCC(CO)(COCC=C)COCC=C
Monomer 2 (contains C=C): C=CCc1ccccc1OCC(O)COC(=O)Cc3ccc(C(=O)OCC(O)COc2ccccc2CC=C)cc3",vinyl(C=C),vinyl(C=C),0.7,,,"Generate two monomers for a TSMP, ensuring one includes vinyl(C=C) in monomer1 and the other includes vinyl(C=C) in monomer2.",C=CCOCC(CO)(COCC=C)COCC=C,C=CCc1ccccc1OCC(O)COC(=O)Cc3ccc(C(=O)OCC(O)COc2ccccc2CC=C)cc3
66,C=C(C)C(=O)OCCOCCOCCOCCOCCOCCOCCOCCOCCOC(=O)C(=C)C,C=C,"Here's a pair of monomers fulfilling the criteria of 2 instances each of C=C(C=O) and C=C, good for TSMP design:
Monomer 1: C=C(C)C(=O)OCCOCCOCCOCCOCCOCCOCCOCCOCCOC(=O)C(=C)C
Monomer 2: C=C",acrylate(C=C(C=O)),vinyl(C=C),0.7,,,"Generate two monomers for a TSMP, ensuring one includes acrylate(C=C(C=O)) in monomer1 and the other includes vinyl(C=C) in monomer2.",C=C(C)C(=O)OCCOCCOCCOCCOCCOCCOCCOCCOCCOC(=O)C(=C)C,C=C
67,C=C(C)C(=O)OCCOCCOCCOCCOCCOCCOCCOCCOCCOCCOCCOCCOCCOCCOCCOCCOCCOCCOC(=O)C(=C)C,C=C,"Here's a pair of monomers fulfilling the criteria of 2 instances each of C=C(C=O) and C=C, good for TSMP design:
Monomer 1: C=C(C)C(=O)OCCOCCOCCOCCOCCOCCOCCOCCOCCOCCOCCOCCOCCOCCOCCOCCOCCOCCOC(=O)C(=C)C
Monomer 2: C=C",acrylate(C=C(C=O)),vinyl(C=C),0.7,,,"Generate two monomers for a TSMP, ensuring one includes acrylate(C=C(C=O)) in monomer1 and the other includes vinyl(C=C) in monomer2.",C=C(C)C(=O)OCCOCCOCCOCCOCCOCCOCCOCCOCCOCCOCCOCCOCCOCCOCCOCCOCCOCCOC(=O)C(=C)C,C=C
68, C=C(C)C(=O)OCCOCCOCCOCCOCCOCCOCCOCCOCCOC(=O)C(=C)C,C=CCc1ccccc1OCC(O)COC(=O)Cc3ccc(C(=O)OCC(O)COc2ccccc2CC=C)cc3,"Here's a pair of monomers fulfilling the criteria of 2 instances each of C=C(C=O) and C=C, good for TSMP design:
Monomer 1: C=C(C)C(=O)OCCOCCOCCOCCOCCOCCOCCOCCOCCOC(=O)C(=C)C
Monomer 2: C=CCc1ccccc1OCC(O)COC(=O)Cc3ccc(C(=O)OCC(O)COc2ccccc2CC=C)cc3",acrylate(C=C(C=O)),vinyl(C=C),0.7,,,"Generate two monomers for a TSMP, ensuring one includes acrylate(C=C(C=O)) in monomer1 and the other includes vinyl(C=C) in monomer2.",C=C(C)C(=O)OCCOCCOCCOCCOCCOCCOCCOCCOCCOC(=O)C(=C)C,C=CCc1ccccc1OCC(O)COC(=O)Cc3ccc(C(=O)OCC(O)COc2ccccc2CC=C)cc3
70,C=C(C)C(=O)OCCOCCOCCOCCOCCOCCOCCOCCOCCOCCOCCOCCOCCOCCOCCOCCOCCOCCOC(=O)C(=C)C,C=CCc1ccccc1OCC(O)COC(=O)Cc3ccc(C(=O)OCC(O)COc2ccccc2CC=C)cc3,"Here's a pair of monomers fulfilling the criteria of 2 instances each of C=C(C=O) and C=C, good for TSMP design:
Monomer 1: C=C(C)C(=O)OCCOCCOCCOCCOCCOCCOCCOCCOCCOCCOCCOCCOCCOCCOCCOCCOCCOCCOC(=O)C(=C)C
Monomer 2: C=CCc1ccccc1OCC(O)COC(=O)Cc3ccc(C(=O)OCC(O)COc2ccccc2CC=C)cc3",acrylate(C=C(C=O)),vinyl(C=C),0.7,,,"Generate two monomers for a TSMP, ensuring one includes acrylate(C=C(C=O)) in monomer1 and the other includes vinyl(C=C) in monomer2.",C=C(C)C(=O)OCCOCCOCCOCCOCCOCCOCCOCCOCCOCCOCCOCCOCCOCCOCCOCCOCCOCCOC(=O)C(=C)C,C=CCc1ccccc1OCC(O)COC(=O)Cc3ccc(C(=O)OCC(O)COc2ccccc2CC=C)cc3
73,C=C(C)C(=O)OCCOCCOCCOCCOCCOCCOCCOCCOCCOCCOCCOCCOCCOCCOCCOCCOCCOCCOCCOC(=O)C(=C)C,C=C(C)C(=O)OCCOCCOCCOCCOCCOCCOCCOCCOCCOCCOCCOCCOCCOCCOCCOCCOCCOCCOCCOCCOCCOCCOC(=O)C(=C)C,"Here's a TSMP that includes the requested functional groups:
Monomer 1 (contains C=C): C=C(C)C(=O)OCCOCCOCCOCCOCCOCCOCCOCCOCCOCCOCCOCCOCCOCCOCCOCCOCCOCCOCCOC(=O)C(=C)C
Monomer 2 (contains C=COCC=CO): C=C(C)C(=O)OCCOCCOCCOCCOCCOCCOCCOCCOCCOCCOCCOCCOCCOCCOCCOCCOCCOCCOCCOCCOCCOCCOC(=O)C(=C)C",vinyl(C=C),hydroxyl(=O),0.7,,,Suggest a TSMP system with one monomer having vinyl(C=C) in monomer1 and the other featuring hydroxyl(=O) in monomer2.,C=C(C)C(=O)OCCOCCOCCOCCOCCOCCOCCOCCOCCOCCOCCOCCOCCOCCOCCOCCOCCOCCOCCOC(=O)C(=C)C,C=C(C)C(=O)OCCOCCOCCOCCOCCOCCOCCOCCOCCOCCOCCOCCOCCOCCOCCOCCOCCOCCOCCOCCOCCOCCOC(=O)C(=C)C
84,c1ccc3c(c1)c2ccccc2C3(c5ccc(OCCOCC4CO4)cc5)c7ccc(OCCOCC6CO6)cc7,C=CCc1ccccc1OCC(O)COC(=O)Cc3ccc(C(=O)OCC(O)COc2ccccc2CC=C)cc3,"This monomer pair includes more than two instances of each group as requested:
Monomer 1 (CCS): c1ccc3c(c1)c2ccccc2C3(c5ccc(OCCOCC4CO4)cc5)c7ccc(OCCOCC6CO6)cc7
Monomer 2 (C=C): C=CCc1ccccc1OCC(O)COC(=O)Cc3ccc(C(=O)OCC(O)COc2ccccc2CC=C)cc3",vinyl(C=C),thiol(CCS),0.9,,,Design a thermoset shape memory polymer using monomers that include vinyl(C=C) in monomer1 and thiol(CCS) in monomer2.,c1ccc3c(c1)c2ccccc2C3(c5ccc(OCCOCC4CO4)cc5)c7ccc(OCCOCC6CO6)cc7,C=CCc1ccccc1OCC(O)COC(=O)Cc3ccc(C(=O)OCC(O)COc2ccccc2CC=C)cc3
87,C=CCc4ccc(OCC1CO1)c(c2cc(CC=C)ccc2OCC3CO3)c4,C=CCn1c(=O)n(CC=C)c(=O)n(CC=C)c1=O,"Here's a pair of monomers containing C=C and C=C groups, ideal for TSMP design:
Monomer 1: C=CCc4ccc(OCC1CO1)c(c2cc(CC=C)ccc2OCC3CO3)c4
Monomer 2: C=CCn1c(=O)n(CC=C)c(=O)n(CC=C)c1=O",vinyl(C=C),vinyl(C=C),0.9,,,"Generate two monomers for a TSMP, ensuring one includes vinyl(C=C) in monomer1 and the other includes vinyl(C=C) in monomer2.",C=CCc4ccc(OCC1CO1)c(c2cc(CC=C)ccc2OCC3CO3)c4,C=CCn1c(=O)n(CC=C)c(=O)n(CC=C)c1=O
88,C=C(C)C(=O)OCCOCCOCCOCCOCCOCCOCCOCCOCCOCCOCCOCCOCCOCCOCCOCCOCCOCCOCCOC(=O)C(=C)C,C=Cc1cccc(C=C)c1,"Here's a TSMP that includes the requested functional groups:
Monomer 1 (contains C=C): C=C(C)C(=O)OCCOCCOCCOCCOCCOCCOCCOCCOCCOCCOCCOCCOCCOCCOCCOCCOCCOCCOCCOC(=O)C(=C)C
Monomer 2 (contains C=C): C=Cc1cccc(C=C)c1",vinyl(C=C),vinyl(C=C),0.9,,,"Generate two monomers for a TSMP, ensuring one includes vinyl(C=C) in monomer1 and the other includes vinyl(C=C) in monomer2.",C=C(C)C(=O)OCCOCCOCCOCCOCCOCCOCCOCCOCCOCCOCCOCCOCCOCCOCCOCCOCCOCCOCCOC(=O)C(=C)C,C=Cc1cccc(C=C)c1
90,C=CCc4ccc(OCC1CO1)c(c2cc(CC=C)ccc2OCC3CO3)c4,C=CCc1cccc(C=C)c1,"Here's a TSMP that includes the requested functional groups:
Monomer 1 (contains C=C): C=CCc4ccc(OCC1CO1)c(c2cc(CC=C)ccc2OCC3CO3)c4
Monomer 2 (contains C=C): C=CCc1cccc(C=C)c1",vinyl(C=C),vinyl(C=C),0.9,,,"Generate two monomers for a TSMP, ensuring one includes vinyl(C=C) in monomer1 and the other includes vinyl(C=C) in monomer2.",C=CCc4ccc(OCC1CO1)c(c2cc(CC=C)ccc2OCC3CO3)c4,C=CCc1cccc(C=C)c1
91,C=CCc1ccccc1OCC(O)COC(=O)Cc3ccc(C(=O)OCC(O)COc2ccccc2CC=C)cc3,C=C(C)C(=O)OCCOCCOCCOCCOCCOCCOCCOCCOCCOCCOCCOCCOCCOCCOCCOCCOCCOCCOCCOC(=O)C(=C)C,"This monomer pair includes more than two instances of each group as requested:
Monomer 1 (C=C(C=O)): C=CCc1ccccc1OCC(O)COC(=O)Cc3ccc(C(=O)OCC(O)COc2ccccc2CC=C)cc3
Monomer 2 (C=C): C=C(C)C(=O)OCCOCCOCCOCCOCCOCCOCCOCCOCCOCCOCCOCCOCCOCCOCCOCCOCCOCCOCCOC(=O)C(=C)C",acrylate(C=C(C=O)),vinyl(C=C),0.9,,,"Generate two monomers for a TSMP, ensuring one includes acrylate(C=C(C=O)) in monomer1 and the other includes vinyl(C=C) in monomer2.",C=CCc1ccccc1OCC(O)COC(=O)Cc3ccc(C(=O)OCC(O)COc2ccccc2CC=C)cc3,C=C(C)C(=O)OCCOCCOCCOCCOCCOCCOCCOCCOCCOCCOCCOCCOCCOCCOCCOCCOCCOCCOCCOC(=O)C(=C)C
92,C=C(C)C(=O)OCCOCCOCCOCCOCCOCCOCCOCCOCCOC(=O)C(=C)C,C=CCc1ccccc1OCC(O)COC(=O)Cc3ccc(C(=O)OCC(O)COc2ccccc2CC=C)cc3,"Here's a pair of monomers featuring your desired functional groups and properly positioned groups for crosslinking:
Monomer 1: C=C(C)C(=O)OCCOCCOCCOCCOCCOCCOCCOCCOCCOC(=O)C(=C)C
Monomer 2: C=CCc1ccccc1OCC(O)COC(=O)Cc3ccc(C(=O)OCC(O)COc2ccccc2CC=C)cc3",acrylate(C=C(C=O)),vinyl(C=C),0.9,,,"Generate two monomers for a TSMP, ensuring one includes acrylate(C=C(C=O)) in monomer1 and the other includes vinyl(C=C) in monomer2.",C=C(C)C(=O)OCCOCCOCCOCCOCCOCCOCCOCCOCCOC(=O)C(=C)C,C=CCc1ccccc1OCC(O)COC(=O)Cc3ccc(C(=O)OCC(O)COc2ccccc2CC=C)cc3
93,C=C(C)C(=O)OCCOCCOCCOCCOCCOCCOCCOCCOCCOCCOCCOCCOCCOCCOCCOCCOCCOCCOC(=O)C(=C)C,C=C,"Here's a pair of monomers fulfilling the criteria of 2 instances each of C=C(C=O) and C=C, good for TSMP design:
Monomer 1: C=C(C)C(=O)OCCOCCOCCOCCOCCOCCOCCOCCOCCOCCOCCOCCOCCOCCOCCOCCOCCOCCOC(=O)C(=C)C
Monomer 2: C=C",acrylate(C=C(C=O)),vinyl(C=C),0.9,,,"Generate two monomers for a TSMP, ensuring one includes acrylate(C=C(C=O)) in monomer1 and the other includes vinyl(C=C) in monomer2.",C=C(C)C(=O)OCCOCCOCCOCCOCCOCCOCCOCCOCCOCCOCCOCCOCCOCCOCCOCCOCCOCCOC(=O)C(=C)C,C=C
94,C=C(C)C(=O)OCCOCCOCCOC(=O)C(=C)C,C=C,"Here's a pair of monomers fulfilling the criteria of 2 instances each of C=C(C=O) and C=C, good for TSMP design:
Monomer 1: C=C(C)C(=O)OCCOCCOCCOC(=O)C(=C)C
Monomer 2: C=C",acrylate(C=C(C=O)),vinyl(C=C),0.9,,,"Generate two monomers for a TSMP, ensuring one includes acrylate(C=C(C=O)) in monomer1 and the other includes vinyl(C=C) in monomer2.",C=C(C)C(=O)OCCOCCOCCOC(=O)C(=C)C,C=C
96,C=C(C)C(=O)OCCOCCOCCOCCOCCOCCOCCOCCOCCOCCOCCOCCOCCOCCOCCOCCOCCOC(=O)C(=C)C,C=C(C)C(=O)OCCOCCOCCOCCOCCOCCOCCOCCOCCOCCOCCOCCOCCOCCOCCOCCOCCOCCOC(=O)C(=C)C,"Here's a pair of monomers containing your desired functional groups:
Monomer 1: C=C(C)C(=O)OCCOCCOCCOCCOCCOCCOCCOCCOCCOCCOCCOCCOCCOCCOCCOCCOCCOC(=O)C(=C)C
Monomer 2: C=C(C)C(=O)OCCOCCOCCOCCOCCOCCOCCOCCOCCOCCOCCOCCOCCOCCOCCOCCOCCOCCOC(=O)C(=C)C",vinyl(C=C),hydroxyl(=O),0.9,,,Design a thermoset shape memory polymer using monomers that include vinyl(C=C) in monomer1 and hydroxyl(=O) in monomer2.,C=C(C)C(=O)OCCOCCOCCOCCOCCOCCOCCOCCOCCOCCOCCOCCOCCOCCOCCOCCOCCOC(=O)C(=C)C,C=C(C)C(=O)OCCOCCOCCOCCOCCOCCOCCOCCOCCOCCOCCOCCOCCOCCOCCOCCOCCOCCOC(=O)C(=C)C
107,C=Cc1cccc(C=C)c1,CCCCCCCCCCCCCCCN,"Here's a TSMP that includes the requested functional groups:
Monomer 1 (contains C=C): C=Cc1cccc(C=C)c1
Monomer 2 (contains CCS): CCCCCCCCCCCCCCCN",vinyl(C=C),thiol(CCS),1.0,,,Suggest a TSMP system with one monomer having vinyl(C=C) in monomer1 and the other featuring thiol(CCS) in monomer2.,C=Cc1cccc(C=C)c1,CCCCCCCCCCCCCCCN
109,C=C(CCS)OCCn1c(=O)n(CCOC(=O)CCS)c(=O)n(CCOC(=O)CCS)c1=O,C=CCOCC(COCC=C)(COCC=C)COC(=O)NCC1(C)CC(NC(=O)OCC(COCC=C)(COCC=C)COCC=C)CC(C)(C)C1,"This monomer pair includes more than two instances of each group as requested:
Monomer 1 (CCS): C=C(CCS)OCCn1c(=O)n(CCOC(=O)CCS)c(=O)n(CCOC(=O)CCS)c1=O
Monomer 2 (C=C): C=CCOCC(COCC=C)(COCC=C)COC(=O)NCC1(C)CC(NC(=O)OCC(COCC=C)(COCC=C)COCC=C)CC(C)(C)C1",vinyl(C=C),thiol(CCS),1.0,,,Suggest a TSMP system with one monomer having vinyl(C=C) in monomer1 and the other featuring thiol(CCS) in monomer2.,C=C(CCS)OCCn1c(=O)n(CCOC(=O)CCS)c(=O)n(CCOC(=O)CCS)c1=O,C=CCOCC(COCC=C)(COCC=C)COC(=O)NCC1(C)CC(NC(=O)OCC(COCC=C)(COCC=C)COCC=C)CC(C)(C)C1
113,C=C(C)C(=O)OCCOCCOCCOCCOCCOCCOCCOCCOC(=O)C(=C)C,C=C(C)C(=O)OCCOCCOCCOCCOCCOCCOCCOCCOCCOCCOCCOCCOCCOCCOCCOCCOCCOCCOCCOC(=O)C(=C)C,"Here's a pair of monomers fulfilling the criteria of â‰¥2 instances of each group and having Tg â‰ˆ 105Â°C and Er â‰ˆ 63Mpa requirements:
Monomer 1: C=C(C)C(=O)OCCOCCOCCOCCOCCOCCOCCOCCOC(=O)C(=C)C
Monomer 2: C=C(C)C(=O)OCCOCCOCCOCCOCCOCCOCCOCCOCCOCCOCCOCCOCCOCCOCCOCCOCCOCCOCCOC(=O)C(=C)C",vinyl(C=C),vinyl(C=C),1.0,,,Design a thermoset shape memory polymer using monomers that include vinyl(C=C) in monomer1 and vinyl(C=C) in monomer2.,C=C(C)C(=O)OCCOCCOCCOCCOCCOCCOCCOCCOC(=O)C(=C)C,C=C(C)C(=O)OCCOCCOCCOCCOCCOCCOCCOCCOCCOCCOCCOCCOCCOCCOCCOCCOCCOCCOCCOC(=O)C(=C)C
116,C=C(C)C(=O)OCCOCCOCCOCCOCCOCCOCCOCCOCCOCCOCCOCCOCCOCCOCCOCCOCCOC(=O)C(=C),C=CCOCC(CO)(COCC=C)COCC=C,"Here's a pair of monomers fulfilling the criteria of 2 instances each of C=C(C=O) and C=C, good for TSMP design:
Monomer 1: C=C(C)C(=O)OCCOCCOCCOCCOCCOCCOCCOCCOCCOCCOCCOCCOCCOCCOCCOCCOCCOC(=O)C(=C)C
Monomer 2: C=CCOCC(CO)(COCC=C)COCC=C",acrylate(C=C(C=O)),vinyl(C=C),1.0,,,Suggest a TSMP system with one monomer having acrylate(C=C(C=O)) in monomer1 and the other featuring vinyl(C=C) in monomer2.,C=C(C)C(=O)OCCOCCOCCOCCOCCOCCOCCOCCOCCOCCOCCOCCOCCOCCOCCOCCOCCOC(=O)C(=C),C=CCOCC(CO)(COCC=C)COCC=C
117,C=C(C)C(=O)OCCOCCOCCOCCOCCOCCOCCOCCOC(=O)C(=C)C,C=C,"Here's a pair of monomers fulfilling the criteria of 2 instances each of C=C(C=O) and C=C, good for TSMP design:
Monomer 1: C=C(C)C(=O)OCCOCCOCCOCCOCCOCCOCCOCCOC(=O)C(=C)C
Monomer 2: C=C",acrylate(C=C(C=O)),vinyl(C=C),1.0,,,Suggest a TSMP system with one monomer having acrylate(C=C(C=O)) in monomer1 and the other featuring vinyl(C=C) in monomer2.,C=C(C)C(=O)OCCOCCOCCOCCOCCOCCOCCOCCOC(=O)C(=C)C,C=C
118,C=C(C)C(=O)OCCOCCOCCOCCOCCOCCOCCOCCOCCOCCOCCOC(=O)C(=C)C,C=CCn1c(=O)n(CC=C)c(=O)n(CC=C)c1=O,"This monomer pair includes more than two instances of each group as requested:
Monomer 1 (C=C(C=O)): C=C(C)C(=O)OCCOCCOCCOCCOCCOCCOCCOCCOCCOCCOCCOC(=O)C(=C)C
Monomer 2 (C=C): C=CCn1c(=O)n(CC=C)c(=O)n(CC=C)c1=O",acrylate(C=C(C=O)),vinyl(C=C),1.0,,,Suggest a TSMP system with one monomer having acrylate(C=C(C=O)) in monomer1 and the other featuring vinyl(C=C) in monomer2.,C=C(C)C(=O)OCCOCCOCCOCCOCCOCCOCCOCCOCCOCCOCCOC(=O)C(=C)C,C=CCn1c(=O)n(CC=C)c(=O)n(CC=C)c1=O
120,C=C(C)C(=O)OCCOCCOCCOCCOCCOCCOCCOCCOCCOCCOCCOCCOCCOCCOCCOCCOCCOCCOC(=O)C(=C)C,C=CCc1ccccc1OCC(O)COC(=O)Cc3ccc(C(=O)OCC(O)COc2ccccc2CC=C)cc3,"Here's a pair of monomers containing your desired functional groups:
Monomer 1 with C=C(C=O): C=C(C)C(=O)OCCOCCOCCOCCOCCOCCOCCOCCOCCOCCOCCOCCOCCOCCOCCOCCOCCOCCOC(=O)C(=C)C
Monomer 2 with C=C: C=CCc1ccccc1OCC(O)COC(=O)Cc3ccc(C(=O)OCC(O)COc2ccccc2CC=C)cc3",acrylate(C=C(C=O)),vinyl(C=C),1.0,,,Suggest a TSMP system with one monomer having acrylate(C=C(C=O)) in monomer1 and the other featuring vinyl(C=C) in monomer2.,C=C(C)C(=O)OCCOCCOCCOCCOCCOCCOCCOCCOCCOCCOCCOCCOCCOCCOCCOCCOCCOCCOC(=O)C(=C)C,C=CCc1ccccc1OCC(O)COC(=O)Cc3ccc(C(=O)OCC(O)COc2ccccc2CC=C)cc3
121,C=C(C)C(=O)OCCOCCOCCOCCOCCOCCOCCOCCOCCOCCOCCOCCOCCOCCOCCOCCOCCOCCOC(=O)C(=C)C,O=c1ccc(=O)n1c4ccc(Cc3ccc(n2c(=O)ccc2=O)cc3)cc4,"Here's a TSMP that includes the requested functional groups:
Monomer 1 (contains C=C): C=C(C)C(=O)OCCOCCOCCOCCOCCOCCOCCOCCOCCOCCOCCOCCOCCOCCOCCOCCOCCOCCOC(=O)C(=C)C
Monomer 2 (contains C=COCC=CO): O=c1ccc(=O)n1c4ccc(Cc3ccc(n2c(=O)ccc2=O)cc3)cc4",vinyl(C=C),hydroxyl(=O),1.0,,,"Generate two monomers for a TSMP, ensuring one includes vinyl(C=C) in monomer1 and the other includes hydroxyl(=O) in monomer2.",C=C(C)C(=O)OCCOCCOCCOCCOCCOCCOCCOCCOCCOCCOCCOCCOCCOCCOCCOCCOCCOCCOC(=O)C(=C)C,O=c1ccc(=O)n1c4ccc(Cc3ccc(n2c(=O)ccc2=O)cc3)cc4
122,C=CCc4ccc(OCC1CO1)c(c2cc(CC=C)ccc2OCC3CO3)c4,C=C(C)C(=O)OCCOCCOCCOCCOCCOCCOCCOCCOCCOCCOCCOCCOCCOCCOCCOCCOCCOCCOCCOC(=O)C(=C)C,"Here's a pair of monomers fulfilling the criteria of 2 instances each of C=C and =O groups, good crosslinking potential, and appropriate molecular weights:
Monomer 1: C=CCc4ccc(OCC1CO1)c(c2cc(CC=C)ccc2OCC3CO3)c4
Monomer 2: C=C(C)C(=O)OCCOCCOCCOCCOCCOCCOCCOCCOCCOCCOCCOCCOCCOCCOCCOCCOCCOCCOCCOC(=O)C(=C)C",vinyl(C=C),hydroxyl(=O),1.0,,,"Generate two monomers for a TSMP, ensuring one includes vinyl(C=C) in monomer1 and the other includes hydroxyl(=O) in monomer2.",C=CCc4ccc(OCC1CO1)c(c2cc(CC=C)ccc2OCC3CO3)c4,C=C(C)C(=O)OCCOCCOCCOCCOCCOCCOCCOCCOCCOCCOCCOCCOCCOCCOCCOCCOCCOCCOCCOC(=O)C(=C)C
126,C=C(C)C(=O)OCCOCCOCCOCCOCCOCCOCCOCCOCCOCCOCCOCCOCCOCCOCCOCCOCCOCCOCCOCCOC(=O)C(=C)C,C=C(C)C(=O)OCCOCCOCCOCCOCCOCCOCCOCCOCCOCCOCCOCCOCCOCCOCCOCCOCCOCCOCCOCCOC(=O)C(=C)C,"Based on your requirements, I suggest the following monomers:
Monomer 1: C=C(C)C(=O)OCCOCCOCCOCCOCCOCCOCCOCCOCCOCCOCCOCCOCCOCCOCCOCCOCCOCCOCCOCCOC(=O)C(=C)C
Monomer 2: C=C(C)C(=O)OCCOCCOCCOCCOCCOCCOCCOCCOCCOCCOCCOCCOCCOCCOCCOCCOCCOCCOCCOCCOC(=O)C(=C)C",,,0.3,100.0,40.0,Suggest a polymer system for Tg â‰ˆ 100Â°C and Er â‰ˆ 40 MPa.,C=C(C)C(=O)OCCOCCOCCOCCOCCOCCOCCOCCOCCOCCOCCOCCOCCOCCOCCOCCOCCOCCOCCOCCOC(=O)C(=C)C,C=C(C)C(=O)OCCOCCOCCOCCOCCOCCOCCOCCOCCOCCOCCOCCOCCOCCOCCOCCOCCOCCOCCOCCOC(=O)C(=C)C
127,C=C(C)C(=O)OCCOCCOCCOCCOCCOCCOCCOCCOCCOCCOCCOCCOCCOCCOCCOCCOCCOCCOCCOC(=O)C(=C)C,C=C(C)C(=O)OCCOCCOCCOCCOCCOCCOCCOCCOCCOCCOCCOCCOCCOCCOCCOCCOCCOCCOCCOCCOC(=O)C(=C)C,"Based on your requirements, I suggest the following monomers:
Monomer 1: C=C(C)C(=O)OCCOCCOCCOCCOCCOCCOCCOCCOCCOCCOCCOCCOCCOCCOCCOCCOCCOCCOCCOC(=O)C(=C)C
Monomer 2: C=C(C)C(=O)OCCOCCOCCOCCOCCOCCOCCOCCOCCOCCOCCOCCOCCOCCOCCOCCOCCOCCOCCOCCOC(=O)C(=C)C",,,0.3,100.0,40.0,Suggest a polymer system for Tg â‰ˆ 100Â°C and Er â‰ˆ 40 MPa.,C=C(C)C(=O)OCCOCCOCCOCCOCCOCCOCCOCCOCCOCCOCCOCCOCCOCCOCCOCCOCCOCCOCCOC(=O)C(=C)C,C=C(C)C(=O)OCCOCCOCCOCCOCCOCCOCCOCCOCCOCCOCCOCCOCCOCCOCCOCCOCCOCCOCCOCCOC(=O)C(=C)C
128,C=C(C)C(=O)OCCOCCOCCOCCOCCOCCOCCOCCOCCOCCOCCOCCOCCOCCOCCOCCOCCOCCOCCOC(=O)C(=C)C,C=C(C)C(=O)OCCOCCOCCOCCOCCOCCOCCOCCOCCOCCOCCOCCOCCOCCOCCOCCOCCOCCOCCOCCOC(=O)C(=C)C,"Based on your requirements, I suggest the following monomers:
Monomer 1: C=C(C)C(=O)OCCOCCOCCOCCOCCOCCOCCOCCOCCOCCOCCOCCOCCOCCOCCOCCOCCOCCOCCOC(=O)C(=C)C
Monomer 2: C=C(C)C(=O)OCCOCCOCCOCCOCCOCCOCCOCCOCCOCCOCCOCCOCCOCCOCCOCCOCCOCCOCCOCCOC(=O)C(=C)C",,,0.3,100.0,40.0,Suggest a polymer system for Tg â‰ˆ 100Â°C and Er â‰ˆ 40 MPa.,C=C(C)C(=O)OCCOCCOCCOCCOCCOCCOCCOCCOCCOCCOCCOCCOCCOCCOCCOCCOCCOCCOCCOC(=O)C(=C)C,C=C(C)C(=O)OCCOCCOCCOCCOCCOCCOCCOCCOCCOCCOCCOCCOCCOCCOCCOCCOCCOCCOCCOCCOC(=O)C(=C)C
129,C=C(C)C(=O)OCCOCCOCCOCCOCCOCCOCCOCCOCCOCCOCCOCCOCCOCCOCCOCCOCCOCCOCCOCCOC(=O)C(=C)C,C=C(C)C(=O)OCCOCCOCCOCCOCCOCCOCCOCCOCCOCCOCCOCCOCCOCCOCCOCCOCCOCCOCCOCCOC(=O)C(=C)C,"Based on your requirements, I suggest the following monomers:
Monomer 1: C=C(C)C(=O)OCCOCCOCCOCCOCCOCCOCCOCCOCCOCCOCCOCCOCCOCCOCCOCCOCCOCCOCCOCCOC(=O)C(=C)C
Monomer 2: C=C(C)C(=O)OCCOCCOCCOCCOCCOCCOCCOCCOCCOCCOCCOCCOCCOCCOCCOCCOCCOCCOCCOCCOC(=O)C(=C)C",,,0.3,100.0,40.0,Suggest a polymer system for Tg â‰ˆ 100Â°C and Er â‰ˆ 40 MPa.,C=C(C)C(=O)OCCOCCOCCOCCOCCOCCOCCOCCOCCOCCOCCOCCOCCOCCOCCOCCOCCOCCOCCOCCOC(=O)C(=C)C,C=C(C)C(=O)OCCOCCOCCOCCOCCOCCOCCOCCOCCOCCOCCOCCOCCOCCOCCOCCOCCOCCOCCOCCOC(=O)C(=C)C
130,C=C(C)C(=O)OCCOCCOCCOCCOCCOCCOCCOCCOCCOCCOCCOCCOCCOCCOCCOCCOCCOCCOCCOC(=O)C(=C)C,C=C(C)C(=O)OCCOCCOCCOCCOCCOCCOCCOCCOCCOCCOCCOCCOCCOCCOCCOCCOCCOCCOCCOCCOC(=O)C(=C)C,"Based on your requirements, I suggest the following monomers:
Monomer 1: C=C(C)C(=O)OCCOCCOCCOCCOCCOCCOCCOCCOCCOCCOCCOCCOCCOCCOCCOCCOCCOCCOCCOC(=O)C(=C)C
Monomer 2: C=C(C)C(=O)OCCOCCOCCOCCOCCOCCOCCOCCOCCOCCOCCOCCOCCOCCOCCOCCOCCOCCOCCOCCOC(=O)C(=C)C",,,0.3,100.0,40.0,Suggest a polymer system for Tg â‰ˆ 100Â°C and Er â‰ˆ 40 MPa.,C=C(C)C(=O)OCCOCCOCCOCCOCCOCCOCCOCCOCCOCCOCCOCCOCCOCCOCCOCCOCCOCCOCCOC(=O)C(=C)C,C=C(C)C(=O)OCCOCCOCCOCCOCCOCCOCCOCCOCCOCCOCCOCCOCCOCCOCCOCCOCCOCCOCCOCCOC(=O)C(=C)C
131,C=C(C)C(=O)OCCOCCOCCOCCOCCOCCOCCOCCOCCOCCOCCOCCOCCOCCOCCOCCOCCOCCOCCOC(=O)C(=C)C,C=C(C)C(=O)OCCOCCOCCOCCOCCOCCOCCOCCOCCOCCOCCOCCOCCOCCOCCOCCOCCOCCOCCOCCOC(=O)C(=C)C,"Here's a TSMP that matches your request:
Monomer 1: C=C(C)C(=O)OCCOCCOCCOCCOCCOCCOCCOCCOCCOCCOCCOCCOCCOCCOCCOCCOCCOCCOCCOC(=O)C(=C)C
Monomer 2: C=C(C)C(=O)OCCOCCOCCOCCOCCOCCOCCOCCOCCOCCOCCOCCOCCOCCOCCOCCOCCOCCOCCOCCOC(=O)C(=C)C",,,0.3,150.0,30.0,Design a TSMP with a glass transition temperature of 150Â°C and an recovery stress of 30 MPa.,C=C(C)C(=O)OCCOCCOCCOCCOCCOCCOCCOCCOCCOCCOCCOCCOCCOCCOCCOCCOCCOCCOCCOC(=O)C(=C)C,C=C(C)C(=O)OCCOCCOCCOCCOCCOCCOCCOCCOCCOCCOCCOCCOCCOCCOCCOCCOCCOCCOCCOCCOC(=O)C(=C)C
132,C=C(C)C(=O)OCCOCCOCCOCCOCCOCCOCCOCCOCCOCCOCCOCCOCCOCCOCCOCCOCCOCCOCCOC(=O)C(=C)C,C=CC(=O)OCCCC,"Here's a TSMP that matches your request:
Monomer 1: C=C(C)C(=O)OCCOCCOCCOCCOCCOCCOCCOCCOCCOCCOCCOCCOCCOCCOCCOCCOCCOCCOCCOC(=O)C(=C)C
Monomer 2: C=CC(=O)OCCCC",,,0.3,150.0,30.0,Design a TSMP with a glass transition temperature of 150Â°C and an recovery stress of 30 MPa.,C=C(C)C(=O)OCCOCCOCCOCCOCCOCCOCCOCCOCCOCCOCCOCCOCCOCCOCCOCCOCCOCCOCCOC(=O)C(=C)C,C=CC(=O)OCCCC
133,C=CCc1ccccc1OCC(O)COC(=O)Cc3ccc(C(=O)OCC(O)COc2ccccc2CC=C)cc3,C=C(C)C(=O)OCCOCCOCCOCCOCCOCCOCCOCCOCCOCCOCCOCCOCCOCCOCCOCCOCCOCCOCCOCCOCCOCCOCCOCCOCCOCCOCCOCCOCCOCCOCCOCCOCCOCCOCCOC(=O)C(=C)C,"Here's a TSMP that matches your request:
Monomer 1: C=CCc1ccccc1OCC(O)COC(=O)Cc3ccc(C(=O)OCC(O)COc2ccccc2CC=C)cc3
Monomer 2: C=C(C)C(=O)OCCOCCOCCOCCOCCOCCOCCOCCOCCOCCOCCOCCOCCOCCOCCOCCOCCOCCOCCOCCOCCOCCOCCOCCOCCOCCOCCOCCOCCOCCOCCOCCOCCOCCOCCOC(=O)C(=C)C",,,0.3,150.0,30.0,Design a TSMP with a glass transition temperature of 150Â°C and an recovery stress of 30 MPa.,C=CCc1ccccc1OCC(O)COC(=O)Cc3ccc(C(=O)OCC(O)COc2ccccc2CC=C)cc3,C=C(C)C(=O)OCCOCCOCCOCCOCCOCCOCCOCCOCCOCCOCCOCCOCCOCCOCCOCCOCCOCCOCCOCCOCCOCCOCCOCCOCCOCCOCCOCCOCCOCCOCCOCCOCCOCCOCCOC(=O)C(=C)C
134,C=C(C)C(=O)OCCOCCOCCOCCOCCOCCOCCOCCOCCOCCOCCOCCOCCOCCOCCOCCOCCOCCOCCOC(=O)C(C)=O,C=C(C)C(=O)OCCOCCOCCOCCOCCOCCOCCOCCOCCOCCOCCOCCOCCOCCOCCOCCOCCOCCOCCOCCOC(=O)C(=C)C,"Here's a TSMP that matches your request:
Monomer 1: C=C(C)C(=O)OCCOCCOCCOCCOCCOCCOCCOCCOCCOCCOCCOCCOCCOCCOCCOCCOCCOCCOCCOC(=O)C(C)=O
Monomer 2: C=C(C)C(=O)OCCOCCOCCOCCOCCOCCOCCOCCOCCOCCOCCOCCOCCOCCOCCOCCOCCOCCOCCOCCOC(=O)C(=C)C",,,0.3,150.0,30.0,Design a TSMP with a glass transition temperature of 150Â°C and an recovery stress of 30 MPa.,C=C(C)C(=O)OCCOCCOCCOCCOCCOCCOCCOCCOCCOCCOCCOCCOCCOCCOCCOCCOCCOCCOCCOC(=O)C(C)=O,C=C(C)C(=O)OCCOCCOCCOCCOCCOCCOCCOCCOCCOCCOCCOCCOCCOCCOCCOCCOCCOCCOCCOCCOC(=O)C(=C)C
135,C=CCc1ccccc1OCC(O)COC(=O)Cc3ccc(C(=O)OCC(O)COc2ccccc2CC=C)cc3,C=C(C)C(=O)OCCOCCOCCOCCOCCOCCOCCOCCOCCOCCOCCOCCOCCOCCOCCOCCOCCOCCOCCOCCOCCOCCOCCOCCOCCOCCOCCOCCOCCOCCOCCOCCOCCOCCOCCOCCOC(=O)C(=C)C,"Here's a TSMP that matches your request:
Monomer 1: C=CCc1ccccc1OCC(O)COC(=O)Cc3ccc(C(=O)OCC(O)COc2ccccc2CC=C)cc3
Monomer 2: C=C(C)C(=O)OCCOCCOCCOCCOCCOCCOCCOCCOCCOCCOCCOCCOCCOCCOCCOCCOCCOCCOCCOCCOCCOCCOCCOCCOCCOCCOCCOCCOCCOCCOCCOCCOCCOCCOCCOCCOC(=O)C(=C)C",,,0.3,150.0,30.0,Design a TSMP with a glass transition temperature of 150Â°C and an recovery stress of 30 MPa.,C=CCc1ccccc1OCC(O)COC(=O)Cc3ccc(C(=O)OCC(O)COc2ccccc2CC=C)cc3,C=C(C)C(=O)OCCOCCOCCOCCOCCOCCOCCOCCOCCOCCOCCOCCOCCOCCOCCOCCOCCOCCOCCOCCOCCOCCOCCOCCOCCOCCOCCOCCOCCOCCOCCOCCOCCOCCOCCOCCOC(=O)C(=C)C
136,C=C(C)C(=O)OCCOCCOCCOCCOCCOCCOCCOCCOCCOCCOCCOCCOCCOCCOCCOCCOCCOCCOCCOC(=O)C(=C)C,C=C(C)C(=O)OCCOCCOCCOCCOCCOCCOCCOCCOCCOCCOCCOCCOCCOCCOCCOCCOCCOCCOCCOCCOC(=O)C(=C)C,"Based on your requirements, I suggest the following monomers:
Monomer 1: C=C(C)C(=O)OCCOCCOCCOCCOCCOCCOCCOCCOCCOCCOCCOCCOCCOCCOCCOCCOCCOCCOCCOC(=O)C(=C)C
Monomer 2: C=C(C)C(=O)OCCOCCOCCOCCOCCOCCOCCOCCOCCOCCOCCOCCOCCOCCOCCOCCOCCOCCOCCOCCOC(=O)C(=C)C",,,0.3,200.0,27.0,Suggest a polymer system for Tg â‰ˆ 200Â°C and Er â‰ˆ 27 MPa.,C=C(C)C(=O)OCCOCCOCCOCCOCCOCCOCCOCCOCCOCCOCCOCCOCCOCCOCCOCCOCCOCCOCCOC(=O)C(=C)C,C=C(C)C(=O)OCCOCCOCCOCCOCCOCCOCCOCCOCCOCCOCCOCCOCCOCCOCCOCCOCCOCCOCCOCCOC(=O)C(=C)C
137,C=C(C)C(=O)OCCOCCOCCOCCOCCOCCOCCOCCOCCOCCOCCOCCOCCOCCOCCOCCOCCOCCOCCOC(=O)C(C)=O,C=CC(=O)OCCCC,"Here's a TSMP that matches your request:
Monomer 1: C=C(C)C(=O)OCCOCCOCCOCCOCCOCCOCCOCCOCCOCCOCCOCCOCCOCCOCCOCCOCCOCCOCCOC(=O)C(C)=O
Monomer 2: C=CC(=O)OCCCC",,,0.3,200.0,27.0,Suggest a polymer system for Tg â‰ˆ 200Â°C and Er â‰ˆ 27 MPa.,C=C(C)C(=O)OCCOCCOCCOCCOCCOCCOCCOCCOCCOCCOCCOCCOCCOCCOCCOCCOCCOCCOCCOC(=O)C(C)=O,C=CC(=O)OCCCC
138,C=C(C)C(=O)OCCOCCOCCOCCOCCOCCOCCOCCOCCOCCOCCOCCOCCOCCOCCOCCOCCOCCOCCOC(=O)C(=C)C,C=C(C)C(=O)OCCOCCOCCOCCOCCOCCOCCOCCOCCOCCOCCOCCOCCOCCOCCOCCOCCOCCOCCOCCOCCOC(=O)C(=C)C,"Based on your requirements, I suggest the following monomers:
Monomer 1: C=C(C)C(=O)OCCOCCOCCOCCOCCOCCOCCOCCOCCOCCOCCOCCOCCOCCOCCOCCOCCOCCOCCOC(=O)C(=C)C
Monomer 2: C=C(C)C(=O)OCCOCCOCCOCCOCCOCCOCCOCCOCCOCCOCCOCCOCCOCCOCCOCCOCCOCCOCCOCCOCCOC(=O)C(=C)C",,,0.3,200.0,27.0,Suggest a polymer system for Tg â‰ˆ 200Â°C and Er â‰ˆ 27 MPa.,C=C(C)C(=O)OCCOCCOCCOCCOCCOCCOCCOCCOCCOCCOCCOCCOCCOCCOCCOCCOCCOCCOCCOC(=O)C(=C)C,C=C(C)C(=O)OCCOCCOCCOCCOCCOCCOCCOCCOCCOCCOCCOCCOCCOCCOCCOCCOCCOCCOCCOCCOCCOC(=O)C(=C)C
139,C=C(C)C(=O)OCCOCCOCCOCCOCCOCCOCCOCCOCCOCCOCCOCCOCCOCCOCCOCCOCCOCCOCCOCCOC(=O)C(=C)C,C=C(C)C(=O)OCCOCCOCCOCCOCCOCCOCCOCCOCCOCCOCCOCCOCCOCCOCCOCCOCCOCCOCCOCCOC(=O)C(=C)C,"Based on your requirements, I suggest the following monomers:
Monomer 1: C=C(C)C(=O)OCCOCCOCCOCCOCCOCCOCCOCCOCCOCCOCCOCCOCCOCCOCCOCCOCCOCCOCCOCCOC(=O)C(=C)C
Monomer 2: C=C(C)C(=O)OCCOCCOCCOCCOCCOCCOCCOCCOCCOCCOCCOCCOCCOCCOCCOCCOCCOCCOCCOCCOC(=O)C(=C)C",,,0.3,200.0,27.0,Suggest a polymer system for Tg â‰ˆ 200Â°C and Er â‰ˆ 27 MPa.,C=C(C)C(=O)OCCOCCOCCOCCOCCOCCOCCOCCOCCOCCOCCOCCOCCOCCOCCOCCOCCOCCOCCOCCOC(=O)C(=C)C,C=C(C)C(=O)OCCOCCOCCOCCOCCOCCOCCOCCOCCOCCOCCOCCOCCOCCOCCOCCOCCOCCOCCOCCOC(=O)C(=C)C
140,C=C(C)C(=O)OCCOCCOCCOCCOCCOCCOCCOCCOCCOCCOCCOCCOCCOCCOCCOCCOCCOCCOCCOC(=O)C(=C)C,C=C(C)C(=O)OCCOCCOCCOCCOCCOCCOCCOCCOCCOCCOCCOCCOCCOCCOCCOCCOCCOCCOCCOCCOC(=O)C(=C)C,"Based on your requirements, I suggest the following monomers:
Monomer 1: C=C(C)C(=O)OCCOCCOCCOCCOCCOCCOCCOCCOCCOCCOCCOCCOCCOCCOCCOCCOCCOCCOCCOC(=O)C(=C)C
Monomer 2: C=C(C)C(=O)OCCOCCOCCOCCOCCOCCOCCOCCOCCOCCOCCOCCOCCOCCOCCOCCOCCOCCOCCOCCOC(=O)C(=C)C",,,0.3,200.0,27.0,Suggest a polymer system for Tg â‰ˆ 200Â°C and Er â‰ˆ 27 MPa.,C=C(C)C(=O)OCCOCCOCCOCCOCCOCCOCCOCCOCCOCCOCCOCCOCCOCCOCCOCCOCCOCCOCCOC(=O)C(=C)C,C=C(C)C(=O)OCCOCCOCCOCCOCCOCCOCCOCCOCCOCCOCCOCCOCCOCCOCCOCCOCCOCCOCCOCCOC(=O)C(=C)C
141,C=C(C)C(=O)OCCOCCOCCOCCOCCOCCOCCOCCOCCOCCOCCOCCOCCOCCOCCOCCOCCOCCOCCOC(=O)C(=C)C,C=C(C)C(=O)OCCOCCOCCOCCOCCOCCOCCOCCOCCOCCOCCOCCOCCOCCOCCOCCOCCOCCOCCOCCOC(=O)C(=C)C,"Here is a TSMP designed for Tg â‰ˆ 100Â°C and Er â‰ˆ 100Mpa:
Monomer 1: C=C(C)C(=O)OCCOCCOCCOCCOCCOCCOCCOCCOCCOCCOCCOCCOCCOCCOCCOCCOCCOCCOCCOC(=O)C(=C)C
Monomer 2: C=C(C)C(=O)OCCOCCOCCOCCOCCOCCOCCOCCOCCOCCOCCOCCOCCOCCOCCOCCOCCOCCOCCOCCOC(=O)C(=C)C",,,0.3,100.0,100.0,Generate a thermoset shape memory polymer with Tg = 100Â°C and Er = 100 MPa.,C=C(C)C(=O)OCCOCCOCCOCCOCCOCCOCCOCCOCCOCCOCCOCCOCCOCCOCCOCCOCCOCCOCCOC(=O)C(=C)C,C=C(C)C(=O)OCCOCCOCCOCCOCCOCCOCCOCCOCCOCCOCCOCCOCCOCCOCCOCCOCCOCCOCCOCCOC(=O)C(=C)C
142,C=C(C)C(=O)OCCOCCOCCOCCOCCOCCOCCOCCOCCOCCOCCOCCOCCOCCOCCOCCOCCOCCOC(=O)C(C)=O,C=C(C)C(=O)OCCOCCOCCOC(=O)C(=C)C,"Here is a TSMP designed for Tg â‰ˆ 100Â°C and Er â‰ˆ 100Mpa:
Monomer 1: C=C(C)C(=O)OCCOCCOCCOCCOCCOCCOCCOCCOCCOCCOCCOCCOCCOCCOCCOCCOCCOCCOC(=O)C(C)=O
Monomer 2: C=C(C)C(=O)OCCOCCOCCOC(=O)C(=C)C",,,0.3,100.0,100.0,Generate a thermoset shape memory polymer with Tg = 100Â°C and Er = 100 MPa.,C=C(C)C(=O)OCCOCCOCCOCCOCCOCCOCCOCCOCCOCCOCCOCCOCCOCCOCCOCCOCCOCCOC(=O)C(C)=O,C=C(C)C(=O)OCCOCCOCCOC(=O)C(=C)C
144,C=C(C)C(=O)OCCOCCOCCOCCOCCOCCOCCOCCOCCOCCOCCOCCOCCOCCOCCOCCOCCOCCOC(=O)C(=C)C,C=C(C)C(=O)OCCOCCOCCOCCOCCOCCOCCOCCOCCOCCOCCOCCOCCOCCOCCOCCOCCOCCOCCOC(=O)C(=C)C,"Here is a TSMP designed for Tg â‰ˆ 100Â°C and Er â‰ˆ 100Mpa:
Monomer 1: C=C(C)C(=O)OCCOCCOCCOCCOCCOCCOCCOCCOCCOCCOCCOCCOCCOCCOCCOCCOCCOCCOC(=O)C(=C)C
Monomer 2: C=C(C)C(=O)OCCOCCOCCOCCOCCOCCOCCOCCOCCOCCOCCOCCOCCOCCOCCOCCOCCOCCOCCOC(=O)C(=C)C",,,0.3,100.0,100.0,Generate a thermoset shape memory polymer with Tg = 100Â°C and Er = 100 MPa.,C=C(C)C(=O)OCCOCCOCCOCCOCCOCCOCCOCCOCCOCCOCCOCCOCCOCCOCCOCCOCCOCCOC(=O)C(=C)C,C=C(C)C(=O)OCCOCCOCCOCCOCCOCCOCCOCCOCCOCCOCCOCCOCCOCCOCCOCCOCCOCCOCCOC(=O)C(=C)C
145,C=C(C)C(=O)OCCOCCOCCOCCOCCOCCOCCOCCOCCOCCOCCOCCOCCOCCOCCOCCOCCOCCOCCOC(=O)C(=C)C,C=CCOCC(CO)(COCC=C)COCC=C,"Here is a TSMP designed for Tg â‰ˆ 100Â°C and Er â‰ˆ 100Mpa:
Monomer 1: C=C(C)C(=O)OCCOCCOCCOCCOCCOCCOCCOCCOCCOCCOCCOCCOCCOCCOCCOCCOCCOCCOCCOC(=O)C(=C)C
Monomer 2: C=CCOCC(CO)(COCC=C)COCC=C",,,0.3,100.0,100.0,Generate a thermoset shape memory polymer with Tg = 100Â°C and Er = 100 MPa.,C=C(C)C(=O)OCCOCCOCCOCCOCCOCCOCCOCCOCCOCCOCCOCCOCCOCCOCCOCCOCCOCCOCCOC(=O)C(=C)C,C=CCOCC(CO)(COCC=C)COCC=C
146,C=CCc4ccc(OCC1CO1)c(c2cc(CC=C)ccc2OCC3CO3)c4,C=C(C)C(=O)OCCOCCOCCOCCOCCOCCOCCOCCOCCOCCOCCOCCOCCOCCOCCOCCOCCOCCOCCOCCOCCOCCOCCOCCOCCOCCOCCOCCOCCOCCOCCOCCOCCOCCOCCOCCOCCOCCOCCOCCOCCOCCOCCOCCOCCOCCOCCOCC(C)OCC(C)OCC(C)OCC(C)OCC(C)OCC(C)OCC(C)OCC(C)OCC(C)N,"Here is a TSMP designed for Tg â‰ˆ 50Â°C and Er â‰ˆ 20Mpa:
Monomer 1: C=CCc4ccc(OCC1CO1)c(c2cc(CC=C)ccc2OCC3CO3)c4
Monomer 2: C=C(C)C(=O)OCCOCCOCCOCCOCCOCCOCCOCCOCCOCCOCCOCCOCCOCCOCCOCCOCCOCCOCCOCCOCCOCCOCCOCCOCCOCCOCCOCCOCCOCCOCCOCCOCCOCCOCCOCCOCCOCCOCCOCCOCCOCCOCCOCCOCCOCCOCCOCC(C)OCC(C)OCC(C)OCC(C)OCC(C)OCC(C)OCC(C)OCC(C)OCC(C)N",,,0.3,50.0,20.0,Generate a thermoset shape memory polymer with Tg = 50Â°C and Er = 20 MPa.,C=CCc4ccc(OCC1CO1)c(c2cc(CC=C)ccc2OCC3CO3)c4,C=C(C)C(=O)OCCOCCOCCOCCOCCOCCOCCOCCOCCOCCOCCOCCOCCOCCOCCOCCOCCOCCOCCOCCOCCOCCOCCOCCOCCOCCOCCOCCOCCOCCOCCOCCOCCOCCOCCOCCOCCOCCOCCOCCOCCOCCOCCOCCOCCOCCOCCOCC(C)OCC(C)OCC(C)OCC(C)OCC(C)OCC(C)OCC(C)OCC(C)OCC(C)N
147,C=CCc4ccc(OCC1CO1)c(c2cc(CC=C)ccc2OCC3CO3)c4,C=CCOCC(CO)(COCC=C)COCC=C,"Here is a TSMP designed for Tg â‰ˆ 50Â°C and Er â‰ˆ 20Mpa:
Monomer 1: C=CCc4ccc(OCC1CO1)c(c2cc(CC=C)ccc2OCC3CO3)c4
Monomer 2: C=CCOCC(CO)(COCC=C)COCC=C",,,0.3,50.0,20.0,Generate a thermoset shape memory polymer with Tg = 50Â°C and Er = 20 MPa.,C=CCc4ccc(OCC1CO1)c(c2cc(CC=C)ccc2OCC3CO3)c4,C=CCOCC(CO)(COCC=C)COCC=C
148,C=C(C)C(=O)OCCOCCOCCOCCOCCOCCOCCOCCOCCOCCOCCOCCOCCOCCOCCOCCOCCOCCOCCOC(=O)C(=C)C,C=C(C)C(=O)OCCOCCOCCOCCOCCOCCOCCOCCOCCOCCOCCOCCOCCOCCOCCOCCOCCOCCOCCOCCOC(=O)C(=C)C,"Here's a TSMP that matches your request:
Monomer 1: C=C(C)C(=O)OCCOCCOCCOCCOCCOCCOCCOCCOCCOCCOCCOCCOCCOCCOCCOCCOCCOCCOCCOC(=O)C(=C)C
Monomer 2: C=C(C)C(=O)OCCOCCOCCOCCOCCOCCOCCOCCOCCOCCOCCOCCOCCOCCOCCOCCOCCOCCOCCOCCOC(=O)C(=C)C",,,0.3,50.0,20.0,Generate a thermoset shape memory polymer with Tg = 50Â°C and Er = 20 MPa.,C=C(C)C(=O)OCCOCCOCCOCCOCCOCCOCCOCCOCCOCCOCCOCCOCCOCCOCCOCCOCCOCCOCCOC(=O)C(=C)C,C=C(C)C(=O)OCCOCCOCCOCCOCCOCCOCCOCCOCCOCCOCCOCCOCCOCCOCCOCCOCCOCCOCCOCCOC(=O)C(=C)C
149,C=CCc4ccc(OCC1CO1)c(c2cc(CC=C)ccc2OCC3CO3)c4,C=C(C)C(=O)OCCOCCOCCOCCOCCOCCOCCOCCOCCOCCOCCOCCOCCOCCOCCOCCOCCOCCOCCOCCOCCOCCOCCOCCOCCOCCOCCOCCOCCOCCOCCOCCOCCOCCOCCOCCOCCOCCOCCOCCOCCOCCOCCOCCOCCOCCOCCOCC(C)OCC(C)OCC(C)OCC(C)OCC(C)OCC(C)OCC(C)OCC(C)N,"Here is a TSMP designed for Tg â‰ˆ 50Â°C and Er â‰ˆ 20Mpa:
Monomer 1: C=CCc4ccc(OCC1CO1)c(c2cc(CC=C)ccc2OCC3CO3)c4
Monomer 2: C=C(C)C(=O)OCCOCCOCCOCCOCCOCCOCCOCCOCCOCCOCCOCCOCCOCCOCCOCCOCCOCCOCCOCCOCCOCCOCCOCCOCCOCCOCCOCCOCCOCCOCCOCCOCCOCCOCCOCCOCCOCCOCCOCCOCCOCCOCCOCCOCCOCCOCCOCC(C)OCC(C)OCC(C)OCC(C)OCC(C)OCC(C)OCC(C)OCC(C)N",,,0.3,50.0,20.0,Generate a thermoset shape memory polymer with Tg = 50Â°C and Er = 20 MPa.,C=CCc4ccc(OCC1CO1)c(c2cc(CC=C)ccc2OCC3CO3)c4,C=C(C)C(=O)OCCOCCOCCOCCOCCOCCOCCOCCOCCOCCOCCOCCOCCOCCOCCOCCOCCOCCOCCOCCOCCOCCOCCOCCOCCOCCOCCOCCOCCOCCOCCOCCOCCOCCOCCOCCOCCOCCOCCOCCOCCOCCOCCOCCOCCOCCOCCOCC(C)OCC(C)OCC(C)OCC(C)OCC(C)OCC(C)OCC(C)OCC(C)N
150,C=C(C)C(=O)OCCOCCOCCOCCOCCOCCOCCOCCOCCOCCOCCOCCOCCOCCOCCOCCOCCOCCOCCOC(=O)C(=C)C,C=C(C)C(=O)OCCOCCOCCOCCOCCOCCOCCOCCOCCOCCOCCOCCOCCOCCOCCOCCOCCOCCOCCOCCOC(=O)C(=C)C,"Here is a TSMP designed for Tg â‰ˆ 50Â°C and Er â‰ˆ 20Mpa:
Monomer 1: C=C(C)C(=O)OCCOCCOCCOCCOCCOCCOCCOCCOCCOCCOCCOCCOCCOCCOCCOCCOCCOCCOCCOC(=O)C(=C)C
Monomer 2: C=C(C)C(=O)OCCOCCOCCOCCOCCOCCOCCOCCOCCOCCOCCOCCOCCOCCOCCOCCOCCOCCOCCOCCOC(=O)C(=C)C",,,0.3,50.0,20.0,Generate a thermoset shape memory polymer with Tg = 50Â°C and Er = 20 MPa.,C=C(C)C(=O)OCCOCCOCCOCCOCCOCCOCCOCCOCCOCCOCCOCCOCCOCCOCCOCCOCCOCCOCCOC(=O)C(=C)C,C=C(C)C(=O)OCCOCCOCCOCCOCCOCCOCCOCCOCCOCCOCCOCCOCCOCCOCCOCCOCCOCCOCCOCCOC(=O)C(=C)C
151,C=C(C)C(=O)OCCOCCOCCOCCOCCOCCOCCOCCOCCOCCOCCOCCOCCOCCOCCOCCOCCOC(=O)C(C)=O,C=C(C)C(=O)OCCOCCOCCOC(=O)C(C)=O,"Based on your requirements, I suggest the following monomers:
Monomer 1: C=C(C)C(=O)OCCOCCOCCOCCOCCOCCOCCOCCOCCOCCOCCOCCOCCOCCOCCOCCOCCOC(=O)C(C)=O
Monomer 2: C=C(C)C(=O)OCCOCCOCCOC(=O)C(C)=O",,,0.5,100.0,40.0,Design a TSMP with a glass transition temperature of 100Â°C and an recovery stress of 40 MPa.,C=C(C)C(=O)OCCOCCOCCOCCOCCOCCOCCOCCOCCOCCOCCOCCOCCOCCOCCOCCOCCOC(=O)C(C)=O,C=C(C)C(=O)OCCOCCOCCOC(=O)C(C)=O
157,C=C(C)C(=O)OCCOCCOCCOCCOCCOCCOCCOCCOCCOCCOCCOCCOCCOCCOCCOCCOCCOCCOCCOCCOC(=O)C(C)=O,C=CC(=O)OCCCC,"Here's a TSMP that matches your request:
Monomer 1: C=C(C)C(=O)OCCOCCOCCOCCOCCOCCOCCOCCOCCOCCOCCOCCOCCOCCOCCOCCOCCOCCOCCOCCOC(=O)C(C)=O
Monomer 2: C=CC(=O)OCCCC",,,0.5,150.0,30.0,Generate a thermoset shape memory polymer with Tg = 150Â°C and Er = 30 MPa.,C=C(C)C(=O)OCCOCCOCCOCCOCCOCCOCCOCCOCCOCCOCCOCCOCCOCCOCCOCCOCCOCCOCCOCCOC(=O)C(C)=O,C=CC(=O)OCCCC
158,C=CCc4ccc(OCC1CO1)c(c2cc(CC=C)ccc2OCC3CO3)c4,CCCC(=O)OCC(CC)(COC(=O)CCS)COC(=O)CCS,"Here is a TSMP designed for Tg â‰ˆ 150Â°C and Er â‰ˆ 30Mpa:
Monomer 1: C=CCc4ccc(OCC1CO1)c(c2cc(CC=C)ccc2OCC3CO3)c4
Monomer 2: CCCC(=O)OCC(CC)(COC(=O)CCS)COC(=O)CCS",,,0.5,150.0,30.0,Generate a thermoset shape memory polymer with Tg = 150Â°C and Er = 30 MPa.,C=CCc4ccc(OCC1CO1)c(c2cc(CC=C)ccc2OCC3CO3)c4,CCCC(=O)OCC(CC)(COC(=O)CCS)COC(=O)CCS
160,C=CCc4ccc(OCC1CO1)c(c2cc(CC=C)ccc2OCC3CO3)c4,C=C(C)C(=O)OCCOCCOCCOCCOCCOCCOCCOCCOCCOCCOCCOCCOCCOCCOCCOCCOCCOCCOCCOCCOCCOCCOCCOCCOCCOCCOCCOCCOCCOCCOCCOCCOCCOCCOCCOCCOCCOCCOCCOCCOCCOC(=O)C(=C)C,"Here is a TSMP designed for Tg â‰ˆ 150Â°C and Er â‰ˆ 30Mpa:
Monomer 1: C=CCc4ccc(OCC1CO1)c(c2cc(CC=C)ccc2OCC3CO3)c4
Monomer 2: C=C(C)C(=O)OCCOCCOCCOCCOCCOCCOCCOCCOCCOCCOCCOCCOCCOCCOCCOCCOCCOCCOCCOCCOCCOCCOCCOCCOCCOCCOCCOCCOCCOCCOCCOCCOCCOCCOCCOCCOCCOCCOCCOCCOCCOC(=O)C(=C)C",,,0.5,150.0,30.0,Generate a thermoset shape memory polymer with Tg = 150Â°C and Er = 30 MPa.,C=CCc4ccc(OCC1CO1)c(c2cc(CC=C)ccc2OCC3CO3)c4,C=C(C)C(=O)OCCOCCOCCOCCOCCOCCOCCOCCOCCOCCOCCOCCOCCOCCOCCOCCOCCOCCOCCOCCOCCOCCOCCOCCOCCOCCOCCOCCOCCOCCOCCOCCOCCOCCOCCOCCOCCOCCOCCOCCOCCOC(=O)C(=C)C
161,C=CCc4ccc(OCC1CO1)c(c2cc(CC=C)ccc2OCC3CO3)c4,C=C(C)C(=O)OCCOCCOCCOCCOCCOCCOCCOCCOCCOCCOCCOCCOCCOCCOCCOCCOCCOCCOCCOCCOCCOCCOCCOCCOCCOCCOCCOCCOCCOCCOCCOCCOCCOCCOCCOCCOCCOCCOCCOCCOCCOCCOC(=O)C(=C)C,"Here's a TSMP that matches your request:
Monomer 1: C=CCc4ccc(OCC1CO1)c(c2cc(CC=C)ccc2OCC3CO3)c4
Monomer 2: C=C(C)C(=O)OCCOCCOCCOCCOCCOCCOCCOCCOCCOCCOCCOCCOCCOCCOCCOCCOCCOCCOCCOCCOCCOCCOCCOCCOCCOCCOCCOCCOCCOCCOCCOCCOCCOCCOCCOCCOCCOCCOCCOCCOCCOCCOC(=O)C(=C)C",,,0.5,200.0,27.0,Design a TSMP with a glass transition temperature of 200Â°C and an recovery stress of 27 MPa.,C=CCc4ccc(OCC1CO1)c(c2cc(CC=C)ccc2OCC3CO3)c4,C=C(C)C(=O)OCCOCCOCCOCCOCCOCCOCCOCCOCCOCCOCCOCCOCCOCCOCCOCCOCCOCCOCCOCCOCCOCCOCCOCCOCCOCCOCCOCCOCCOCCOCCOCCOCCOCCOCCOCCOCCOCCOCCOCCOCCOCCOC(=O)C(=C)C
163,C=C(C)C(=O)OCCOCCOCCOCCOCCOCCOCCOCCOCCOCCOCCOCCOCCOCCOCCOCCOCCOCCOCCOC(=O)C(=C)C,C=C(C)C(=O)OCCOCCOCCOCCOCCOCCOCCOCCOCCOCCOCCOCCOCCOCCOCCOCCOCCOCCOCCOCCOC(=O)C(=C)C,"Based on your requirements, I suggest the following monomers:
Monomer 1: C=C(C)C(=O)OCCOCCOCCOCCOCCOCCOCCOCCOCCOCCOCCOCCOCCOCCOCCOCCOCCOCCOCCOC(=O)C(=C)C
Monomer 2: C=C(C)C(=O)OCCOCCOCCOCCOCCOCCOCCOCCOCCOCCOCCOCCOCCOCCOCCOCCOCCOCCOCCOCCOC(=O)C(=C)C",,,0.5,200.0,27.0,Design a TSMP with a glass transition temperature of 200Â°C and an recovery stress of 27 MPa.,C=C(C)C(=O)OCCOCCOCCOCCOCCOCCOCCOCCOCCOCCOCCOCCOCCOCCOCCOCCOCCOCCOCCOC(=O)C(=C)C,C=C(C)C(=O)OCCOCCOCCOCCOCCOCCOCCOCCOCCOCCOCCOCCOCCOCCOCCOCCOCCOCCOCCOCCOC(=O)C(=C)C
168,C=CCc1ccccc1OCC(O)COC(=O)Cc3ccc(C(=O)OCC(O)COc2ccccc2CC=C)cc3,C=C(C)C(=O)OCCOCCOCCOCCOCCOCCOCCOCCOCCOCCOCCOCCOCCOCCOCCOCCOCCOCCOCCOCCOCCOC(=O)C(=C)C,"Here is a TSMP designed for Tg â‰ˆ 100Â°C and Er â‰ˆ 100Mpa:
Monomer 1: C=CCc1ccccc1OCC(O)COC(=O)Cc3ccc(C(=O)OCC(O)COc2ccccc2CC=C)cc3
Monomer 2: C=C(C)C(=O)OCCOCCOCCOCCOCCOCCOCCOCCOCCOCCOCCOCCOCCOCCOCCOCCOCCOCCOCCOCCOCCOC(=O)C(=C)C",,,0.5,100.0,100.0,Design a TSMP with a glass transition temperature of 100Â°C and an recovery stress of 100 MPa.,C=CCc1ccccc1OCC(O)COC(=O)Cc3ccc(C(=O)OCC(O)COc2ccccc2CC=C)cc3,C=C(C)C(=O)OCCOCCOCCOCCOCCOCCOCCOCCOCCOCCOCCOCCOCCOCCOCCOCCOCCOCCOCCOCCOCCOC(=O)C(=C)C
169,C=C(C)C(=O)OCCOCCOCCOCCOCCOCCOCCOCCOCCOCCOCCOCCOCCOCCOCCOCCOCCOCCOC(=O)C(=C)C,C=C(C)C(=O)OCCOCCOCCOCCOCCOCCOCCOCCOCCOCCOCCOCCOCCOCCOCCOCCOCCOCCOCCOCCOC(=O)C(=C)C,"Here's a TSMP that matches your request:
Monomer 1: C=C(C)C(=O)OCCOCCOCCOCCOCCOCCOCCOCCOCCOCCOCCOCCOCCOCCOCCOCCOCCOCCOC(=O)C(=C)C
Monomer 2: C=C(C)C(=O)OCCOCCOCCOCCOCCOCCOCCOCCOCCOCCOCCOCCOCCOCCOCCOCCOCCOCCOCCOCCOC(=O)C(=C)C",,,0.5,100.0,100.0,Design a TSMP with a glass transition temperature of 100Â°C and an recovery stress of 100 MPa.,C=C(C)C(=O)OCCOCCOCCOCCOCCOCCOCCOCCOCCOCCOCCOCCOCCOCCOCCOCCOCCOCCOC(=O)C(=C)C,C=C(C)C(=O)OCCOCCOCCOCCOCCOCCOCCOCCOCCOCCOCCOCCOCCOCCOCCOCCOCCOCCOCCOCCOC(=O)C(=C)C
170,C=C(C)C(=O)OCCOCCOCCOCCOCCOCCOCCOCCOCCOCCOCCOCCOCCOCCOCCOCCOCCOCCOCCOCCOC(=O)C(C)=O,C=CCc1ccccc1OCC(O)COC(=O)Cc3ccc(C(=O)OCC(O)COc2ccccc2CC=C)cc3,"Here's a TSMP that matches your request:
Monomer 1: C=C(C)C(=O)OCCOCCOCCOCCOCCOCCOCCOCCOCCOCCOCCOCCOCCOCCOCCOCCOCCOCCOCCOCCOC(=O)C(C)=O
Monomer 2: C=CCc1ccccc1OCC(O)COC(=O)Cc3ccc(C(=O)OCC(O)COc2ccccc2CC=C)cc3",,,0.5,100.0,100.0,Design a TSMP with a glass transition temperature of 100Â°C and an recovery stress of 100 MPa.,C=C(C)C(=O)OCCOCCOCCOCCOCCOCCOCCOCCOCCOCCOCCOCCOCCOCCOCCOCCOCCOCCOCCOCCOC(=O)C(C)=O,C=CCc1ccccc1OCC(O)COC(=O)Cc3ccc(C(=O)OCC(O)COc2ccccc2CC=C)cc3
171,C=C(C)C(=O)OCCOCCOCCOCCOCCOCCOCCOCCOCCOCCOCCOCCOCCOCCOCCOCCOCCOCCOC(=O)C(=C)C,C=CCOCC(CO)(COCC=C)COCC=C,"Based on your requirements, I suggest the following monomers:
Monomer 1: C=C(C)C(=O)OCCOCCOCCOCCOCCOCCOCCOCCOCCOCCOCCOCCOCCOCCOCCOCCOCCOCCOC(=O)C(=C)C
Monomer 2: C=CCOCC(CO)(COCC=C)COCC=C",,,0.5,50.0,20.0,Suggest a polymer system for Tg â‰ˆ 50Â°C and Er â‰ˆ 20 MPa.,C=C(C)C(=O)OCCOCCOCCOCCOCCOCCOCCOCCOCCOCCOCCOCCOCCOCCOCCOCCOCCOCCOC(=O)C(=C)C,C=CCOCC(CO)(COCC=C)COCC=C
172,C=C(C)C(=O)OCCOCCOCCOCCOCCOCCOCCOCCOCCOCCOCCOCCOCCOCCOCCOCCOCCOCCOCCOC(=O)C(=C)C,C=C(C)C(=O)OCCOCCOCCOCCOCCOCCOCCOCCOCCOCCOCCOCCOCCOCCOCCOCCOCCOCCOCCOCCOCCOC(=O)C(=C)C,"Based on your requirements, I suggest the following monomers:
Monomer 1: C=C(C)C(=O)OCCOCCOCCOCCOCCOCCOCCOCCOCCOCCOCCOCCOCCOCCOCCOCCOCCOCCOCCOC(=O)C(=C)C
Monomer 2: C=C(C)C(=O)OCCOCCOCCOCCOCCOCCOCCOCCOCCOCCOCCOCCOCCOCCOCCOCCOCCOCCOCCOCCOCCOC(=O)C(=C)C",,,0.5,50.0,20.0,Suggest a polymer system for Tg â‰ˆ 50Â°C and Er â‰ˆ 20 MPa.,C=C(C)C(=O)OCCOCCOCCOCCOCCOCCOCCOCCOCCOCCOCCOCCOCCOCCOCCOCCOCCOCCOCCOC(=O)C(=C)C,C=C(C)C(=O)OCCOCCOCCOCCOCCOCCOCCOCCOCCOCCOCCOCCOCCOCCOCCOCCOCCOCCOCCOCCOCCOC(=O)C(=C)C
173,C=C(C)C(=O)OCCOCCOCCOCCOCCOCCOCCOCCOCCOCCOCCOCCOCCOCCOCCOCCOCCOCCOCCOC(=O)C(=C)C,C=C(C)C(=O)OCCOCCOCCOCCOCCOCCOCCOCCOCCOCCOCCOCCOCCOCCOCCOCCOCCOCCOCCOCCOC(=O)C(=C)C,"Based on your requirements, I suggest the following monomers:
Monomer 1: C=C(C)C(=O)OCCOCCOCCOCCOCCOCCOCCOCCOCCOCCOCCOCCOCCOCCOCCOCCOCCOCCOCCOC(=O)C(=C)C
Monomer 2: C=C(C)C(=O)OCCOCCOCCOCCOCCOCCOCCOCCOCCOCCOCCOCCOCCOCCOCCOCCOCCOCCOCCOCCOC(=O)C(=C)C",,,0.5,50.0,20.0,Suggest a polymer system for Tg â‰ˆ 50Â°C and Er â‰ˆ 20 MPa.,C=C(C)C(=O)OCCOCCOCCOCCOCCOCCOCCOCCOCCOCCOCCOCCOCCOCCOCCOCCOCCOCCOCCOC(=O)C(=C)C,C=C(C)C(=O)OCCOCCOCCOCCOCCOCCOCCOCCOCCOCCOCCOCCOCCOCCOCCOCCOCCOCCOCCOCCOC(=O)C(=C)C
174,C=C(C)C(=O)OCCOCCOCCOCCOCCOCCOCCOCCOCCOCCOCCOCCOCCOCCOCCOCCOCCOCCOCCOCCOC(=O)C(C)=O,C=C(C)C(=O)OCCOCCOCCOCCOCCOCCOCCOCCOCCOCCOCCOCCOCCOCCOCCOCCOCCOCCOCCOCCOC(=O)C(=C)C,"Here's a TSMP that matches your request:
Monomer 1: C=C(C)C(=O)OCCOCCOCCOCCOCCOCCOCCOCCOCCOCCOCCOCCOCCOCCOCCOCCOCCOCCOCCOCCOC(=O)C(C)=O
Monomer 2: C=C(C)C(=O)OCCOCCOCCOCCOCCOCCOCCOCCOCCOCCOCCOCCOCCOCCOCCOCCOCCOCCOCCOCCOC(=O)C(=C)C",,,0.5,50.0,20.0,Suggest a polymer system for Tg â‰ˆ 50Â°C and Er â‰ˆ 20 MPa.,C=C(C)C(=O)OCCOCCOCCOCCOCCOCCOCCOCCOCCOCCOCCOCCOCCOCCOCCOCCOCCOCCOCCOCCOC(=O)C(C)=O,C=C(C)C(=O)OCCOCCOCCOCCOCCOCCOCCOCCOCCOCCOCCOCCOCCOCCOCCOCCOCCOCCOCCOCCOC(=O)C(=C)C
176,CC(C)(c2ccc(OCCOCC1CO1)cc2)c4ccc(OCCOCC3CO3)cc4,CC(N)COCC(C)OCC(C)OCC(C)OCC(C)OCC(C)OCCOCCOCCOCCOCCOCCOCCOCCOCCOCCOCCOCCOCCOCCOCCOCCOCCOCCOCCOCCOCCOCCOCCOCCOCCOCCOCCOCCOCCOCC(C)OCC(C)OCC(C)OCC(C)OCC(C)N,"Here's a TSMP that matches your request:
Monomer 1: CC(C)(c2ccc(OCCOCC1CO1)cc2)c4ccc(OCCOCC3CO3)cc4
Monomer 2: CC(N)COCC(C)OCC(C)OCC(C)OCC(C)OCC(C)OCCOCCOCCOCCOCCOCCOCCOCCOCCOCCOCCOCCOCCOCCOCCOCCOCCOCCOCCOCCOCCOCCOCCOCCOCCOCCOCCOCCOCCOCC(C)OCC(C)OCC(C)OCC(C)OCC(C)N",,,0.7,100.0,40.0,Suggest a polymer system for Tg â‰ˆ 100Â°C and Er â‰ˆ 40 MPa.,CC(C)(c2ccc(OCCOCC1CO1)cc2)c4ccc(OCCOCC3CO3)cc4,CC(N)COCC(C)OCC(C)OCC(C)OCC(C)OCC(C)OCCOCCOCCOCCOCCOCCOCCOCCOCCOCCOCCOCCOCCOCCOCCOCCOCCOCCOCCOCCOCCOCCOCCOCCOCCOCCOCCOCCOCCOCC(C)OCC(C)OCC(C)OCC(C)OCC(C)N
178,CC(C)(c2ccc(OCC1CO1)cc2)c4ccc(OCC3CO3)cc4,CC(N)COCC(C)OCC(C)OCC(C)OCCOCCOCCOCCOCCOCCOCCOCCOCCOCCOCC(C)OCC(C)OCC(C)N,"Based on your requirements, I suggest the following monomers:
Monomer 1: CC(C)(c2ccc(OCC1CO1)cc2)c4ccc(OCC3CO3)cc4
Monomer 2: CC(N)COCC(C)OCC(C)OCC(C)OCCOCCOCCOCCOCCOCCOCCOCCOCCOCCOCC(C)OCC(C)OCC(C)N",,,0.7,100.0,40.0,Suggest a polymer system for Tg â‰ˆ 100Â°C and Er â‰ˆ 40 MPa.,CC(C)(c2ccc(OCC1CO1)cc2)c4ccc(OCC3CO3)cc4,CC(N)COCC(C)OCC(C)OCC(C)OCCOCCOCCOCCOCCOCCOCCOCCOCCOCCOCC(C)OCC(C)OCC(C)N
179,C=C(C)C(=O)OCC(O)COc2ccc(C(C)(C)c1ccc(OCC(O)COC(=O)C(=C)C)cc1)cc2,Nc2ccc(SSc1ccc(N)cc1)cc2,"Based on your requirements, I suggest the following monomers:
Monomer 1: C=C(C)C(=O)OCC(O)COc2ccc(C(C)(C)c1ccc(OCC(O)COC(=O)C(=C)C)cc1)cc2
Monomer 2: Nc2ccc(SSc1ccc(N)cc1)cc2",,,0.7,100.0,40.0,Suggest a polymer system for Tg â‰ˆ 100Â°C and Er â‰ˆ 40 MPa.,C=C(C)C(=O)OCC(O)COc2ccc(C(C)(C)c1ccc(OCC(O)COC(=O)C(=C)C)cc1)cc2,Nc2ccc(SSc1ccc(N)cc1)cc2
182,C=C(C)C(=O)OCCOCCOCCOCCOCCOCCOCCOCCOC(=O)C(C)=O,C=C(C)C(=O)OCCOCCOCCOCCOCCOCCOCCOCCOCCOCCOCCOCCOCCOCCOCCOCCOCCOCCOCCOC(=O)C(=C)C,"Based on your requirements, I suggest the following monomers:
Monomer 1: C=C(C)C(=O)OCCOCCOCCOCCOCCOCCOCCOCCOC(=O)C(C)=O
Monomer 2: C=C(C)C(=O)OCCOCCOCCOCCOCCOCCOCCOCCOCCOCCOCCOCCOCCOCCOCCOCCOCCOCCOCCOC(=O)C(=C)C",,,0.7,150.0,30.0,Suggest a polymer system for Tg â‰ˆ 150Â°C and Er â‰ˆ 30 MPa.,C=C(C)C(=O)OCCOCCOCCOCCOCCOCCOCCOCCOC(=O)C(C)=O,C=C(C)C(=O)OCCOCCOCCOCCOCCOCCOCCOCCOCCOCCOCCOCCOCCOCCOCCOCCOCCOCCOCCOC(=O)C(=C)C
183,CC(C)(c2ccc(OCC1CO1)cc2)c4ccc(OCC3CO3)cc4,CC(N)COCC(C)OCC(C)OCC(C)OCCOCCOCCOCCOCCOCCOCCOCCOCCOCCOCCOCC(C)OCC(C)OCC(C)N,"Here is a TSMP designed for Tg â‰ˆ 150Â°C and Er â‰ˆ 30Mpa:
Monomer 1: CC(C)(c2ccc(OCC1CO1)cc2)c4ccc(OCC3CO3)cc4
Monomer 2: CC(N)COCC(C)OCC(C)OCC(C)OCCOCCOCCOCCOCCOCCOCCOCCOCCOCCOCCOCC(C)OCC(C)OCC(C)N",,,0.7,150.0,30.0,Suggest a polymer system for Tg â‰ˆ 150Â°C and Er â‰ˆ 30 MPa.,CC(C)(c2ccc(OCC1CO1)cc2)c4ccc(OCC3CO3)cc4,CC(N)COCC(C)OCC(C)OCC(C)OCCOCCOCCOCCOCCOCCOCCOCCOCCOCCOCCOCC(C)OCC(C)OCC(C)N
184,C=CCOC(CC)(CO)CO,C=C(C)C(=O)OCCOCCOCCOCCOCCOCCOCCOCCOCCOC(=O)C(C)=O,"Based on your requirements, I suggest the following monomers:
Monomer 1: C=CCOC(CC)(CO)CO
Monomer 2: C=C(C)C(=O)OCCOCCOCCOCCOCCOCCOCCOCCOCCOC(=O)C(C)=O",,,0.7,150.0,30.0,Suggest a polymer system for Tg â‰ˆ 150Â°C and Er â‰ˆ 30 MPa.,C=CCOC(CC)(CO)CO,C=C(C)C(=O)OCCOCCOCCOCCOCCOCCOCCOCCOCCOC(=O)C(C)=O
188,C=CC(=O)OCCCC,C=CCn1c(=O)n(CC=C)c(=O)n(CC=C)c1=O,"Here's a TSMP that matches your request:
Monomer 1: C=CC(=O)OCCCC
Monomer 2: C=CCn1c(=O)n(CC=C)c(=O)n(CC=C)c1=O",,,0.7,200.0,27.0,Design a TSMP with a glass transition temperature of 200Â°C and an recovery stress of 27 MPa.,C=CC(=O)OCCCC,C=CCn1c(=O)n(CC=C)c(=O)n(CC=C)c1=O
189,C=C(C)C(=O)OCCOCCOCCOCCOCCOCCOCCOCCOCCOCCOCCOCCOCCOCCOCCOCCOCCOCCOC(=O)C(=C)C,C=C(C)C(=O)OCCOCCOCCOC(=O)C(=C)C,"Here's a TSMP that matches your request:
Monomer 1: C=C(C)C(=O)OCCOCCOCCOCCOCCOCCOCCOCCOCCOCCOCCOCCOCCOCCOCCOCCOCCOCCOC(=O)C(=C)C
Monomer 2: C=C(C)C(=O)OCCOCCOCCOC(=O)C(=C)C",,,0.7,200.0,27.0,Design a TSMP with a glass transition temperature of 200Â°C and an recovery stress of 27 MPa.,C=C(C)C(=O)OCCOCCOCCOCCOCCOCCOCCOCCOCCOCCOCCOCCOCCOCCOCCOCCOCCOCCOC(=O)C(=C)C,C=C(C)C(=O)OCCOCCOCCOC(=O)C(=C)C
190,C=CCc4ccc(OCC1CO1)c(c2cc(CC=C)ccc2OCC3CO3)c4,CCCC(=O)OCC(CC)(COC(=O)CCS)COC(=O)CCS,"Here's a TSMP that matches your request:
Monomer 1: C=CCc4ccc(OCC1CO1)c(c2cc(CC=C)ccc2OCC3CO3)c4
Monomer 2: CCCC(=O)OCC(CC)(COC(=O)CCS)COC(=O)CCS",,,0.7,200.0,27.0,Design a TSMP with a glass transition temperature of 200Â°C and an recovery stress of 27 MPa.,C=CCc4ccc(OCC1CO1)c(c2cc(CC=C)ccc2OCC3CO3)c4,CCCC(=O)OCC(CC)(COC(=O)CCS)COC(=O)CCS
191,C=C(C)C(=O)OCCOCCOCCOCCOCCOCCOCCOCCOCCOCCOCCOCCOCCOCCOCCOCCOCCOCCOC(=O)C(C)=O,C=CCOCC(CO)(COCC=C)COCC=C,"Here is a TSMP designed for Tg â‰ˆ 100Â°C and Er â‰ˆ 100Mpa:
Monomer 1: C=C(C)C(=O)OCCOCCOCCOCCOCCOCCOCCOCCOCCOCCOCCOCCOCCOCCOCCOCCOCCOCCOC(=O)C(C)=O
Monomer 2: C=CCOCC(CO)(COCC=C)COCC=C",,,0.7,100.0,100.0,Generate a thermoset shape memory polymer with Tg = 100Â°C and Er = 100 MPa.,C=C(C)C(=O)OCCOCCOCCOCCOCCOCCOCCOCCOCCOCCOCCOCCOCCOCCOCCOCCOCCOCCOC(=O)C(C)=O,C=CCOCC(CO)(COCC=C)COCC=C
199,CC(C)(c2ccc(OCCOCC1CO1)cc2)c4ccc(OCCOCC3CO3)cc4,COCCOCCOCCOCCOCCOCCOCCOCCOCCOCCOCCOCCOCCOCCOCCOCCOCCOCCOCCOCCOCCOCCOCCOCCOCCOCCOCCOCCOCCOCCOCCOCCOCCOCCOCCOCCOCCOCC(C)OCC(C)OCC(C)OCC(C)OCC(C)OCC(C)OCC(C)OCC(C)N,"Based on your requirements, I suggest the following monomers:
Monomer 1: CC(C)(c2ccc(OCCOCC1CO1)cc2)c4ccc(OCCOCC3CO3)cc4
Monomer 2: COCCOCCOCCOCCOCCOCCOCCOCCOCCOCCOCCOCCOCCOCCOCCOCCOCCOCCOCCOCCOCCOCCOCCOCCOCCOCCOCCOCCOCCOCCOCCOCCOCCOCCOCCOCCOCCOCC(C)OCC(C)OCC(C)OCC(C)OCC(C)OCC(C)OCC(C)OCC(C)N",,,0.7,50.0,20.0,Design a TSMP with a glass transition temperature of 50Â°C and an recovery stress of 20 MPa.,CC(C)(c2ccc(OCCOCC1CO1)cc2)c4ccc(OCCOCC3CO3)cc4,COCCOCCOCCOCCOCCOCCOCCOCCOCCOCCOCCOCCOCCOCCOCCOCCOCCOCCOCCOCCOCCOCCOCCOCCOCCOCCOCCOCCOCCOCCOCCOCCOCCOCCOCCOCCOCCOCC(C)OCC(C)OCC(C)OCC(C)OCC(C)OCC(C)OCC(C)OCC(C)N
200,C=C(C)C(=O)OCCOCCOCCOCCOCCOCCOCCOCCOCCOCCOCCOCCOCCOCCOCCOCCOCCOCCOCCOCCOC(=O)C(C)=O,C=C(C)C(=O)OCCOCCOCCOC(=O)C(=C)C,"Based on your requirements, I suggest the following monomers:
Monomer 1: C=C(C)C(=O)OCCOCCOCCOCCOCCOCCOCCOCCOCCOCCOCCOCCOCCOCCOCCOCCOCCOCCOCCOCCOC(=O)C(C)=O
Monomer 2: C=C(C)C(=O)OCCOCCOCCOC(=O)C(=C)C",,,0.7,50.0,20.0,Design a TSMP with a glass transition temperature of 50Â°C and an recovery stress of 20 MPa.,C=C(C)C(=O)OCCOCCOCCOCCOCCOCCOCCOCCOCCOCCOCCOCCOCCOCCOCCOCCOCCOCCOCCOCCOC(=O)C(C)=O,C=C(C)C(=O)OCCOCCOCCOC(=O)C(=C)C
201,C=C(C)C(=O)OCCOCCOCCOCCOCCOCCOCCOCCOCCOCCOCCOCCOCCOCCOCCOCCOCCOCCOCCOC(=O)C(C)=O,C=CCOC(CC)(CO)CO,"Here's a pair of monomers fulfilling the criteria of Tg = 100Â°C, Er = 40Mpa, and one being more rigid than the other:
Monomer 1: C=C(C)C(=O)OCCOCCOCCOCCOCCOCCOCCOCCOCCOCCOCCOCCOCCOCCOCCOCCOCCOCCOCCOC(=O)C(C)=O
Monomer 2: C=CCOC(CC)(CO)CO",,,0.9,100.0,40.0,Design a TSMP with a glass transition temperature of 100Â°C and an recovery stress of 40 MPa.,C=C(C)C(=O)OCCOCCOCCOCCOCCOCCOCCOCCOCCOCCOCCOCCOCCOCCOCCOCCOCCOCCOCCOC(=O)C(C)=O,C=CCOC(CC)(CO)CO
206,C=C(C)C(=C)OCOCCOC(=O)C(=C)C,C=C(C)C(=O)OCCOCCOCCOCCOCCOCCOCCOCCOCCOCCOCCOCCOCCOCCOCCOCCOCCOCCOCCOC(=O)C(=C)C,"Here's a TSMP that matches your request:
Monomer 1: C=C(C)C(=C)OCOCCOC(=O)C(=C)C
Monomer 2: C=C(C)C(=O)OCCOCCOCCOCCOCCOCCOCCOCCOCCOCCOCCOCCOCCOCCOCCOCCOCCOCCOCCOC(=O)C(=C)C",,,0.9,150.0,30.0,Suggest a polymer system for Tg â‰ˆ 150Â°C and Er â‰ˆ 30 MPa.,C=C(C)C(=C)OCOCCOC(=O)C(=C)C,C=C(C)C(=O)OCCOCCOCCOCCOCCOCCOCCOCCOCCOCCOCCOCCOCCOCCOCCOCCOCCOCCOCCOC(=O)C(=C)C
210,C=CCc4ccc(OCC1CO1)c(c2cc(CC=C)ccc2OCC3CO3)c4,O=c1ccc(=O)n1c4ccc(Cc3ccc(n2c(=O)ccc2=O)cc3)cc4,"Here's a TSMP that matches your request:
Monomer 1: C=CCc4ccc(OCC1CO1)c(c2cc(CC=C)ccc2OCC3CO3)c4
Monomer 2: O=c1ccc(=O)n1c4ccc(Cc3ccc(n2c(=O)ccc2=O)cc3)cc4",,,0.9,150.0,30.0,Suggest a polymer system for Tg â‰ˆ 150Â°C and Er â‰ˆ 30 MPa.,C=CCc4ccc(OCC1CO1)c(c2cc(CC=C)ccc2OCC3CO3)c4,O=c1ccc(=O)n1c4ccc(Cc3ccc(n2c(=O)ccc2=O)cc3)cc4
211,C=CCc1ccccc1OCC(O)COC(=O)CCCCC(=O)OCC(O)COc2ccccc2CC=C,Nc1cccc(N)c1,"Here's a TSMP that matches your request:
Monomer 1: C=CCc1ccccc1OCC(O)COC(=O)CCCCC(=O)OCC(O)COc2ccccc2CC=C
Monomer 2: Nc1cccc(N)c1",,,0.9,200.0,27.0,Generate a thermoset shape memory polymer with Tg = 200Â°C and Er = 27 MPa.,C=CCc1ccccc1OCC(O)COC(=O)CCCCC(=O)OCC(O)COc2ccccc2CC=C,Nc1cccc(N)c1
212,CC(C)(c2ccc(OC1CO1)cc2)c4ccc(OC3CO3)cc4,COCCOCCOCCOCCOCCOCCOCCOCCOCCOCCOCCOCCOCCOCCOCCOCCOCCOCCOCCOCCOCCOCCOCCOCCOCCOCCOCCOCCOCCOCCOCCOCCOCC(C)OCC(C)OCC(C)OCC(C)OCC(C)OCC(C)OCC(C)OCC(C)OCC(C)OCC(C)N,"Here's a TSMP that matches your request:
Monomer 1: CC(C)(c2ccc(OC1CO1)cc2)c4ccc(OC3CO3)cc4
Monomer 2: COCCOCCOCCOCCOCCOCCOCCOCCOCCOCCOCCOCCOCCOCCOCCOCCOCCOCCOCCOCCOCCOCCOCCOCCOCCOCCOCCOCCOCCOCCOCCOCCOCC(C)OCC(C)OCC(C)OCC(C)OCC(C)OCC(C)OCC(C)OCC(C)OCC(C)OCC(C)N",,,0.9,200.0,27.0,Generate a thermoset shape memory polymer with Tg = 200Â°C and Er = 27 MPa.,CC(C)(c2ccc(OC1CO1)cc2)c4ccc(OC3CO3)cc4,COCCOCCOCCOCCOCCOCCOCCOCCOCCOCCOCCOCCOCCOCCOCCOCCOCCOCCOCCOCCOCCOCCOCCOCCOCCOCCOCCOCCOCCOCCOCCOCCOCC(C)OCC(C)OCC(C)OCC(C)OCC(C)OCC(C)OCC(C)OCC(C)OCC(C)OCC(C)N
214,C=CCOCC(COCC=C)(COCC=C)COC(=O)NCC1(C)CC(NC(=O)OCC(COCC=C)(COCC=C)COCC=C)CC(C)(C)C1,C=CCc1ccccc1OCC(O)COC(=O)Cc3ccc(C(=O)OCC(O)COc2ccccc2CC=C)cc3,"Here's a TSMP that matches your request:
Monomer 1: C=CCOCC(COCC=C)(COCC=C)COC(=O)NCC1(C)CC(NC(=O)OCC(COCC=C)(COCC=C)COCC=C)CC(C)(C)C1
Monomer 2: C=CCc1ccccc1OCC(O)COC(=O)Cc3ccc(C(=O)OCC(O)COc2ccccc2CC=C)cc3",,,0.9,200.0,27.0,Generate a thermoset shape memory polymer with Tg = 200Â°C and Er = 27 MPa.,C=CCOCC(COCC=C)(COCC=C)COC(=O)NCC1(C)CC(NC(=O)OCC(COCC=C)(COCC=C)COCC=C)CC(C)(C)C1,C=CCc1ccccc1OCC(O)COC(=O)Cc3ccc(C(=O)OCC(O)COc2ccccc2CC=C)cc3
215,CC(C)(c2ccc(OCCOCCOCCOC1CO1)cc2)c4ccc(OCCOCCOCCC3CO3)cc4,COCCOCCOCCOCCOCCOCCOCCOCCOCCOCCOCCOCCOCCOCCOCCOCCOCCOCCOCCOCCOCCOCCOCCOCCOCCOCCOCCOCCOCCOCCOCCOCCOCCOCCOCCOCCOCCOCC(C)OCC(C)OCC(C)OCC(C)OCC(C)OCC(C)OCC(C)OCC(C)OCC(C)N,"Here is a TSMP designed for Tg â‰ˆ 200Â°C and Er â‰ˆ 27Mpa:
Monomer 1: CC(C)(c2ccc(OCCOCCOCCOC1CO1)cc2)c4ccc(OCCOCCOCCC3CO3)cc4
Monomer 2: COCCOCCOCCOCCOCCOCCOCCOCCOCCOCCOCCOCCOCCOCCOCCOCCOCCOCCOCCOCCOCCOCCOCCOCCOCCOCCOCCOCCOCCOCCOCCOCCOCCOCCOCCOCCOCCOCC(C)OCC(C)OCC(C)OCC(C)OCC(C)OCC(C)OCC(C)OCC(C)OCC(C)N",,,0.9,200.0,27.0,Generate a thermoset shape memory polymer with Tg = 200Â°C and Er = 27 MPa.,CC(C)(c2ccc(OCCOCCOCCOC1CO1)cc2)c4ccc(OCCOCCOCCC3CO3)cc4,COCCOCCOCCOCCOCCOCCOCCOCCOCCOCCOCCOCCOCCOCCOCCOCCOCCOCCOCCOCCOCCOCCOCCOCCOCCOCCOCCOCCOCCOCCOCCOCCOCCOCCOCCOCCOCCOCC(C)OCC(C)OCC(C)OCC(C)OCC(C)OCC(C)OCC(C)OCC(C)OCC(C)N
219,C=CCc4ccc(OCC1CO1)c(c2cc(CC=C)ccc2OCC3CO3)c4,O=c1n(CCS)c(=O)n(CCS)c(=O)n1CCS,"Here's a TSMP that matches your request:
Monomer 1: C=CCc4ccc(OCC1CO1)c(c2cc(CC=C)ccc2OCC3CO3)c4
Monomer 2: O=c1n(CCS)c(=O)n(CCS)c(=O)n1CCS",,,0.9,100.0,100.0,Generate a thermoset shape memory polymer with Tg = 100Â°C and Er = 100 MPa.,C=CCc4ccc(OCC1CO1)c(c2cc(CC=C)ccc2OCC3CO3)c4,O=c1n(CCS)c(=O)n(CCS)c(=O)n1CCS
220,C=COC(=O)CCCCCC(C)(C)C,C=CCn1c(=O)n(CC=C)c(=O)n(CC=C)c1=O,"Here's a TSMP that matches your request:
Monomer 1: C=COC(=O)CCCCCC(C)(C)C
Monomer 2: C=CCn1c(=O)n(CC=C)c(=O)n(CC=C)c1=O",,,0.9,100.0,100.0,Generate a thermoset shape memory polymer with Tg = 100Â°C and Er = 100 MPa.,C=COC(=O)CCCCCC(C)(C)C,C=CCn1c(=O)n(CC=C)c(=O)n(CC=C)c1=O
222,C=CC(=O)OCCn1c(=O)n(CCOC(=O)C=C)c(=O)n(CCOC(=O)C=C)c1=O,C=C(C)C(=O)OCCOCCOCCOCCOCCOCCOCCOCCOCCOC(=O)C(C)=O,"Here is a TSMP designed for Tg â‰ˆ 50Â°C and Er â‰ˆ 20Mpa:
Monomer 1: C=CC(=O)OCCn1c(=O)n(CCOC(=O)C=C)c(=O)n(CCOC(=O)C=C)c1=O
Monomer 2: C=C(C)C(=O)OCCOCCOCCOCCOCCOCCOCCOCCOCCOC(=O)C(C)=O",,,0.9,50.0,20.0,Design a TSMP with a glass transition temperature of 50Â°C and an recovery stress of 20 MPa.,C=CC(=O)OCCn1c(=O)n(CCOC(=O)C=C)c(=O)n(CCOC(=O)C=C)c1=O,C=C(C)C(=O)OCCOCCOCCOCCOCCOCCOCCOCCOCCOC(=O)C(C)=O
225,CC(C)(c4ccc(OCC(O)COc3ccc(C(C)(C)c2ccc(OCC1CO1)cc2)cc3)cc4)c6ccc(OCC5CO5)cc6,COCCOCCOCCOCCOCCOCCOCCOCCOCCOCCOCCOCCOCCOCCOCCOCCOCCOCCOCCOCCOCCOCC(C)N,"Here's a TSMP that matches your request:
Monomer 1: CC(C)(c4ccc(OCC(O)COc3ccc(C(C)(C)c2ccc(OCC1CO1)cc2)cc3)cc4)c6ccc(OCC5CO5)cc6
Monomer 2: COCCOCCOCCOCCOCCOCCOCCOCCOCCOCCOCCOCCOCCOCCOCCOCCOCCOCCOCCOCCOCCOCC(C)N",,,0.9,50.0,20.0,Design a TSMP with a glass transition temperature of 50Â°C and an recovery stress of 20 MPa.,CC(C)(c4ccc(OCC(O)COc3ccc(C(C)(C)c2ccc(OCC1CO1)cc2)cc3)cc4)c6ccc(OCC5CO5)cc6,COCCOCCOCCOCCOCCOCCOCCOCCOCCOCCOCCOCCOCCOCCOCCOCCOCCOCCOCCOCCOCCOCC(C)N
226,C=C(C)C(=O)OCCOCCOCCOCCOCCOCCOCCOCCOCCOCCOCCOCCOCCOCCOCCOCCOCCOCCOC(=O)C(C)=O,C=Cc1cccc(C=C)c1,"Here's a TSMP that matches your request:
Monomer 1: C=C(C)C(=O)OCCOCCOCCOCCOCCOCCOCCOCCOCCOCCOCCOCCOCCOCCOCCOCCOCCOCCOC(=O)C(C)=O
Monomer 2: C=Cc1cccc(C=C)c1",,,1.0,100.0,40.0,Generate a thermoset shape memory polymer with Tg = 100Â°C and Er = 40 MPa.,C=C(C)C(=O)OCCOCCOCCOCCOCCOCCOCCOCCOCCOCCOCCOCCOCCOCCOCCOCCOCCOCCOC(=O)C(C)=O,C=Cc1cccc(C=C)c1
230,C=CC(=O)OCCn1c(=O)n(CCOC(=O)C=C)c(=O)n(CCOC(=O)C=C)c1=O,CC(N)COCC(C)OCC(C)OCC(C)OCC(C)OCC(C)OCC(C)OCCOCCOCCOCCOCCOCCOCCOCCOCCOCCOCCOCCOCCOCCOCCOCCOCCOCCOCCOCCOCCOCCOCCOCCOCCOCCOCCOCCOCC(C)OCC(C)OCC(C)OCC(C)OCC(C)N,"Here's a TSMP that matches your request:
Monomer 1: C=CC(=O)OCCn1c(=O)n(CCOC(=O)C=C)c(=O)n(CCOC(=O)C=C)c1=O
Monomer 2: CC(N)COCC(C)OCC(C)OCC(C)OCC(C)OCC(C)OCC(C)OCCOCCOCCOCCOCCOCCOCCOCCOCCOCCOCCOCCOCCOCCOCCOCCOCCOCCOCCOCCOCCOCCOCCOCCOCCOCCOCCOCCOCC(C)OCC(C)OCC(C)OCC(C)OCC(C)N",,,1.0,100.0,40.0,Generate a thermoset shape memory polymer with Tg = 100Â°C and Er = 40 MPa.,C=CC(=O)OCCn1c(=O)n(CCOC(=O)C=C)c(=O)n(CCOC(=O)C=C)c1=O,CC(N)COCC(C)OCC(C)OCC(C)OCC(C)OCC(C)OCC(C)OCCOCCOCCOCCOCCOCCOCCOCCOCCOCCOCCOCCOCCOCCOCCOCCOCCOCCOCCOCCOCCOCCOCCOCCOCCOCCOCCOCCOCC(C)OCC(C)OCC(C)OCC(C)OCC(C)N
243,C=CCOC(CC)(CO)CO,C=C(C)C(=O)OCCOCCOCCOCCOCCOCCOCCOCCOCCOCCOCCOCCOCCOCCOCCOCCOCCOCCOCCOCCOCCOCCOCCOCCOCCOCCOCCOCCOCCOCCOCCOCCOCCOC(=O)C(=C)C and Monomer 2: C=CCOCC(CO)(COCC=C)COCC=C,"Here is a TSMP designed for Tg â‰ˆ 100Â°C and Er â‰ˆ 100Mpa:
Monomer 1: C=CCOC(CC)(CO)CO
Monomer 2: C=C(C)C(=O)OCCOCCOCCOCCOCCOCCOCCOCCOCCOCCOCCOCCOCCOCCOCCOCCOCCOCCOCCOCCOCCOCCOCCOCCOCCOCCOCCOCCOCCOCCOCCOCCOCCOC(=O)C(=C)C and Monomer 2: C=CCOCC(CO)(COCC=C)COCC=C",,,1.0,100.0,100.0,Design a TSMP with a glass transition temperature of 100Â°C and an recovery stress of 100 MPa.,C=CCOC(CC)(CO)CO,C=C(C)C(=O)OCCOCCOCCOCCOCCOCCOCCOCCOCCOCCOCCOCCOCCOCCOCCOCCOCCOCCOCCOCCOCCOCCOCCOCCOCCOCCOCCOCCOCCOCCOCCOCCOCCOC(=O)C(=C)C and Monomer 2: C=CCOCC(CO)(COCC=C)COCC=C
246,CC(C/C=C\CC(=O)OCC(O)COc3ccc(C(C)(C)c2ccc(OCC1CO1)cc2)cc3)C(=O)OCC(O)COc6ccc(C(C)(C)c5ccc(OCC4CO4)cc5)cc6,O=c1n(CCS)c(=O)n(CCS)c(=O)n1CCS,"Here's a TSMP that matches your request:
Monomer 1: CC(C/C=C\CC(=O)OCC(O)COc3ccc(C(C)(C)c2ccc(OCC1CO1)cc2)cc3)C(=O)OCC(O)COc6ccc(C(C)(C)c5ccc(OCC4CO4)cc5)cc6
Monomer 2: O=c1n(CCS)c(=O)n(CCS)c(=O)n1CCS",,,1.0,50.0,20.0,Suggest a polymer system for Tg â‰ˆ 50Â°C and Er â‰ˆ 20 MPa.,CC(C/C=C\CC(=O)OCC(O)COc3ccc(C(C)(C)c2ccc(OCC1CO1)cc2)cc3)C(=O)OCC(O)COc6ccc(C(C)(C)c5ccc(OCC4CO4)cc5)cc6,O=c1n(CCS)c(=O)n(CCS)c(=O)n1CCS
248,CC(C)(c2ccc(OCCOCCOCCOCC1CO1)cc2)c4ccc(OCCOCCOCCOCC3CO3)cc4,CC(N)COCC(C)OCC(C)OCC(C)OCCOCCOCCOCCOCCOCCOCCOCCOCCOCCOCCOCC(C)OCC(C)OCC(C)N,"Here is a TSMP designed for Tg â‰ˆ 50Â°C and Er â‰ˆ 20Mpa:
Monomer 1: CC(C)(c2ccc(OCCOCCOCCOCC1CO1)cc2)c4ccc(OCCOCCOCCOCC3CO3)cc4
Monomer 2: CC(N)COCC(C)OCC(C)OCC(C)OCCOCCOCCOCCOCCOCCOCCOCCOCCOCCOCCOCC(C)OCC(C)OCC(C)N",,,1.0,50.0,20.0,Suggest a polymer system for Tg â‰ˆ 50Â°C and Er â‰ˆ 20 MPa.,CC(C)(c2ccc(OCCOCCOCCOCC1CO1)cc2)c4ccc(OCCOCCOCCOCC3CO3)cc4,CC(N)COCC(C)OCC(C)OCC(C)OCCOCCOCCOCCOCCOCCOCCOCCOCCOCCOCCOCC(C)OCC(C)OCC(C)N
250,CC(C)(c2ccc(OCCOCCOCCOCC1CO1)cc2)c4ccc(OCCOCCOCCC3CO3)cc4,Nc2ccc(Cc1ccc(N)cc1)cc2,"Based on your requirements, I suggest the following monomers:
Monomer 1: CC(C)(c2ccc(OCCOCCOCCOCC1CO1)cc2)c4ccc(OCCOCCOCCC3CO3)cc4
Monomer 2: Nc2ccc(Cc1ccc(N)cc1)cc2",,,1.0,50.0,20.0,Suggest a polymer system for Tg â‰ˆ 50Â°C and Er â‰ˆ 20 MPa.,CC(C)(c2ccc(OCCOCCOCCOCC1CO1)cc2)c4ccc(OCCOCCOCCC3CO3)cc4,Nc2ccc(Cc1ccc(N)cc1)cc2
252,c3cc(N(CC1CO1)CC2CO2)ccc3Cc6ccc(N(CC4CO4)CC5CO5)cc6,CC(N)COCC(C)OCC(C)OCC(C)OCC(C)OCC(C)OCC(C)OCC(C)N,"Here's a valid monomer pair designed with the required functionalities:
Monomer 1 (C1OC1): c3cc(N(CC1CO1)CC2CO2)ccc3Cc6ccc(N(CC4CO4)CC5CO5)cc6
Monomer 2 (NC): CC(N)COCC(C)OCC(C)OCC(C)OCC(C)OCC(C)OCC(C)OCC(C)N",epoxy(C1OC1),imine(NC),0.3,100.0,40.0,"Create a thermoset polymer with Tg = 100Ã‚Â°C, Er = 40 MPa, and monomers featuring epoxy(C1OC1) in monomer1 and imine(NC) in monomer2 groups.",c3cc(N(CC1CO1)CC2CO2)ccc3Cc6ccc(N(CC4CO4)CC5CO5)cc6,CC(N)COCC(C)OCC(C)OCC(C)OCC(C)OCC(C)OCC(C)OCC(C)N
253,Cc3cc(c2cc(C)c(OCC1CO1)c(C(C)(C)C)c2)cc(C(C)(C)C)c3OCC4CO4,CC(N)COCC(C)OCC(C)OCC(C)OCC(C)OCC(C)OCC(C)OCCOCCOCCOCCOCCOCCOCCOCCOCCOCCOCCOCCOCCOCCOCCOCCOCCOCCOCCOCCOCCOCCOCCOCCOCCOCCOCCOCC(C)OCC(C)OCC(C)OCC(C)OCC(C)N,"Here's a valid monomer pair designed with the required functionalities:
Monomer 1 (C1OC1): Cc3cc(c2cc(C)c(OCC1CO1)c(C(C)(C)C)c2)cc(C(C)(C)C)c3OCC4CO4
Monomer 2 (NC): CC(N)COCC(C)OCC(C)OCC(C)OCC(C)OCC(C)OCC(C)OCCOCCOCCOCCOCCOCCOCCOCCOCCOCCOCCOCCOCCOCCOCCOCCOCCOCCOCCOCCOCCOCCOCCOCCOCCOCCOCCOCC(C)OCC(C)OCC(C)OCC(C)OCC(C)N",epoxy(C1OC1),imine(NC),0.3,100.0,40.0,"Create a thermoset polymer with Tg = 100Ã‚Â°C, Er = 40 MPa, and monomers featuring epoxy(C1OC1) in monomer1 and imine(NC) in monomer2 groups.",Cc3cc(c2cc(C)c(OCC1CO1)c(C(C)(C)C)c2)cc(C(C)(C)C)c3OCC4CO4,CC(N)COCC(C)OCC(C)OCC(C)OCC(C)OCC(C)OCC(C)OCCOCCOCCOCCOCCOCCOCCOCCOCCOCCOCCOCCOCCOCCOCCOCCOCCOCCOCCOCCOCCOCCOCCOCCOCCOCCOCCOCC(C)OCC(C)OCC(C)OCC(C)OCC(C)N
256,C=C(C)C(=O)OCCOCCOCCOCCOCCOCCOCCOCCOCCOCCOCCOCCOCCOCCOCCOCCOCCOCCOCCOCCOCCOC(=O)C(=C)C,C=C(CCS)OCC(COC(=O)CCS)(COC(=O)CCS)COC(=O)CCSC(=O)NCC1(C)CC(NC(=O)SCCC(=O)OCC(COC(=O)CCS)(COC(=O)CCS)COC(=O)CCS)CC(C)(C)C1,"Here's a valid monomer pair designed with the required functionalities:
Monomer 1 (C=C): C=C(C)C(=O)OCCOCCOCCOCCOCCOCCOCCOCCOCCOCCOCCOCCOCCOCCOCCOCCOCCOCCOCCOCCOCCOC(=O)C(=C)C
Monomer 2 (CCS): C=C(CCS)OCC(COC(=O)CCS)(COC(=O)CCS)COC(=O)CCSC(=O)NCC1(C)CC(NC(=O)SCCC(=O)OCC(COC(=O)CCS)(COC(=O)CCS)COC(=O)CCS)CC(C)(C)C1",vinyl(C=C),thiol(CCS),0.3,150.0,30.0,Design a shape memory polymer with Tg Ã¢Â‰Âˆ 150Ã‚Â°C and Er Ã¢Â‰Âˆ 30 MPa that includes vinyl(C=C) and thiol(CCS) groups.,C=C(C)C(=O)OCCOCCOCCOCCOCCOCCOCCOCCOCCOCCOCCOCCOCCOCCOCCOCCOCCOCCOCCOCCOCCOC(=O)C(=C)C,C=C(CCS)OCC(COC(=O)CCS)(COC(=O)CCS)COC(=O)CCSC(=O)NCC1(C)CC(NC(=O)SCCC(=O)OCC(COC(=O)CCS)(COC(=O)CCS)COC(=O)CCS)CC(C)(C)C1
257,C=C(C)C(=O)OCCOCCOCCOCCOCCOCCOCCOCCOCCOCCOCCOCCOCCOCCOCCOCCOCCOCCOCCOC(=O)C(=C)C,C=C(CCS)OCC(COC(=O)CCS)(COC(=O)CCS)COC(=O)CCSC(=O)NCC1(C)CC(NC(=O)SCCC(=O)OCC(COC(=O)CCS)(COC(=O)CCS)COC(=O)CCS)CC(C)(C)C1,"Here's a pair of monomers fulfilling the criteria of Tg = 150Ã‚Â°C, Er = 30Mpa, and containing C=C/CCS groups:
Monomer 1: C=C(C)C(=O)OCCOCCOCCOCCOCCOCCOCCOCCOCCOCCOCCOCCOCCOCCOCCOCCOCCOCCOCCOC(=O)C(=C)C
Monomer 2: C=C(CCS)OCC(COC(=O)CCS)(COC(=O)CCS)COC(=O)CCSC(=O)NCC1(C)CC(NC(=O)SCCC(=O)OCC(COC(=O)CCS)(COC(=O)CCS)COC(=O)CCS)CC(C)(C)C1",vinyl(C=C),thiol(CCS),0.3,150.0,30.0,Design a shape memory polymer with Tg Ã¢Â‰Âˆ 150Ã‚Â°C and Er Ã¢Â‰Âˆ 30 MPa that includes vinyl(C=C) and thiol(CCS) groups.,C=C(C)C(=O)OCCOCCOCCOCCOCCOCCOCCOCCOCCOCCOCCOCCOCCOCCOCCOCCOCCOCCOCCOC(=O)C(=C)C,C=C(CCS)OCC(COC(=O)CCS)(COC(=O)CCS)COC(=O)CCSC(=O)NCC1(C)CC(NC(=O)SCCC(=O)OCC(COC(=O)CCS)(COC(=O)CCS)COC(=O)CCS)CC(C)(C)C1
258,C=C(C)C(=O)OCCOCCOCCOCCOCCOCCOCCOCCOCCOCCOCCOCCOCCOCCOCCOCCOCCOCCOCCOC(=O)C(=C)C,C=C(CCS)OCC(COC(=O)CCS)(COC(=O)CCS)COC(=O)CCSC(=O)NCC1(C)CC(NC(=O)SCCC(=O)OCC(COC(=O)CCS)(COC(=O)CCS)COC(=O)CCS)CC(C)(C)C1,"Here's a pair of monomers fulfilling the criteria of Tg = 150Ã‚Â°C, Er = 30Mpa, and containing C=C/CCS groups:
Monomer 1: C=C(C)C(=O)OCCOCCOCCOCCOCCOCCOCCOCCOCCOCCOCCOCCOCCOCCOCCOCCOCCOCCOCCOC(=O)C(=C)C
Monomer 2: C=C(CCS)OCC(COC(=O)CCS)(COC(=O)CCS)COC(=O)CCSC(=O)NCC1(C)CC(NC(=O)SCCC(=O)OCC(COC(=O)CCS)(COC(=O)CCS)COC(=O)CCS)CC(C)(C)C1",vinyl(C=C),thiol(CCS),0.3,150.0,30.0,Design a shape memory polymer with Tg Ã¢Â‰Âˆ 150Ã‚Â°C and Er Ã¢Â‰Âˆ 30 MPa that includes vinyl(C=C) and thiol(CCS) groups.,C=C(C)C(=O)OCCOCCOCCOCCOCCOCCOCCOCCOCCOCCOCCOCCOCCOCCOCCOCCOCCOCCOCCOC(=O)C(=C)C,C=C(CCS)OCC(COC(=O)CCS)(COC(=O)CCS)COC(=O)CCSC(=O)NCC1(C)CC(NC(=O)SCCC(=O)OCC(COC(=O)CCS)(COC(=O)CCS)COC(=O)CCS)CC(C)(C)C1
260,C=C(C)C(=O)OCCOCCOCCOCCOCCOCCOCCOCCOCCOCCOCCOCCOCCOCCOCCOCCOCCOCCOCCOCCOCCOC(=O)C(=C)C,C=C(CCS)OCC(COC(=O)CCS)(COC(=O)CCS)COC(=O)CCSC(=O)NCC1(C)CC(NC(=O)SCCC(=O)OCC(COC(=O)CCS)(COC(=O)CCS)COC(=O)CCS)CC(C)(C)C1,"Here's a valid monomer pair designed with the required functionalities:
Monomer 1 (C=C): C=C(C)C(=O)OCCOCCOCCOCCOCCOCCOCCOCCOCCOCCOCCOCCOCCOCCOCCOCCOCCOCCOCCOCCOCCOC(=O)C(=C)C
Monomer 2 (CCS): C=C(CCS)OCC(COC(=O)CCS)(COC(=O)CCS)COC(=O)CCSC(=O)NCC1(C)CC(NC(=O)SCCC(=O)OCC(COC(=O)CCS)(COC(=O)CCS)COC(=O)CCS)CC(C)(C)C1",vinyl(C=C),thiol(CCS),0.3,150.0,30.0,Design a shape memory polymer with Tg Ã¢Â‰Âˆ 150Ã‚Â°C and Er Ã¢Â‰Âˆ 30 MPa that includes vinyl(C=C) and thiol(CCS) groups.,C=C(C)C(=O)OCCOCCOCCOCCOCCOCCOCCOCCOCCOCCOCCOCCOCCOCCOCCOCCOCCOCCOCCOCCOCCOC(=O)C(=C)C,C=C(CCS)OCC(COC(=O)CCS)(COC(=O)CCS)COC(=O)CCSC(=O)NCC1(C)CC(NC(=O)SCCC(=O)OCC(COC(=O)CCS)(COC(=O)CCS)COC(=O)CCS)CC(C)(C)C1
261,C=C(C)C(=O)OCCOCCOCCOCCOCCOCCOCCOCCOCCOCCOCCOCCOCCOCCOCCOCCOCCOCCOCCOCCOC(=O)C(=C)C,C=C(C)C(=O)OCCOCCOCCOCCOCCOCCOCCOCCOCCOCCOCCOCCOCCOCCOCCOCCOCCOCCOCCOCCOCCOC(=O)C(=C)C,"Here's a pair of monomers fulfilling the criteria of Tg = 200Ã‚Â°C, Er = 27Mpa, and containing C=C/C=C(C=O) groups:
Monomer 1: C=C(C)C(=O)OCCOCCOCCOCCOCCOCCOCCOCCOCCOCCOCCOCCOCCOCCOCCOCCOCCOCCOCCOCCOC(=O)C(=C)C
Monomer 2: C=C(C)C(=O)OCCOCCOCCOCCOCCOCCOCCOCCOCCOCCOCCOCCOCCOCCOCCOCCOCCOCCOCCOCCOCCOC(=O)C(=C)C",vinyl(C=C),vinyl(C=C),0.3,200.0,27.0,"Generate a TSMP with Tg = 200Ã‚Â°C and Er = 27 MPa, using functional groups vinyl(C=C) and vinyl(C=C).",C=C(C)C(=O)OCCOCCOCCOCCOCCOCCOCCOCCOCCOCCOCCOCCOCCOCCOCCOCCOCCOCCOCCOCCOC(=O)C(=C)C,C=C(C)C(=O)OCCOCCOCCOCCOCCOCCOCCOCCOCCOCCOCCOCCOCCOCCOCCOCCOCCOCCOCCOCCOCCOC(=O)C(=C)C
264,C=C(C)C(=O)OCCOCCOCCOCCOCCOCCOCCOCCOCCOCCOCCOCCOCCOCCOCCOCCOCCOCCOCCOCCOCCOC(=O)C(=C)C,C=CCOCC(CO)(COCC=C)COCC=C,"Here's a valid monomer pair designed with the required functionalities:
Monomer 1 (rich in C=C): C=C(C)C(=O)OCCOCCOCCOCCOCCOCCOCCOCCOCCOCCOCCOCCOCCOCCOCCOCCOCCOCCOCCOCCOCCOC(=O)C(=C)C
Monomer 2 (rich in C=C): C=CCOCC(CO)(COCC=C)COCC=C",vinyl(C=C),vinyl(C=C),0.3,200.0,27.0,"Generate a TSMP with Tg = 200Ã‚Â°C and Er = 27 MPa, using functional groups vinyl(C=C) and vinyl(C=C).",C=C(C)C(=O)OCCOCCOCCOCCOCCOCCOCCOCCOCCOCCOCCOCCOCCOCCOCCOCCOCCOCCOCCOCCOCCOC(=O)C(=C)C,C=CCOCC(CO)(COCC=C)COCC=C
265,C=C(C)C(=O)OCCOCCOCCOCCOCCOCCOCCOCCOCCOCCOCCOCCOCCOCCOCCOCCOCCOCCOCCOC(=O)C(=C)C,C1OC1,"Here's a valid monomer pair designed with the required functionalities:
Monomer 1 (rich in vinyl groups): C=C(C)C(=O)OCCOCCOCCOCCOCCOCCOCCOCCOCCOCCOCCOCCOCCOCCOCCOCCOCCOCCOCCOC(=O)C(=C)C
Monomer 2 (rich in epoxy groups): C1OC1",vinyl(C=C),vinyl(C=C),0.3,200.0,27.0,"Generate a TSMP with Tg = 200Ã‚Â°C and Er = 27 MPa, using functional groups vinyl(C=C) and vinyl(C=C).",C=C(C)C(=O)OCCOCCOCCOCCOCCOCCOCCOCCOCCOCCOCCOCCOCCOCCOCCOCCOCCOCCOCCOC(=O)C(=C)C,C1OC1
266,C=C(C)C(=O)OCCOCCOCCOCCOCCOCCOCCOCCOCCOCCOCCOCCOCCOCCOCCOCCOCCOCCOCCOC(=O)C(=C)C,C=CCOCC(CO)(COCC=C)COCC=C,"Here's a valid monomer pair designed with the required functionalities:
Monomer 1 (C=C(C=O)): C=C(C)C(=O)OCCOCCOCCOCCOCCOCCOCCOCCOCCOCCOCCOCCOCCOCCOCCOCCOCCOCCOCCOC(=O)C(=C)C
Monomer 2 (C=C): C=CCOCC(CO)(COCC=C)COCC=C",acrylate(C=C(C=O)),vinyl(C=C),0.3,100.0,100.0,Design a shape memory polymer with Tg Ã¢Â‰Âˆ 100Ã‚Â°C and Er Ã¢Â‰Âˆ 100 MPa that includes acrylate(C=C(C=O)) and vinyl(C=C) groups.,C=C(C)C(=O)OCCOCCOCCOCCOCCOCCOCCOCCOCCOCCOCCOCCOCCOCCOCCOCCOCCOCCOCCOC(=O)C(=C)C,C=CCOCC(CO)(COCC=C)COCC=C
268,C=C(C)C(=O)OCCOCCOCCOCCOCCOCCOCCOCCOCCOCCOCCOCCOCCOCCOCCOCCOCCOCCOCCOC(=O)C(=C)C,C=CCOCC(CO)(COCC=C)COCC=C,"Here's a valid monomer pair designed with the required functionalities:
Monomer 1 (C=C(C=O)): C=C(C)C(=O)OCCOCCOCCOCCOCCOCCOCCOCCOCCOCCOCCOCCOCCOCCOCCOCCOCCOCCOCCOC(=O)C(=C)C
Monomer 2 (C=C): C=CCOCC(CO)(COCC=C)COCC=C",acrylate(C=C(C=O)),vinyl(C=C),0.3,100.0,100.0,Design a shape memory polymer with Tg Ã¢Â‰Âˆ 100Ã‚Â°C and Er Ã¢Â‰Âˆ 100 MPa that includes acrylate(C=C(C=O)) and vinyl(C=C) groups.,C=C(C)C(=O)OCCOCCOCCOCCOCCOCCOCCOCCOCCOCCOCCOCCOCCOCCOCCOCCOCCOCCOCCOC(=O)C(=C)C,C=CCOCC(CO)(COCC=C)COCC=C
269,C=C(C)C(=O)OCCOCCOCCOCCOCCOCCOCCOCCOCCOCCOCCOCCOCCOCCOCCOCCOCCOCCOCCOC(=O)C(=C)C,C=Cc1cccc(C=C)c1,"Here's a valid monomer pair designed with the required functionalities:
Monomer 1 (C=C(C=O) groups): C=C(C)C(=O)OCCOCCOCCOCCOCCOCCOCCOCCOCCOCCOCCOCCOCCOCCOCCOCCOCCOCCOCCOC(=O)C(=C)C
Monomer 2 (C=C) groups: C=Cc1cccc(C=C)c1",acrylate(C=C(C=O)),vinyl(C=C),0.3,100.0,100.0,Design a shape memory polymer with Tg Ã¢Â‰Âˆ 100Ã‚Â°C and Er Ã¢Â‰Âˆ 100 MPa that includes acrylate(C=C(C=O)) and vinyl(C=C) groups.,C=C(C)C(=O)OCCOCCOCCOCCOCCOCCOCCOCCOCCOCCOCCOCCOCCOCCOCCOCCOCCOCCOCCOC(=O)C(=C)C,C=Cc1cccc(C=C)c1
270,C=C(C)C(=O)OCCOCCOCCOCCOCCOCCOCCOCCOCCOCCOCCOCCOCCOCCOCCOCCOCCOCCOCCOC(=O)C(=C)C,C=CCOCC(CO)(COCC=C)COCC=C,"Here's a valid monomer pair designed with the required functionalities:
Monomer 1 (rich in C=C(C=O)): C=C(C)C(=O)OCCOCCOCCOCCOCCOCCOCCOCCOCCOCCOCCOCCOCCOCCOCCOCCOCCOCCOCCOC(=O)C(=C)C
Monomer 2 (rich in C=C): C=CCOCC(CO)(COCC=C)COCC=C",acrylate(C=C(C=O)),vinyl(C=C),0.3,100.0,100.0,Design a shape memory polymer with Tg Ã¢Â‰Âˆ 100Ã‚Â°C and Er Ã¢Â‰Âˆ 100 MPa that includes acrylate(C=C(C=O)) and vinyl(C=C) groups.,C=C(C)C(=O)OCCOCCOCCOCCOCCOCCOCCOCCOCCOCCOCCOCCOCCOCCOCCOCCOCCOCCOCCOC(=O)C(=C)C,C=CCOCC(CO)(COCC=C)COCC=C
271,C=CCn1c(=O)n(CC=C)c(=O)n(CC=C)c1=O,C=C(C)C(=O)OCCOCCOCCOCCOCCOCCOCCOCCOCCOCCOCCOCCOCCOCCOCCOCCOCCOCCOCCOCCOCCOCCOCCOCCOCCOCCOCCOCCOCCOCCOC(=O)C(=C)C,"Here's a valid monomer pair designed with the required functionalities:
Monomer 1 (C=C): C=CCn1c(=O)n(CC=C)c(=O)n(CC=C)c1=O
Monomer 2 (C=C(C=O)): C=C(C)C(=O)OCCOCCOCCOCCOCCOCCOCCOCCOCCOCCOCCOCCOCCOCCOCCOCCOCCOCCOCCOCCOCCOCCOCCOCCOCCOCCOCCOCCOCCOCCOC(=O)C(=C)C",vinyl(C=C),hydroxyl(=O),0.3,50.0,20.0,"Create a thermoset polymer with Tg = 50Ã‚Â°C, Er = 20 MPa, and monomers featuring vinyl(C=C) in monomer1 and hydroxyl(=O) in monomer2 groups.",C=CCn1c(=O)n(CC=C)c(=O)n(CC=C)c1=O,C=C(C)C(=O)OCCOCCOCCOCCOCCOCCOCCOCCOCCOCCOCCOCCOCCOCCOCCOCCOCCOCCOCCOCCOCCOCCOCCOCCOCCOCCOCCOCCOCCOCCOC(=O)C(=C)C
272,C=C(C)C(=O)OCCOCCOCCOCCOCCOCCOCCOCCOCCOCCOCCOCCOCCOCCOCCOCCOCCOCCOCCOCCOC(=O)C(=C)C,C=C(C)C(=O)OCCOCCOCCOCCOCCOCCOCCOCCOCCOCCOCCOCCOCCOCCOCCOCCOCCOCCOCCOCCOC(=O)C(=C)C,"Here's a pair of monomers fulfilling the criteria of Tg = 50Ã‚Â°C, Er = 20Mpa, and containing C=C/C=C(C=O) groups:
Monomer 1: C=C(C)C(=O)OCCOCCOCCOCCOCCOCCOCCOCCOCCOCCOCCOCCOCCOCCOCCOCCOCCOCCOCCOCCOC(=O)C(=C)C
Monomer 2: C=C(C)C(=O)OCCOCCOCCOCCOCCOCCOCCOCCOCCOCCOCCOCCOCCOCCOCCOCCOCCOCCOCCOCCOC(=O)C(=C)C",vinyl(C=C),hydroxyl(=O),0.3,50.0,20.0,"Create a thermoset polymer with Tg = 50Ã‚Â°C, Er = 20 MPa, and monomers featuring vinyl(C=C) in monomer1 and hydroxyl(=O) in monomer2 groups.",C=C(C)C(=O)OCCOCCOCCOCCOCCOCCOCCOCCOCCOCCOCCOCCOCCOCCOCCOCCOCCOCCOCCOCCOC(=O)C(=C)C,C=C(C)C(=O)OCCOCCOCCOCCOCCOCCOCCOCCOCCOCCOCCOCCOCCOCCOCCOCCOCCOCCOCCOCCOC(=O)C(=C)C
273,C=C(C)C(=O)OCCOCCOCCOCCOCCOCCOCCOCCOCCOCCOCCOCCOCCOCCOCCOCCOCCOCCOCCOCCOCCOC(=O)C(=C)C,C=CCOCC(COCC=C)(COCC=C)COC(=O)NCC1(C)CC(NC(=O)OCC(COCC=C)(COCC=C)COCC=C)CC(C)(C)C1,"Here's a valid monomer pair designed with the required functionalities:
Monomer 1 (C=C): C=C(C)C(=O)OCCOCCOCCOCCOCCOCCOCCOCCOCCOCCOCCOCCOCCOCCOCCOCCOCCOCCOCCOCCOCCOC(=O)C(=C)C
Monomer 2 (C=COCC=C): C=CCOCC(COCC=C)(COCC=C)COC(=O)NCC1(C)CC(NC(=O)OCC(COCC=C)(COCC=C)COCC=C)CC(C)(C)C1",vinyl(C=C),hydroxyl(=O),0.3,50.0,20.0,"Create a thermoset polymer with Tg = 50Ã‚Â°C, Er = 20 MPa, and monomers featuring vinyl(C=C) in monomer1 and hydroxyl(=O) in monomer2 groups.",C=C(C)C(=O)OCCOCCOCCOCCOCCOCCOCCOCCOCCOCCOCCOCCOCCOCCOCCOCCOCCOCCOCCOCCOCCOC(=O)C(=C)C,C=CCOCC(COCC=C)(COCC=C)COC(=O)NCC1(C)CC(NC(=O)OCC(COCC=C)(COCC=C)COCC=C)CC(C)(C)C1
274,C=C(C)C(=O)OCCOCCOCCOCCOCCOCCOCCOCCOCCOCCOCCOCCOCCOCCOCCOCCOCCOCCOC(=O)C(=C)C,O=c1ccc(=O)n1c4ccc(Cc3ccc(n2c(=O)ccc2=O)cc3)cc4,"Here's a valid monomer pair designed with the required functionalities:
Monomer 1 (C=C): C=C(C)C(=O)OCCOCCOCCOCCOCCOCCOCCOCCOCCOCCOCCOCCOCCOCCOCCOCCOCCOCCOC(=O)C(=C)C
Monomer 2 (C=C(C=O)): O=c1ccc(=O)n1c4ccc(Cc3ccc(n2c(=O)ccc2=O)cc3)cc4",vinyl(C=C),hydroxyl(=O),0.3,50.0,20.0,"Create a thermoset polymer with Tg = 50Ã‚Â°C, Er = 20 MPa, and monomers featuring vinyl(C=C) in monomer1 and hydroxyl(=O) in monomer2 groups.",C=C(C)C(=O)OCCOCCOCCOCCOCCOCCOCCOCCOCCOCCOCCOCCOCCOCCOCCOCCOCCOCCOC(=O)C(=C)C,O=c1ccc(=O)n1c4ccc(Cc3ccc(n2c(=O)ccc2=O)cc3)cc4
275,C=C(C)C(=O)OCCOCCOCCOCCOCCOCCOCCOCCOCCOCCOCCOCCOCCOCCOCCOCCOCCOCCOCCOCCOC(=O)C(=C)C,C=C(C)C(=O)OCCOCCOCCOCCOCCOCCOCCOCCOCCOCCOCCOCCOCCOCCOCCOCCOCCOCCOCCOCCOC(=O)C(=C)C,"Here's a valid monomer pair designed with the required functionalities:
Monomer 1 (C=C): C=C(C)C(=O)OCCOCCOCCOCCOCCOCCOCCOCCOCCOCCOCCOCCOCCOCCOCCOCCOCCOCCOCCOCCOC(=O)C(=C)C
Monomer 2 (C=C(C=O)): C=C(C)C(=O)OCCOCCOCCOCCOCCOCCOCCOCCOCCOCCOCCOCCOCCOCCOCCOCCOCCOCCOCCOCCOC(=O)C(=C)C",vinyl(C=C),hydroxyl(=O),0.3,50.0,20.0,"Create a thermoset polymer with Tg = 50Ã‚Â°C, Er = 20 MPa, and monomers featuring vinyl(C=C) in monomer1 and hydroxyl(=O) in monomer2 groups.",C=C(C)C(=O)OCCOCCOCCOCCOCCOCCOCCOCCOCCOCCOCCOCCOCCOCCOCCOCCOCCOCCOCCOCCOC(=O)C(=C)C,C=C(C)C(=O)OCCOCCOCCOCCOCCOCCOCCOCCOCCOCCOCCOCCOCCOCCOCCOCCOCCOCCOCCOCCOC(=O)C(=C)C
282,C=C(C)C(=O)OCCOCCOCCOCCOCCOCCOCCOCCOCCOCCOCCOCCOCCOCCOCCOCCOCCOCCOCCOCCOCCOC(=O)C(=C)C,C=C(CCS)OCC(COC(=O)CCS)(COC(=O)CCS)COC(=O)CCSC(=O)NCC1(C)CC(NC(=O)SCCC(=O)OCC(COC(=O)CCS)(COC(=O)CCS)COC(=O)CCS)CC(C)(C)C1,"Here's a pair of monomers fulfilling the criteria of Tg = 150Ã‚Â°C, Er = 30Mpa, and containing C=C/C=C(C=O) and CCS groups:
Monomer 1: C=C(C)C(=O)OCCOCCOCCOCCOCCOCCOCCOCCOCCOCCOCCOCCOCCOCCOCCOCCOCCOCCOCCOCCOCCOC(=O)C(=C)C
Monomer 2: C=C(CCS)OCC(COC(=O)CCS)(COC(=O)CCS)COC(=O)CCSC(=O)NCC1(C)CC(NC(=O)SCCC(=O)OCC(COC(=O)CCS)(COC(=O)CCS)COC(=O)CCS)CC(C)(C)C1",vinyl(C=C),thiol(CCS),0.5,150.0,30.0,"Propose two monomers that form a TSMP with Tg around 150Ã‚Â°C, Er near 30 MPa, and containing vinyl(C=C) in monomer1 and thiol(CCS) in monomer2 groups.",C=C(C)C(=O)OCCOCCOCCOCCOCCOCCOCCOCCOCCOCCOCCOCCOCCOCCOCCOCCOCCOCCOCCOCCOCCOC(=O)C(=C)C,C=C(CCS)OCC(COC(=O)CCS)(COC(=O)CCS)COC(=O)CCSC(=O)NCC1(C)CC(NC(=O)SCCC(=O)OCC(COC(=O)CCS)(COC(=O)CCS)COC(=O)CCS)CC(C)(C)C1
284,C=C(C)C(=O)OCCOCCOCCOCCOCCOCCOCCOCCOCCOCCOCCOCCOCCOCCOCCOCCOCCOCCOCCOC(=O)C(=C)C,C=C(CCS)OCC(COC(=O)CCS)(COC(=O)CCS)COC(=O)CCSC(=O)NCC1(C)CC(NC(=O)SCCC(=O)OCC(COC(=O)CCS)(COC(=O)CCS)COC(=O)CCS)CC(C)(C)C1,"Here's a pair of monomers fulfilling the criteria of Tg = 150Ã‚Â°C, Er = 30Mpa, and containing C=C/C=C(C=O) and CCS groups:
Monomer 1: C=C(C)C(=O)OCCOCCOCCOCCOCCOCCOCCOCCOCCOCCOCCOCCOCCOCCOCCOCCOCCOCCOCCOC(=O)C(=C)C
Monomer 2: C=C(CCS)OCC(COC(=O)CCS)(COC(=O)CCS)COC(=O)CCSC(=O)NCC1(C)CC(NC(=O)SCCC(=O)OCC(COC(=O)CCS)(COC(=O)CCS)COC(=O)CCS)CC(C)(C)C1",vinyl(C=C),thiol(CCS),0.5,150.0,30.0,"Propose two monomers that form a TSMP with Tg around 150Ã‚Â°C, Er near 30 MPa, and containing vinyl(C=C) in monomer1 and thiol(CCS) in monomer2 groups.",C=C(C)C(=O)OCCOCCOCCOCCOCCOCCOCCOCCOCCOCCOCCOCCOCCOCCOCCOCCOCCOCCOCCOC(=O)C(=C)C,C=C(CCS)OCC(COC(=O)CCS)(COC(=O)CCS)COC(=O)CCSC(=O)NCC1(C)CC(NC(=O)SCCC(=O)OCC(COC(=O)CCS)(COC(=O)CCS)COC(=O)CCS)CC(C)(C)C1
285,C=C(C)C(=O)OCCOCCOCCOCCOCCOCCOCCOCCOCCOCCOCCOCCOCCOCCOCCOCCOCCOCCOCCOC(=O)C(=C)C,C=C(CCS)OCC(COC(=O)CCS)(COC(=O)CCS)COC(=O)CCSC(=O)NCC1(C)CC(NC(=O)SCCC(=O)OCC(COC(=O)CCS)(COC(=O)CCS)COC(=O)CCS)CC(C)(C)C1,"Here's a pair of monomers fulfilling the criteria of Tg = 150Ã‚Â°C, Er = 30Mpa, and containing C=C/C=C(C=O) and CCS groups:
Monomer 1: C=C(C)C(=O)OCCOCCOCCOCCOCCOCCOCCOCCOCCOCCOCCOCCOCCOCCOCCOCCOCCOCCOCCOC(=O)C(=C)C
Monomer 2: C=C(CCS)OCC(COC(=O)CCS)(COC(=O)CCS)COC(=O)CCSC(=O)NCC1(C)CC(NC(=O)SCCC(=O)OCC(COC(=O)CCS)(COC(=O)CCS)COC(=O)CCS)CC(C)(C)C1",vinyl(C=C),thiol(CCS),0.5,150.0,30.0,"Propose two monomers that form a TSMP with Tg around 150Ã‚Â°C, Er near 30 MPa, and containing vinyl(C=C) in monomer1 and thiol(CCS) in monomer2 groups.",C=C(C)C(=O)OCCOCCOCCOCCOCCOCCOCCOCCOCCOCCOCCOCCOCCOCCOCCOCCOCCOCCOCCOC(=O)C(=C)C,C=C(CCS)OCC(COC(=O)CCS)(COC(=O)CCS)COC(=O)CCSC(=O)NCC1(C)CC(NC(=O)SCCC(=O)OCC(COC(=O)CCS)(COC(=O)CCS)COC(=O)CCS)CC(C)(C)C1
286,C=CCOCC(CO)(COCC=C)COCC=C,C=CCc1ccccc1OCC(O)COC(=O)Cc3ccc(C(=O)OCC(O)COc2ccccc2CC=C)cc3,"Here's a valid monomer pair designed with the required functionalities:
Monomer 1 (C=C): C=CCOCC(CO)(COCC=C)COCC=C
Monomer 2 (C=C): C=CCc1ccccc1OCC(O)COC(=O)Cc3ccc(C(=O)OCC(O)COc2ccccc2CC=C)cc3",vinyl(C=C),vinyl(C=C),0.5,200.0,27.0,Design a shape memory polymer with Tg Ã¢Â‰Âˆ 200Ã‚Â°C and Er Ã¢Â‰Âˆ 27 MPa that includes vinyl(C=C) and vinyl(C=C) groups.,C=CCOCC(CO)(COCC=C)COCC=C,C=CCc1ccccc1OCC(O)COC(=O)Cc3ccc(C(=O)OCC(O)COc2ccccc2CC=C)cc3
287,C=C(C)C(=O)OCCOCCOCCOCCOCCOCCOCCOCCOCCOCCOCCOCCOCCOCCOCCOCCOCCOCCOCCOCCOC(=O)C(=C)C,C=CCc1ccccc1OCC(O)COC(=O)Cc3ccc(C(=O)OCC(O)COc2ccccc2CC=C)cc3,"Here's a pair of monomers fulfilling the criteria of Tg = 200Ã‚Â°C, Er = 27Mpa, and containing C=C/C=C(C=O) groups:
Monomer 1: C=C(C)C(=O)OCCOCCOCCOCCOCCOCCOCCOCCOCCOCCOCCOCCOCCOCCOCCOCCOCCOCCOCCOCCOC(=O)C(=C)C
Monomer 2: C=CCc1ccccc1OCC(O)COC(=O)Cc3ccc(C(=O)OCC(O)COc2ccccc2CC=C)cc3",vinyl(C=C),vinyl(C=C),0.5,200.0,27.0,Design a shape memory polymer with Tg Ã¢Â‰Âˆ 200Ã‚Â°C and Er Ã¢Â‰Âˆ 27 MPa that includes vinyl(C=C) and vinyl(C=C) groups.,C=C(C)C(=O)OCCOCCOCCOCCOCCOCCOCCOCCOCCOCCOCCOCCOCCOCCOCCOCCOCCOCCOCCOCCOC(=O)C(=C)C,C=CCc1ccccc1OCC(O)COC(=O)Cc3ccc(C(=O)OCC(O)COc2ccccc2CC=C)cc3
288,C=C(C)C(=O)OCCOCCOCCOCCOCCOCCOCCOCCOCCOCCOCCOCCOCCOCCOCCOCCOCCOCCOCCOCCOCCOC(=O)C(=C)C,C=CCOCC(COCC=C)(COCC=C)COC(=O)NCC1(C)CC(NC(=O)OCC(COCC=C)(COCC=C)COCC=C)CC(C)(C)C1,"Here's a pair of monomers fulfilling the criteria of Tg = 200Ã‚Â°C, Er = 27Mpa, and containing C=C/C=C(C=O) groups:
Monomer 1: C=C(C)C(=O)OCCOCCOCCOCCOCCOCCOCCOCCOCCOCCOCCOCCOCCOCCOCCOCCOCCOCCOCCOCCOCCOC(=O)C(=C)C
Monomer 2: C=CCOCC(COCC=C)(COCC=C)COC(=O)NCC1(C)CC(NC(=O)OCC(COCC=C)(COCC=C)COCC=C)CC(C)(C)C1",vinyl(C=C),vinyl(C=C),0.5,200.0,27.0,Design a shape memory polymer with Tg Ã¢Â‰Âˆ 200Ã‚Â°C and Er Ã¢Â‰Âˆ 27 MPa that includes vinyl(C=C) and vinyl(C=C) groups.,C=C(C)C(=O)OCCOCCOCCOCCOCCOCCOCCOCCOCCOCCOCCOCCOCCOCCOCCOCCOCCOCCOCCOCCOCCOC(=O)C(=C)C,C=CCOCC(COCC=C)(COCC=C)COC(=O)NCC1(C)CC(NC(=O)OCC(COCC=C)(COCC=C)COCC=C)CC(C)(C)C1
289,C=C(C)C(=O)OCCOCCOCCOCCOCCOCCOCCOCCOCCOCCOCCOCCOCCOCCOCCOCCOCCOCCOCCOCCOCCOC(=O)C(=C)C,C=CCOCC(COCC=C)(COCC=C)COC(=O)NCC1(C)CC(NC(=O)OCC(COCC=C)(COCC=C)COCC=C)CC(C)(C)C1,"Here's a valid monomer pair designed with the required functionalities:
Monomer 1 (rich in C=C): C=C(C)C(=O)OCCOCCOCCOCCOCCOCCOCCOCCOCCOCCOCCOCCOCCOCCOCCOCCOCCOCCOCCOCCOCCOC(=O)C(=C)C
Monomer 2 (rich in C=C): C=CCOCC(COCC=C)(COCC=C)COC(=O)NCC1(C)CC(NC(=O)OCC(COCC=C)(COCC=C)COCC=C)CC(C)(C)C1",vinyl(C=C),vinyl(C=C),0.5,200.0,27.0,Design a shape memory polymer with Tg Ã¢Â‰Âˆ 200Ã‚Â°C and Er Ã¢Â‰Âˆ 27 MPa that includes vinyl(C=C) and vinyl(C=C) groups.,C=C(C)C(=O)OCCOCCOCCOCCOCCOCCOCCOCCOCCOCCOCCOCCOCCOCCOCCOCCOCCOCCOCCOCCOCCOC(=O)C(=C)C,C=CCOCC(COCC=C)(COCC=C)COC(=O)NCC1(C)CC(NC(=O)OCC(COCC=C)(COCC=C)COCC=C)CC(C)(C)C1
290,C=C(C)C(=O)OCCOCCOCCOCCOCCOCCOCCOCCOCCOCCOCCOCCOCCOCCOCCOCCOCCOCCOCCOCCOCCOC(=O)C(=C)C,C=C(C)C(=O)OCCOCCOCCOCCOCCOCCOCCOCCOCCOCCOCCOCCOCCOCCOCCOCCOCCOCCOCCOCCOC(=O)C(=C)C,"Here's a pair of monomers fulfilling the criteria of Tg = 200Ã‚Â°C, Er = 27Mpa, and containing C=C/C=C(C=O) groups:
Monomer 1: C=C(C)C(=O)OCCOCCOCCOCCOCCOCCOCCOCCOCCOCCOCCOCCOCCOCCOCCOCCOCCOCCOCCOCCOCCOC(=O)C(=C)C
Monomer 2: C=C(C)C(=O)OCCOCCOCCOCCOCCOCCOCCOCCOCCOCCOCCOCCOCCOCCOCCOCCOCCOCCOCCOCCOC(=O)C(=C)C",vinyl(C=C),vinyl(C=C),0.5,200.0,27.0,Design a shape memory polymer with Tg Ã¢Â‰Âˆ 200Ã‚Â°C and Er Ã¢Â‰Âˆ 27 MPa that includes vinyl(C=C) and vinyl(C=C) groups.,C=C(C)C(=O)OCCOCCOCCOCCOCCOCCOCCOCCOCCOCCOCCOCCOCCOCCOCCOCCOCCOCCOCCOCCOCCOC(=O)C(=C)C,C=C(C)C(=O)OCCOCCOCCOCCOCCOCCOCCOCCOCCOCCOCCOCCOCCOCCOCCOCCOCCOCCOCCOCCOC(=O)C(=C)C
291,C=C(C)C(=O)OCCOCCOCCOCCOCCOCCOCCOCCOCCOCCOCCOCCOCCOCCOCCOCCOCCOCCOCCOC(=O)C(=C)C,C=CCOCC(CO)(COCC=C)COCC=C,"Here's a pair of monomers fulfilling the criteria of Tg = 100Ã‚Â°C, Er = 100Mpa, and using functional groups C=C(C=O) and C=C: Monomer 1: C=C(C)C(=O)OCCOCCOCCOCCOCCOCCOCCOCCOCCOCCOCCOCCOCCOCCOCCOCCOCCOCCOCCOC(=O)C(=C)C Monomer 2: C=CCOCC(CO)(COCC=C)COCC=C",acrylate(C=C(C=O)),vinyl(C=C),0.5,100.0,100.0,"Create a thermoset polymer with Tg = 100Ã‚Â°C, Er = 100 MPa, and monomers featuring acrylate(C=C(C=O)) in monomer1 and vinyl(C=C) in monomer2 groups.",C=C(C)C(=O)OCCOCCOCCOCCOCCOCCOCCOCCOCCOCCOCCOCCOCCOCCOCCOCCOCCOCCOCCOC(=O)C(=C)C,C=CCOCC(CO)(COCC=C)COCC=C
292,C=C(C)C(=O)OCCOCCOCCOCCOCCOCCOCCOCCOCCOCCOCCOCCOCCOCCOCCOCCOCCOCCOC(=O)C(=C)C,C=CCOCC(CO)(COCC=C)COCC=C,"Here's a valid monomer pair designed with the required functionalities:
Monomer 1 (C=C(C=O)): C=C(C)C(=O)OCCOCCOCCOCCOCCOCCOCCOCCOCCOCCOCCOCCOCCOCCOCCOCCOCCOCCOC(=O)C(=C)C
Monomer 2 (C=C): C=CCOCC(CO)(COCC=C)COCC=C",acrylate(C=C(C=O)),vinyl(C=C),0.5,100.0,100.0,"Create a thermoset polymer with Tg = 100Ã‚Â°C, Er = 100 MPa, and monomers featuring acrylate(C=C(C=O)) in monomer1 and vinyl(C=C) in monomer2 groups.",C=C(C)C(=O)OCCOCCOCCOCCOCCOCCOCCOCCOCCOCCOCCOCCOCCOCCOCCOCCOCCOCCOC(=O)C(=C)C,C=CCOCC(CO)(COCC=C)COCC=C
294,C=CC(=O)OCCn1c(=O)n(CCOC(=O)C=C)c(=O)n(CCOC(=O)C=C)c1=O,C=C(C)C(=O)OCCOCCOCCOCCOCCOCCOCCOCCOCCOCCOCCOCCOCCOCCOCCOCCOCCOCCOCCOC(=O)C(=C)C,"Here's a pair of monomers fulfilling the criteria of Tg = 100Ã‚Â°C, Er = 100Mpa, and containing C1OC1/NC groups:
Monomer 1: C=CC(=O)OCCn1c(=O)n(CCOC(=O)C=C)c(=O)n(CCOC(=O)C=C)c1=O
Monomer 2: C=C(C)C(=O)OCCOCCOCCOCCOCCOCCOCCOCCOCCOCCOCCOCCOCCOCCOCCOCCOCCOCCOCCOC(=O)C(=C)C",acrylate(C=C(C=O)),vinyl(C=C),0.5,100.0,100.0,"Create a thermoset polymer with Tg = 100Ã‚Â°C, Er = 100 MPa, and monomers featuring acrylate(C=C(C=O)) in monomer1 and vinyl(C=C) in monomer2 groups.",C=CC(=O)OCCn1c(=O)n(CCOC(=O)C=C)c(=O)n(CCOC(=O)C=C)c1=O,C=C(C)C(=O)OCCOCCOCCOCCOCCOCCOCCOCCOCCOCCOCCOCCOCCOCCOCCOCCOCCOCCOCCOC(=O)C(=C)C
295,C=C(C)C(=O)OCCOCCOCCOCCOCCOCCOCCOCCOCCOCCOCCOCCOCCOCCOCCOCCOCCOCCOC(=O)C(=C)C,C=CCOCC(CO)(COCC=C)COCC=C,"Here's a valid monomer pair designed with the required functionalities:
Monomer 1 (C=C(C=O)): C=C(C)C(=O)OCCOCCOCCOCCOCCOCCOCCOCCOCCOCCOCCOCCOCCOCCOCCOCCOCCOCCOC(=O)C(=C)C
Monomer 2 (C=C): C=CCOCC(CO)(COCC=C)COCC=C",acrylate(C=C(C=O)),vinyl(C=C),0.5,100.0,100.0,"Create a thermoset polymer with Tg = 100Ã‚Â°C, Er = 100 MPa, and monomers featuring acrylate(C=C(C=O)) in monomer1 and vinyl(C=C) in monomer2 groups.",C=C(C)C(=O)OCCOCCOCCOCCOCCOCCOCCOCCOCCOCCOCCOCCOCCOCCOCCOCCOCCOCCOC(=O)C(=C)C,C=CCOCC(CO)(COCC=C)COCC=C
298,C=C(C)C(=O)OCCOCCOCCOCCOCCOCCOCCOCCOCCOCCOCCOCCOCCOCCOCCOCCOCCOCCOCCOC(=O)C(=C)C,C=C(C)C(=O)OCCOCCOCCOCCOCCOCCOCCOCCOCCOCCOCCOCCOCCOCCOCCOCCOCCOCCOCCOCCOC(=O)C(=C)C,"Here's a pair of monomers fulfilling the criteria of Tg = 50Ã‚Â°C, Er = 20Mpa, and containing C=C/C=C(C=O) groups:
Monomer 1: C=C(C)C(=O)OCCOCCOCCOCCOCCOCCOCCOCCOCCOCCOCCOCCOCCOCCOCCOCCOCCOCCOCCOC(=O)C(=C)C
Monomer 2: C=C(C)C(=O)OCCOCCOCCOCCOCCOCCOCCOCCOCCOCCOCCOCCOCCOCCOCCOCCOCCOCCOCCOCCOC(=O)C(=C)C",vinyl(C=C),hydroxyl(=O),0.5,50.0,20.0,"Create a thermoset polymer with Tg = 50Ã‚Â°C, Er = 20 MPa, and monomers featuring vinyl(C=C) in monomer1 and hydroxyl(=O) in monomer2 groups.",C=C(C)C(=O)OCCOCCOCCOCCOCCOCCOCCOCCOCCOCCOCCOCCOCCOCCOCCOCCOCCOCCOCCOC(=O)C(=C)C,C=C(C)C(=O)OCCOCCOCCOCCOCCOCCOCCOCCOCCOCCOCCOCCOCCOCCOCCOCCOCCOCCOCCOCCOC(=O)C(=C)C
299,C=CCn1c(=O)n(CC=C)c(=O)n(CC=C)c1=O,C=C(C)C(=O)OCCOCCOCCOCCOCCOCCOCCOCCOCCOCCOCCOCCOCCOCCOCCOCCOCCOCCOCCOCCOCCOCCOCCOCCOCCOCCOCCOCCOCCOCCOCCOCCOC(=O)C(=C)C,"Here's a valid monomer pair designed with the required functionalities:
Monomer 1 (rich in C=C): C=CCn1c(=O)n(CC=C)c(=O)n(CC=C)c1=O
Monomer 2 (rich in C=COCC=COCC=C): C=C(C)C(=O)OCCOCCOCCOCCOCCOCCOCCOCCOCCOCCOCCOCCOCCOCCOCCOCCOCCOCCOCCOCCOCCOCCOCCOCCOCCOCCOCCOCCOCCOCCOCCOCCOC(=O)C(=C)C",vinyl(C=C),hydroxyl(=O),0.5,50.0,20.0,"Create a thermoset polymer with Tg = 50Ã‚Â°C, Er = 20 MPa, and monomers featuring vinyl(C=C) in monomer1 and hydroxyl(=O) in monomer2 groups.",C=CCn1c(=O)n(CC=C)c(=O)n(CC=C)c1=O,C=C(C)C(=O)OCCOCCOCCOCCOCCOCCOCCOCCOCCOCCOCCOCCOCCOCCOCCOCCOCCOCCOCCOCCOCCOCCOCCOCCOCCOCCOCCOCCOCCOCCOCCOCCOC(=O)C(=C)C
300,C=C(C)C(=O)OCCOCCOCCOCCOCCOCCOCCOCCOCCOCCOCCOCCOCCOCCOCCOCCOCCOCCOCCOC(=O)C(=C)C,C=C(C)C(=O)OCCOCCOCCOCCOCCOCCOCCOCCOCCOCCOCCOCCOCCOCCOCCOCCOCCOCCOCCOC(=O)C(=C)C,"Here's a pair of monomers fulfilling the criteria of Tg = 50Ã‚Â°C, Er = 20Mpa, and containing C=C/CCO groups:
Monomer 1: C=C(C)C(=O)OCCOCCOCCOCCOCCOCCOCCOCCOCCOCCOCCOCCOCCOCCOCCOCCOCCOCCOCCOC(=O)C(=C)C
Monomer 2: C=C(C)C(=O)OCCOCCOCCOCCOCCOCCOCCOCCOCCOCCOCCOCCOCCOCCOCCOCCOCCOCCOCCOC(=O)C(=C)C",vinyl(C=C),hydroxyl(=O),0.5,50.0,20.0,"Create a thermoset polymer with Tg = 50Ã‚Â°C, Er = 20 MPa, and monomers featuring vinyl(C=C) in monomer1 and hydroxyl(=O) in monomer2 groups.",C=C(C)C(=O)OCCOCCOCCOCCOCCOCCOCCOCCOCCOCCOCCOCCOCCOCCOCCOCCOCCOCCOCCOC(=O)C(=C)C,C=C(C)C(=O)OCCOCCOCCOCCOCCOCCOCCOCCOCCOCCOCCOCCOCCOCCOCCOCCOCCOCCOCCOC(=O)C(=C)C
301,c3cc(N(CC1CO1)CC2CO2)ccc3Cc6ccc(N(CC4CO4)CC5CO5)cc6,CC(N)COCC(C)OCC(C)OCC(C)OCCOCCOCCOCCOCCOCCOCCOCCOCCOCCOCCOCC(C)OCC(C)OCC(C)N,"Here's a valid monomer pair designed with the required functionalities:
Monomer 1 (rich in C1OC1): c3cc(N(CC1CO1)CC2CO2)ccc3Cc6ccc(N(CC4CO4)CC5CO5)cc6
Monomer 2 (rich in NC): CC(N)COCC(C)OCC(C)OCC(C)OCCOCCOCCOCCOCCOCCOCCOCCOCCOCCOCCOCC(C)OCC(C)OCC(C)N",epoxy(C1OC1),imine(NC),0.7,100.0,40.0,"Suggest a TSMP system that satisfies Tg = 100Ã‚Â°C and Er = 40 MPa, incorporating epoxy(C1OC1) and imine(NC) functionalities.",c3cc(N(CC1CO1)CC2CO2)ccc3Cc6ccc(N(CC4CO4)CC5CO5)cc6,CC(N)COCC(C)OCC(C)OCC(C)OCCOCCOCCOCCOCCOCCOCCOCCOCCOCCOCCOCC(C)OCC(C)OCC(C)N
302,Cc3cc(c2cc(C)c(OCC1CO1)c(C)c2)cc(C)c3OCC4CO4,CC(N)COCC(C)OCC(C)OCC(C)OCCOCCOCCOCCOCCOCCOCCOCCOCCOCCOCCOCC(C)OCC(C)OCC(C)N,"Here's a valid monomer pair designed with the required functionalities:
Monomer 1 (rich in C1OC1): Cc3cc(c2cc(C)c(OCC1CO1)c(C)c2)cc(C)c3OCC4CO4
Monomer 2 (rich in NC): CC(N)COCC(C)OCC(C)OCC(C)OCCOCCOCCOCCOCCOCCOCCOCCOCCOCCOCCOCC(C)OCC(C)OCC(C)N",epoxy(C1OC1),imine(NC),0.7,100.0,40.0,"Suggest a TSMP system that satisfies Tg = 100Ã‚Â°C and Er = 40 MPa, incorporating epoxy(C1OC1) and imine(NC) functionalities.",Cc3cc(c2cc(C)c(OCC1CO1)c(C)c2)cc(C)c3OCC4CO4,CC(N)COCC(C)OCC(C)OCC(C)OCCOCCOCCOCCOCCOCCOCCOCCOCCOCCOCCOCC(C)OCC(C)OCC(C)N
306,C=C(C)C(=O)OCCOCCOCCOCCOCCOCCOCCOCCOCCOCCOCCOCCOCCOCCOCCOCCOCCOCCOCCOCCOCCOC(=O)C(=C)C,CCCC(=O)OCC(CC)(COC(=O)CCS)COC(=O)CCS,"Here's a valid monomer pair designed with the required functionalities:
Monomer 1 (C=C): C=C(C)C(=O)OCCOCCOCCOCCOCCOCCOCCOCCOCCOCCOCCOCCOCCOCCOCCOCCOCCOCCOCCOCCOCCOC(=O)C(=C)C
Monomer 2 (CCS): CCCC(=O)OCC(CC)(COC(=O)CCS)COC(=O)CCS",vinyl(C=C),thiol(CCS),0.7,150.0,30.0,"Suggest a TSMP system that satisfies Tg = 150Ã‚Â°C and Er = 30 MPa, incorporating vinyl(C=C) and thiol(CCS) functionalities.",C=C(C)C(=O)OCCOCCOCCOCCOCCOCCOCCOCCOCCOCCOCCOCCOCCOCCOCCOCCOCCOCCOCCOCCOCCOC(=O)C(=C)C,CCCC(=O)OCC(CC)(COC(=O)CCS)COC(=O)CCS
308,C=C(C)C(=O)OCCOCCOCCOCCOCCOCCOCCOCCOCCOCCOCCOCCOCCOCCOCCOCCOCCOCCOCCOC(=O)C(=C)C,C=C(CCS)OCC(COC(=O)CCS)(COC(=O)CCS)COC(=O)CCSC(=O)NCC1(C)CC(NC(=O)SCCC(=O)OCC(COC(=O)CCS)(COC(=O)CCS)COC(=O)CCS)CC(C)(C)C1,"For the target properties Tg Ã¢Â‰Âˆ 150Ã‚Â°C and Er Ã¢Â‰Âˆ 30Mpa, with functional groups C=C and CCS, try:
Monomer 1: C=C(C)C(=O)OCCOCCOCCOCCOCCOCCOCCOCCOCCOCCOCCOCCOCCOCCOCCOCCOCCOCCOCCOC(=O)C(=C)C
Monomer 2: C=C(CCS)OCC(COC(=O)CCS)(COC(=O)CCS)COC(=O)CCSC(=O)NCC1(C)CC(NC(=O)SCCC(=O)OCC(COC(=O)CCS)(COC(=O)CCS)COC(=O)CCS)CC(C)(C)C1",vinyl(C=C),thiol(CCS),0.7,150.0,30.0,"Suggest a TSMP system that satisfies Tg = 150Ã‚Â°C and Er = 30 MPa, incorporating vinyl(C=C) and thiol(CCS) functionalities.",C=C(C)C(=O)OCCOCCOCCOCCOCCOCCOCCOCCOCCOCCOCCOCCOCCOCCOCCOCCOCCOCCOCCOC(=O)C(=C)C,C=C(CCS)OCC(COC(=O)CCS)(COC(=O)CCS)COC(=O)CCSC(=O)NCC1(C)CC(NC(=O)SCCC(=O)OCC(COC(=O)CCS)(COC(=O)CCS)COC(=O)CCS)CC(C)(C)C1
312,C=C(C)C(=O)OCCOCCOCCOCCOCCOCCOCCOCCOCCOCCOCCOCCOCCOCCOCCOCCOCCOCCOCCOCCOCCOC(=O)C(=C)C,C=C(C)C(=O)OCCOCCOCCOCCOCCOCCOCCOCCOCCOCCOCCOCCOCCOCCOCCOCCOCCOCCOCCOCCOCCOCCOC(=O)C(=C)C,"Here's a valid monomer pair designed with the required functionalities:
Monomer 1 (rich in vinyl groups): C=C(C)C(=O)OCCOCCOCCOCCOCCOCCOCCOCCOCCOCCOCCOCCOCCOCCOCCOCCOCCOCCOCCOCCOCCOC(=O)C(=C)C
Monomer 2 (rich in C=C(C=O) groups): C=C(C)C(=O)OCCOCCOCCOCCOCCOCCOCCOCCOCCOCCOCCOCCOCCOCCOCCOCCOCCOCCOCCOCCOCCOCCOC(=O)C(=C)C",vinyl(C=C),vinyl(C=C),0.7,200.0,27.0,"Generate a TSMP with Tg = 200Ã‚Â°C and Er = 27 MPa, using functional groups vinyl(C=C) and vinyl(C=C).",C=C(C)C(=O)OCCOCCOCCOCCOCCOCCOCCOCCOCCOCCOCCOCCOCCOCCOCCOCCOCCOCCOCCOCCOCCOC(=O)C(=C)C,C=C(C)C(=O)OCCOCCOCCOCCOCCOCCOCCOCCOCCOCCOCCOCCOCCOCCOCCOCCOCCOCCOCCOCCOCCOCCOC(=O)C(=C)C
313,C=C(C)C(=O)OCCOCCOCCOCCOCCOCCOCCOCCOCCOCCOCCOCCOCCOCCOCCOCCOCCOCCOC(=O)C(=C)C,C=C(C)C(=O)OCCOCCOCCOCCOCCOCCOCCOCCOCCOCCOCCOCCOCCOCCOCCOCCOCCOCCOCCOCCOC(=O)C(=C)C,"Here's a pair of monomers fulfilling the criteria of Tg = 200Ã‚Â°C, Er = 27Mpa, and containing vinyl groups:
Monomer 1: C=C(C)C(=O)OCCOCCOCCOCCOCCOCCOCCOCCOCCOCCOCCOCCOCCOCCOCCOCCOCCOCCOC(=O)C(=C)C
Monomer 2: C=C(C)C(=O)OCCOCCOCCOCCOCCOCCOCCOCCOCCOCCOCCOCCOCCOCCOCCOCCOCCOCCOCCOCCOC(=O)C(=C)C",vinyl(C=C),vinyl(C=C),0.7,200.0,27.0,"Generate a TSMP with Tg = 200Ã‚Â°C and Er = 27 MPa, using functional groups vinyl(C=C) and vinyl(C=C).",C=C(C)C(=O)OCCOCCOCCOCCOCCOCCOCCOCCOCCOCCOCCOCCOCCOCCOCCOCCOCCOCCOC(=O)C(=C)C,C=C(C)C(=O)OCCOCCOCCOCCOCCOCCOCCOCCOCCOCCOCCOCCOCCOCCOCCOCCOCCOCCOCCOCCOC(=O)C(=C)C
314,C=C(C)C(=O)OCCOCCOCCOCCOCCOCCOCCOCCOCCOCCOCCOCCOCCOCCOCCOCCOCCOCCOCCOC(=O)C(=C)C,C=Cc1cccc(C=C)c1,"Here's a valid monomer pair designed with the required functionalities:
Monomer 1 (rich in vinyl(C=C) groups): C=C(C)C(=O)OCCOCCOCCOCCOCCOCCOCCOCCOCCOCCOCCOCCOCCOCCOCCOCCOCCOCCOCCOC(=O)C(=C)C
Monomer 2 (rich in C=C groups): C=Cc1cccc(C=C)c1",vinyl(C=C),vinyl(C=C),0.7,200.0,27.0,"Generate a TSMP with Tg = 200Ã‚Â°C and Er = 27 MPa, using functional groups vinyl(C=C) and vinyl(C=C).",C=C(C)C(=O)OCCOCCOCCOCCOCCOCCOCCOCCOCCOCCOCCOCCOCCOCCOCCOCCOCCOCCOCCOC(=O)C(=C)C,C=Cc1cccc(C=C)c1
315,C=C(C)C(=O)OCCOCCOCCOCCOCCOCCOCCOCCOCCOCCOCCOCCOCCOCCOCCOCCOCCOCCOCCOCCOCCOC(=O)C(=C)C,C=Cc1cccc(C=C)c1,"Here's a pair of monomers fulfilling the criteria of Tg = 200Ã‚Â°C, Er = 27Mpa, and containing vinyl groups:
Monomer 1: C=C(C)C(=O)OCCOCCOCCOCCOCCOCCOCCOCCOCCOCCOCCOCCOCCOCCOCCOCCOCCOCCOCCOCCOCCOC(=O)C(=C)C
Monomer 2: C=Cc1cccc(C=C)c1",vinyl(C=C),vinyl(C=C),0.7,200.0,27.0,"Generate a TSMP with Tg = 200Ã‚Â°C and Er = 27 MPa, using functional groups vinyl(C=C) and vinyl(C=C).",C=C(C)C(=O)OCCOCCOCCOCCOCCOCCOCCOCCOCCOCCOCCOCCOCCOCCOCCOCCOCCOCCOCCOCCOCCOC(=O)C(=C)C,C=Cc1cccc(C=C)c1
316,C=C(C)C(=O)OCCOCCOCCOCCOCCOCCOCCOCCOCCOCCOCCOCCOCCOCCOCCOCCOCCOCCOC(=O)C(=C)C,C=CCc1ccccc1OCC(O)COC(=O)Cc3ccc(C(=O)OCC(O)COc2ccccc2CC=C)cc3,"Here's a valid monomer pair designed with the required functionalities:
Monomer 1 (C=C(C=O)): C=C(C)C(=O)OCCOCCOCCOCCOCCOCCOCCOCCOCCOCCOCCOCCOCCOCCOCCOCCOCCOCCOC(=O)C(=C)C
Monomer 2 (C=C): C=CCc1ccccc1OCC(O)COC(=O)Cc3ccc(C(=O)OCC(O)COc2ccccc2CC=C)cc3",acrylate(C=C(C=O)),vinyl(C=C),0.7,100.0,100.0,"Create a thermoset polymer with Tg = 100Ã‚Â°C, Er = 100 MPa, and monomers featuring acrylate(C=C(C=O)) in monomer1 and vinyl(C=C) in monomer2 groups.",C=C(C)C(=O)OCCOCCOCCOCCOCCOCCOCCOCCOCCOCCOCCOCCOCCOCCOCCOCCOCCOCCOC(=O)C(=C)C,C=CCc1ccccc1OCC(O)COC(=O)Cc3ccc(C(=O)OCC(O)COc2ccccc2CC=C)cc3
318,C=C(C)C(=O)OCCOCCOCCOCCOCCOCCOCCOCCOCCOCCOCCOCCOCCOCCOCCOCCOCCOCCOCCOC(=O)C(=C)C,C=CCOCC(CO)(COCC=C)COCC=C,"Here's a valid monomer pair designed with the required functionalities:
Monomer 1 (C=C(C=O)): C=C(C)C(=O)OCCOCCOCCOCCOCCOCCOCCOCCOCCOCCOCCOCCOCCOCCOCCOCCOCCOCCOCCOC(=O)C(=C)C
Monomer 2 (C=C): C=CCOCC(CO)(COCC=C)COCC=C",acrylate(C=C(C=O)),vinyl(C=C),0.7,100.0,100.0,"Create a thermoset polymer with Tg = 100Ã‚Â°C, Er = 100 MPa, and monomers featuring acrylate(C=C(C=O)) in monomer1 and vinyl(C=C) in monomer2 groups.",C=C(C)C(=O)OCCOCCOCCOCCOCCOCCOCCOCCOCCOCCOCCOCCOCCOCCOCCOCCOCCOCCOCCOC(=O)C(=C)C,C=CCOCC(CO)(COCC=C)COCC=C
319,C=CCc4ccc(OCC1CO1)c(c2cc(CC=C)ccc2OCC3CO3)c4,C=C(C)C(=O)OCCOCCOCCOCCOCCOCCOCCOCCOCCOCCOCCOCCOCCOCCOCCOCCOCCOCCOCCOCCOCCOCCOCCOCCOCCOCCOCCOCCOCCOCCOCCOCCOCCOCCOCCOC(=O)C(=C)C,"Here's a pair of monomers fulfilling the criteria of Tg = 100Ã‚Â°C, Er = 100Mpa, and containing C1OC1/NC groups:
Monomer 1: C=CCc4ccc(OCC1CO1)c(c2cc(CC=C)ccc2OCC3CO3)c4
Monomer 2: C=C(C)C(=O)OCCOCCOCCOCCOCCOCCOCCOCCOCCOCCOCCOCCOCCOCCOCCOCCOCCOCCOCCOCCOCCOCCOCCOCCOCCOCCOCCOCCOCCOCCOCCOCCOCCOCCOCCOC(=O)C(=C)C",acrylate(C=C(C=O)),vinyl(C=C),0.7,100.0,100.0,"Create a thermoset polymer with Tg = 100Ã‚Â°C, Er = 100 MPa, and monomers featuring acrylate(C=C(C=O)) in monomer1 and vinyl(C=C) in monomer2 groups.",C=CCc4ccc(OCC1CO1)c(c2cc(CC=C)ccc2OCC3CO3)c4,C=C(C)C(=O)OCCOCCOCCOCCOCCOCCOCCOCCOCCOCCOCCOCCOCCOCCOCCOCCOCCOCCOCCOCCOCCOCCOCCOCCOCCOCCOCCOCCOCCOCCOCCOCCOCCOCCOCCOC(=O)C(=C)C
320,c3cc(N(CC1CO1)CC2CO2)ccc3OCC4CO4,C=C(C)C(=O)OCCOCCOCCOCCOCCOCCOCCOCCOCCOCCOCCOCCOCCOCCOCCOCCOCCOCCOCCOCCOCCOCCOCCOC(=O)C(=C)C,"This monomer pair includes more than two instances of each group as requested:
Monomer 1 (C1OC1 groups): c3cc(N(CC1CO1)CC2CO2)ccc3OCC4CO4
Monomer 2 (C=C(C=O) groups): C=C(C)C(=O)OCCOCCOCCOCCOCCOCCOCCOCCOCCOCCOCCOCCOCCOCCOCCOCCOCCOCCOCCOCCOCCOCCOCCOC(=O)C(=C)C",acrylate(C=C(C=O)),vinyl(C=C),0.7,100.0,100.0,"Create a thermoset polymer with Tg = 100Ã‚Â°C, Er = 100 MPa, and monomers featuring acrylate(C=C(C=O)) in monomer1 and vinyl(C=C) in monomer2 groups.",c3cc(N(CC1CO1)CC2CO2)ccc3OCC4CO4,C=C(C)C(=O)OCCOCCOCCOCCOCCOCCOCCOCCOCCOCCOCCOCCOCCOCCOCCOCCOCCOCCOCCOCCOCCOCCOCCOC(=O)C(=C)C
322,C=C(C)C(=O)OCCOCCOCCOCCOCCOCCOCCOCCOCCOCCOCCOCCOCCOCCOCCOCCOCCOCCOCCOCCOC(=O)C(=C)C,C=C(C)C(=O)OCCOCCOCCOCCOCCOCCOCCOCCOCCOCCOCCOCCOCCOCCOCCOCCOCCOCCOCCOCCOC(=O)C(=C)C,"Here's a valid monomer pair designed with the required functionalities:
Monomer 1 (rich in C=C): C=C(C)C(=O)OCCOCCOCCOCCOCCOCCOCCOCCOCCOCCOCCOCCOCCOCCOCCOCCOCCOCCOCCOCCOC(=O)C(=C)C
Monomer 2 (rich in C=C(C=O)): C=C(C)C(=O)OCCOCCOCCOCCOCCOCCOCCOCCOCCOCCOCCOCCOCCOCCOCCOCCOCCOCCOCCOCCOC(=O)C(=C)C",vinyl(C=C),hydroxyl(=O),0.7,50.0,20.0,"Generate a TSMP with Tg = 50Ã‚Â°C and Er = 20 MPa, using functional groups vinyl(C=C) and hydroxyl(=O).",C=C(C)C(=O)OCCOCCOCCOCCOCCOCCOCCOCCOCCOCCOCCOCCOCCOCCOCCOCCOCCOCCOCCOCCOC(=O)C(=C)C,C=C(C)C(=O)OCCOCCOCCOCCOCCOCCOCCOCCOCCOCCOCCOCCOCCOCCOCCOCCOCCOCCOCCOCCOC(=O)C(=C)C
326,c3cc(N(CC1CC1)CC2CO2)ccc3Cc6ccc(N(CC4CO4)CC5CO5)cc6,CC(CN)CCCN,"Here's a pair of monomers fulfilling the criteria of Tg = 100Ã‚Â°C, Er = 40Mpa, and containing C1OC1/NC groups:
Monomer 1: c3cc(N(CC1CC1)CC2CO2)ccc3Cc6ccc(N(CC4CO4)CC5CO5)cc6
Monomer 2: CC(CN)CCCN",epoxy(C1OC1),imine(NC),0.9,100.0,40.0,"Propose two monomers that form a TSMP with Tg around 100Ã‚Â°C, Er near 40 MPa, and containing epoxy(C1OC1) in monomer1 and imine(NC) in monomer2 groups.",c3cc(N(CC1CC1)CC2CO2)ccc3Cc6ccc(N(CC4CO4)CC5CO5)cc6,CC(CN)CCCN
336,C=C(C)C(=O)OCCOCCOCCOCCOCCOCCOCCOCCOCCOCCOCCOCCOCCOCCOCCOCCOCCOCCOCCOC(=O)C(=C)C,C=CCn1c(=O)n(CC=C)c(=O)n(CC=C)c1=O,"Here's a valid monomer pair designed with the required functionalities:
Monomer 1 (C=C): C=C(C)C(=O)OCCOCCOCCOCCOCCOCCOCCOCCOCCOCCOCCOCCOCCOCCOCCOCCOCCOCCOCCOC(=O)C(=C)C
Monomer 2 (C=C): C=CCn1c(=O)n(CC=C)c(=O)n(CC=C)c1=O",vinyl(C=C),vinyl(C=C),0.9,200.0,27.0,"Create a thermoset polymer with Tg = 200Ã‚Â°C, Er = 27 MPa, and monomers featuring vinyl(C=C) in monomer1 and vinyl(C=C) in monomer2 groups.",C=C(C)C(=O)OCCOCCOCCOCCOCCOCCOCCOCCOCCOCCOCCOCCOCCOCCOCCOCCOCCOCCOCCOC(=O)C(=C)C,C=CCn1c(=O)n(CC=C)c(=O)n(CC=C)c1=O
338,C=C(C)C(=O)OCCOCCOCCOCCOCCOCCOCCOCCOCCOCCOCCOCCOCCOCCOCCOCCOCCOCCOCCOCCOCCOC(=O)C(=C)C,C=CCc1ccccc1OCC(O)COC(=O)Cc3ccc(C(=O)OCC(O)COc2ccccc2CC=C)cc3,"Here's a pair of monomers fulfilling the criteria of Tg = 200Ã‚Â°C, Er = 27Mpa, and containing C=C/C=C(C=O) groups:
Monomer 1: C=C(C)C(=O)OCCOCCOCCOCCOCCOCCOCCOCCOCCOCCOCCOCCOCCOCCOCCOCCOCCOCCOCCOCCOCCOC(=O)C(=C)C
Monomer 2: C=CCc1ccccc1OCC(O)COC(=O)Cc3ccc(C(=O)OCC(O)COc2ccccc2CC=C)cc3",vinyl(C=C),vinyl(C=C),0.9,200.0,27.0,"Create a thermoset polymer with Tg = 200Ã‚Â°C, Er = 27 MPa, and monomers featuring vinyl(C=C) in monomer1 and vinyl(C=C) in monomer2 groups.",C=C(C)C(=O)OCCOCCOCCOCCOCCOCCOCCOCCOCCOCCOCCOCCOCCOCCOCCOCCOCCOCCOCCOCCOCCOC(=O)C(=C)C,C=CCc1ccccc1OCC(O)COC(=O)Cc3ccc(C(=O)OCC(O)COc2ccccc2CC=C)cc3
339,C=C(C)C(=O)OCCOCCOCCOC(=O)C(=C)C,C=CCOCC(CO)(COCC=C)COCC=C,"Here's a pair of monomers fulfilling the criteria of Tg = 200Ã‚Â°C, Er = 27Mpa, and containing C=C/C=C(C=O) groups:
Monomer 1: C=C(C)C(=O)OCCOCCOCCOC(=O)C(=C)C
Monomer 2: C=CCOCC(CO)(COCC=C)COCC=C",vinyl(C=C),vinyl(C=C),0.9,200.0,27.0,"Create a thermoset polymer with Tg = 200Ã‚Â°C, Er = 27 MPa, and monomers featuring vinyl(C=C) in monomer1 and vinyl(C=C) in monomer2 groups.",C=C(C)C(=O)OCCOCCOCCOC(=O)C(=C)C,C=CCOCC(CO)(COCC=C)COCC=C
342,C=C(C)C(=O)OCCOCCOCCOC(=O)C(=C)C,C=CCOCC(CO)(COCC=C)COCC=C,"Here's a valid monomer pair designed with the required functionalities:
Monomer 1 (C=C(C=O)): C=C(C)C(=O)OCCOCCOCCOC(=O)C(=C)C
Monomer 2 (C=C): C=CCOCC(CO)(COCC=C)COCC=C",acrylate(C=C(C=O)),vinyl(C=C),0.9,100.0,100.0,"Create a thermoset polymer with Tg = 100Ã‚Â°C, Er = 100 MPa, and monomers featuring acrylate(C=C(C=O)) in monomer1 and vinyl(C=C) in monomer2 groups.",C=C(C)C(=O)OCCOCCOCCOC(=O)C(=C)C,C=CCOCC(CO)(COCC=C)COCC=C
343,C=CCOCC(COCC=C)(COCC=C)COC(=O)NCC1(C)CC(NC(=O)OCC(COCC=C)(COCC=C)COCC=C)CC(C)(C)C1,C=CCc1ccccc1OCC(O)COC(=O)Cc3ccc(C(=O)OCC(O)COc2ccccc2CC=C)cc3,"Here's a pair of monomers fulfilling the criteria of Tg = 100Ã‚Â°C, Er = 100Mpa, and containing C=C(C=O)/C=C groups:
Monomer 1: C=CCOCC(COCC=C)(COCC=C)COC(=O)NCC1(C)CC(NC(=O)OCC(COCC=C)(COCC=C)COCC=C)CC(C)(C)C1
Monomer 2: C=CCc1ccccc1OCC(O)COC(=O)Cc3ccc(C(=O)OCC(O)COc2ccccc2CC=C)cc3",acrylate(C=C(C=O)),vinyl(C=C),0.9,100.0,100.0,"Create a thermoset polymer with Tg = 100Ã‚Â°C, Er = 100 MPa, and monomers featuring acrylate(C=C(C=O)) in monomer1 and vinyl(C=C) in monomer2 groups.",C=CCOCC(COCC=C)(COCC=C)COC(=O)NCC1(C)CC(NC(=O)OCC(COCC=C)(COCC=C)COCC=C)CC(C)(C)C1,C=CCc1ccccc1OCC(O)COC(=O)Cc3ccc(C(=O)OCC(O)COc2ccccc2CC=C)cc3
347,C=C(C)C(=O)OCCOCCOCCOCCOCCOCCOCCOCCOCCOCCOCCOCCOCCOCCOCCOCCOCCOCCOCCOCCOCCOC(=O)C(=C)C,C=C(C)C(=O)OCCOCCOCCOCCOCCOCCOCCOCCOCCOCCOCCOCCOC(=O)C(=C)C,"For the target properties Tg Ã¢Â‰Âˆ 50Ã‚Â°C and Er Ã¢Â‰Âˆ 20Mpa, with functional groups C=C and C=C(O)OCCOCCOCCC=C, try:
Monomer 1: C=C(C)C(=O)OCCOCCOCCOCCOCCOCCOCCOCCOCCOCCOCCOCCOCCOCCOCCOCCOCCOCCOCCOCCOCCOC(=O)C(=C)C
Monomer 2: C=C(C)C(=O)OCCOCCOCCOCCOCCOCCOCCOCCOCCOCCOCCOCCOC(=O)C(=C)C",vinyl(C=C),hydroxyl(=O),0.9,50.0,20.0,Design a shape memory polymer with Tg Ã¢Â‰Âˆ 50Ã‚Â°C and Er Ã¢Â‰Âˆ 20 MPa that includes vinyl(C=C) and hydroxyl(=O) groups.,C=C(C)C(=O)OCCOCCOCCOCCOCCOCCOCCOCCOCCOCCOCCOCCOCCOCCOCCOCCOCCOCCOCCOCCOCCOC(=O)C(=C)C,C=C(C)C(=O)OCCOCCOCCOCCOCCOCCOCCOCCOCCOCCOCCOCCOC(=O)C(=C)C
349,C=CCn1c(=O)n(CC=C)c(=O)n(CC=C)c1=O,C=C(C)C(=O)OCCOCCOCCOCCOCCOCCOCCOCCOCCOCCOCCOCCOCCOCCOCCOCCOCCOCCOCCOCCOCCOC(=O)C(=C)C,"Here's a valid monomer pair designed with the required functionalities:
Monomer 1 (C=C): C=CCn1c(=O)n(CC=C)c(=O)n(CC=C)c1=O
Monomer 2 (C=C(C=O)): C=C(C)C(=O)OCCOCCOCCOCCOCCOCCOCCOCCOCCOCCOCCOCCOCCOCCOCCOCCOCCOCCOCCOCCOCCOC(=O)C(=C)C",vinyl(C=C),hydroxyl(=O),0.9,50.0,20.0,Design a shape memory polymer with Tg Ã¢Â‰Âˆ 50Ã‚Â°C and Er Ã¢Â‰Âˆ 20 MPa that includes vinyl(C=C) and hydroxyl(=O) groups.,C=CCn1c(=O)n(CC=C)c(=O)n(CC=C)c1=O,C=C(C)C(=O)OCCOCCOCCOCCOCCOCCOCCOCCOCCOCCOCCOCCOCCOCCOCCOCCOCCOCCOCCOCCOCCOC(=O)C(=C)C
352,CC(C)(c2ccc(OCCOCCOCCOC1CO1)cc2)c4ccc(OCCOCCOCCOC3CO3)cc4,NCCCOCCOCCCN,"Here's a valid monomer pair designed with the required functionalities:
Monomer 1 (C1OC1): CC(C)(c2ccc(OCCOCCOCCOC1CO1)cc2)c4ccc(OCCOCCOCCOC3CO3)cc4
Monomer 2 (NC): NCCCOCCOCCCN",epoxy(C1OC1),imine(NC),1.0,100.0,40.0,"Propose two monomers that form a TSMP with Tg around 100Ã‚Â°C, Er near 40 MPa, and containing epoxy(C1OC1) in monomer1 and imine(NC) in monomer2 groups.",CC(C)(c2ccc(OCCOCCOCCOC1CO1)cc2)c4ccc(OCCOCCOCCOC3CO3)cc4,NCCCOCCOCCCN
360,C=C(C)C(=O)OCCOCCOCCOCCOCCOCCOCCOCCOCCOCCOCCOC(=O)C(=C)C,C=C(CCS)OCCn1c(=O)n(CCOC(=O)CCS)c(=O)n(CCOC(=O)CCS)c1=O,"Here's a pair of monomers fulfilling the criteria of Tg = 150Ã‚Â°C, Er = 30Mpa, and containing C=C/CCS groups:
Monomer 1: C=C(C)C(=O)OCCOCCOCCOCCOCCOCCOCCOCCOCCOCCOCCOC(=O)C(=C)C
Monomer 2: C=C(CCS)OCCn1c(=O)n(CCOC(=O)CCS)c(=O)n(CCOC(=O)CCS)c1=O",vinyl(C=C),thiol(CCS),1.0,150.0,30.0,Design a shape memory polymer with Tg Ã¢Â‰Âˆ 150Ã‚Â°C and Er Ã¢Â‰Âˆ 30 MPa that includes vinyl(C=C) and thiol(CCS) groups.,C=C(C)C(=O)OCCOCCOCCOCCOCCOCCOCCOCCOCCOCCOCCOC(=O)C(=C)C,C=C(CCS)OCCn1c(=O)n(CCOC(=O)CCS)c(=O)n(CCOC(=O)CCS)c1=O
361,C=CCc4ccc(OCC1CO1)c(c2cc(CC=C)ccc2OCC3CO3)c4,C=Cc1cccc(C=C)c1,"Here's a valid monomer pair designed with the required functionalities:
Monomer 1 (rich in C=C): C=CCc4ccc(OCC1CO1)c(c2cc(CC=C)ccc2OCC3CO3)c4
Monomer 2 (rich in C=C): C=Cc1cccc(C=C)c1",vinyl(C=C),vinyl(C=C),1.0,200.0,27.0,"Create a thermoset polymer with Tg = 200Ã‚Â°C, Er = 27 MPa, and monomers featuring vinyl(C=C) in monomer1 and vinyl(C=C) in monomer2 groups.",C=CCc4ccc(OCC1CO1)c(c2cc(CC=C)ccc2OCC3CO3)c4,C=Cc1cccc(C=C)c1
363,CC(C)(c2ccc(OCCOCC1CO1)cc2)c4ccc(OCCOCC3CO3)cc4,C=C(C)C(=O)OCCOCCOCCOCCOCCOCCOCCOCCOCCOCCOCCOCCOCCOCCOCCOCCOCCOCCOCCOCCOCCOCCOCCOCCOCCOCCOC(=O)C(=C)C,"For the target properties Tg Ã¢Â‰Âˆ 200Ã‚Â°C and Er Ã¢Â‰Âˆ 27Mpa, with functional groups C=C and C=C(C=O), try:
Monomer 1: CC(C)(c2ccc(OCCOCC1CO1)cc2)c4ccc(OCCOCC3CO3)cc4
Monomer 2: C=C(C)C(=O)OCCOCCOCCOCCOCCOCCOCCOCCOCCOCCOCCOCCOCCOCCOCCOCCOCCOCCOCCOCCOCCOCCOCCOCCOCCOCCOC(=O)C(=C)C",vinyl(C=C),vinyl(C=C),1.0,200.0,27.0,"Create a thermoset polymer with Tg = 200Ã‚Â°C, Er = 27 MPa, and monomers featuring vinyl(C=C) in monomer1 and vinyl(C=C) in monomer2 groups.",CC(C)(c2ccc(OCCOCC1CO1)cc2)c4ccc(OCCOCC3CO3)cc4,C=C(C)C(=O)OCCOCCOCCOCCOCCOCCOCCOCCOCCOCCOCCOCCOCCOCCOCCOCCOCCOCCOCCOCCOCCOCCOCCOCCOCCOCCOC(=O)C(=C)C
364,C=CCOCC(COC(=O)CCS)(COC(=O)CCS)COC(=O)CCSC(=O)NCC1(C)CCNCC12(C)CCN,C=C(C)C(=O)OCCOCCOCCOCCOCCOCCOCCOCCOCCOCCOCCOCCOCCOCCOCCOCCOCCOCCOCCOCCOCCOCCOCCOCCOC(=O)C(=C)C,"This monomer pair includes more than two instances of each group as requested:
Monomer 1 (C=C(C)C(=C)OCOCCOC(=O)C(=C)C): C=CCOCC(COC(=O)CCS)(COC(=O)CCS)COC(=O)CCSC(=O)NCC1(C)CCNCC12(C)CCN
Monomer 2 (C=C): C=C(C)C(=O)OCCOCCOCCOCCOCCOCCOCCOCCOCCOCCOCCOCCOCCOCCOCCOCCOCCOCCOCCOCCOCCOCCOCCOCCOC(=O)C(=C)C",vinyl(C=C),vinyl(C=C),1.0,200.0,27.0,"Create a thermoset polymer with Tg = 200Ã‚Â°C, Er = 27 MPa, and monomers featuring vinyl(C=C) in monomer1 and vinyl(C=C) in monomer2 groups.",CCCOCC(COC(O)CCS)(COC(O)CCS)COC(O)CCSC(O)NCC(C)CCNCC(C)CCN,C=C(C)C(=O)OCCOCCOCCOCCOCCOCCOCCOCCOCCOCCOCCOCCOCCOCCOCCOCCOCCOCCOCCOCCOCCOCCOCCOCCOC(=O)C(=C)C
366,C=C(C)C(=O)OCCOCCOCCOCCOCCOCCOCCOCCOCCOCCOC(=O)C(=C)C,C=Cc1cccc(C=C)c1,"Here's a valid monomer pair designed with the required functionalities:
Monomer 1 (C=C(C=O) groups): C=C(C)C(=O)OCCOCCOCCOCCOCCOCCOCCOCCOCCOCCOC(=O)C(=C)C
Monomer 2 (C=C groups): C=Cc1cccc(C=C)c1",acrylate(C=C(C=O)),vinyl(C=C),1.0,100.0,100.0,"Propose two monomers that form a TSMP with Tg around 100Ã‚Â°C, Er near 100 MPa, and containing acrylate(C=C(C=O)) in monomer1 and vinyl(C=C) in monomer2 groups.",C=C(C)C(=O)OCCOCCOCCOCCOCCOCCOCCOCCOCCOCCOC(=O)C(=C)C,C=Cc1cccc(C=C)c1
367,CC(C)(c2ccc(OC1CO1)cc2)c4ccc(OC3CO3)cc4,C=C(C)C(=O)OCCOCCOCCOCCOCCOCCOCCOCCOCCOCCOCCOCCOCCOCCOCCOCCOCCOCCOCCOCCOCCOC(=O)C(=C)C,"The following monomers feature your desired molecular properties (Tg Ã¢Â‰Âˆ 100Ã‚Â°C, Er Ã¢Â‰Âˆ 100Mpa) and include the specified reactive groups:
Monomer 1 (C1OC1): CC(C)(c2ccc(OC1CO1)cc2)c4ccc(OC3CO3)cc4
Monomer 2 (C=C(C=O)): C=C(C)C(=O)OCCOCCOCCOCCOCCOCCOCCOCCOCCOCCOCCOCCOCCOCCOCCOCCOCCOCCOCCOCCOCCOC(=O)C(=C)C",acrylate(C=C(C=O)),vinyl(C=C),1.0,100.0,100.0,"Propose two monomers that form a TSMP with Tg around 100Ã‚Â°C, Er near 100 MPa, and containing acrylate(C=C(C=O)) in monomer1 and vinyl(C=C) in monomer2 groups.",CC(C)(c2ccc(OC1CO1)cc2)c4ccc(OC3CO3)cc4,C=C(C)C(=O)OCCOCCOCCOCCOCCOCCOCCOCCOCCOCCOCCOCCOCCOCCOCCOCCOCCOCCOCCOCCOCCOC(=O)C(=C)C
370,CC(C)(C4CCC(OCC(O)COC3CCC(C(C)(C)C2CCC(OCC1CO1)CC2)CC3)CC4)C6CCC(OCC5CO5)CC6,C=C(C)C(=O)OCCOCCOCCOCCOCCOCCOCCOCCOCCOCCOCCOCCOCCOCCOCCOCCOCCOCCOCCOCCOCCOCCOCCOCCOC(=O)C(=C)C,"Here's a valid monomer pair designed with the required functionalities:
Monomer 1 (C1OC1): CC(C)(C4CCC(OCC(O)COC3CCC(C(C)(C)C2CCC(OCC1CO1)CC2)CC3)CC4)C6CCC(OCC5CO5)CC6
Monomer 2 (C=C(C=O)): C=C(C)C(=O)OCCOCCOCCOCCOCCOCCOCCOCCOCCOCCOCCOCCOCCOCCOCCOCCOCCOCCOCCOCCOCCOCCOCCOCCOC(=O)C(=C)C",acrylate(C=C(C=O)),vinyl(C=C),1.0,100.0,100.0,"Propose two monomers that form a TSMP with Tg around 100Ã‚Â°C, Er near 100 MPa, and containing acrylate(C=C(C=O)) in monomer1 and vinyl(C=C) in monomer2 groups.",CC(C)(C4CCC(OCC(O)COC3CCC(C(C)(C)C2CCC(OCC1CO1)CC2)CC3)CC4)C6CCC(OCC5CO5)CC6,C=C(C)C(=O)OCCOCCOCCOCCOCCOCCOCCOCCOCCOCCOCCOCCOCCOCCOCCOCCOCCOCCOCCOCCOCCOCCOCCOCCOC(=O)C(=C)C
371,C=CCc1ccccc1OCC(O)COC(=O)Cc3ccc(C(=O)OCC(O)COc2ccccc2CC=C)cc3,C=C(C)C(=O)OCCOCCOCCOCCOCCOCCOCCOCCOCCOCCOCCOCCOCCOCCOCCOCCOCCOCCOCCOCCOCCOC(=O)C(=C)C,"Here's a valid monomer pair designed with the required functionalities:
Monomer 1 (rich in C=C): C=CCc1ccccc1OCC(O)COC(=O)Cc3ccc(C(=O)OCC(O)COc2ccccc2CC=C)cc3
Monomer 2 (rich in C=C(C=O)): C=C(C)C(=O)OCCOCCOCCOCCOCCOCCOCCOCCOCCOCCOCCOCCOCCOCCOCCOCCOCCOCCOCCOCCOCCOC(=O)C(=C)C",vinyl(C=C),hydroxyl(=O),1.0,50.0,20.0,"Suggest a TSMP system that satisfies Tg = 50Ã‚Â°C and Er = 20 MPa, incorporating vinyl(C=C) and hydroxyl(=O) functionalities.",C=CCc1ccccc1OCC(O)COC(=O)Cc3ccc(C(=O)OCC(O)COc2ccccc2CC=C)cc3,C=C(C)C(=O)OCCOCCOCCOCCOCCOCCOCCOCCOCCOCCOCCOCCOCCOCCOCCOCCOCCOCCOCCOCCOCCOC(=O)C(=C)C
374,C=CC(=O)OCCn1c(=O)n(CCOC(=O)C=C)c(=O)n(CCOC(=O)C=C)c1=O,C=C(C)C(=O)OCCOCCOCCOCCOCCOCCOCCOCCOCCOCCOC(=O)C(=C)C,"For the target properties Tg Ã¢Â‰Âˆ 50Ã‚Â°C and Er Ã¢Â‰Âˆ 20Mpa, with functional groups C=C and C=C(C=O), try:
Monomer 1: C=CC(=O)OCCn1c(=O)n(CCOC(=O)C=C)c(=O)n(CCOC(=O)C=C)c1=O
Monomer 2: C=C(C)C(=O)OCCOCCOCCOCCOCCOCCOCCOCCOCCOCCOC(=O)C(=C)C",vinyl(C=C),hydroxyl(=O),1.0,50.0,20.0,"Suggest a TSMP system that satisfies Tg = 50Ã‚Â°C and Er = 20 MPa, incorporating vinyl(C=C) and hydroxyl(=O) functionalities.",C=CC(=O)OCCn1c(=O)n(CCOC(=O)C=C)c(=O)n(CCOC(=O)C=C)c1=O,C=C(C)C(=O)OCCOCCOCCOCCOCCOCCOCCOCCOCCOCCOC(=O)C(=C)C
375,C=CCOCC(CO)(COCC=C)COCC=C,C=CCOC(CC)(CO)COc4ccc(C(C)(C)c3ccc(OCC(C)OCC2CO2)cc3)cc4,"Here's a valid monomer pair designed with the required functionalities:
Monomer 1 (C=C): C=CCOCC(CO)(COCC=C)COCC=C
Monomer 2 (C=C(C=O)): C=CCOC(CC)(CO)COc4ccc(C(C)(C)c3ccc(OCC(C)OCC2CO2)cc3)cc4",vinyl(C=C),hydroxyl(=O),1.0,50.0,20.0,"Suggest a TSMP system that satisfies Tg = 50Ã‚Â°C and Er = 20 MPa, incorporating vinyl(C=C) and hydroxyl(=O) functionalities.",C=CCOCC(CO)(COCC=C)COCC=C,C=CCOC(CC)(CO)COc4ccc(C(C)(C)c3ccc(OCC(C)OCC2CO2)cc3)cc4
