SL,Monomer 1,Monomer 2,Output_text,Group1,Group2,Temperature,Tg,Er,Prompt,Fixed Monomer 1,Fixed Monomer 2
1,CC(C)(c2ccc(OCCOCCOCCOC1CO1)cc2)c4ccc(OCCOCCOCCC3CO3)cc4,CC(N)COCC(C)COCC(C)COCC(C)COCC(C)COCC(C)COCC(C)N,"Here's a TSMP that includes the requested functional groups:
Monomer 1 (contains C1OC1): CC(C)(c2ccc(OCCOCCOCCOC1CO1)cc2)c4ccc(OCCOCCOCCC3CO3)cc4
Monomer 2 (contains NC): CC(N)COCC(C)COCC(C)COCC(C)COCC(C)COCC(C)COCC(C)N",epoxy(C1OC1),imine(NC),0.3,N/A,N/A,"Generate two monomers for a TSMP, ensuring one includes epoxy(C1OC1) in monomer1 and the other includes imine(NC) in monomer2.",CC(C)(c2ccc(OCCOCCOCCOC1CO1)cc2)c4ccc(OCCOCCOCCC3CO3)cc4,CC(N)COCC(C)COCC(C)COCC(C)COCC(C)COCC(C)COCC(C)N
2,CC(C)(c2ccc(OCCOCCOCCOC1CO1)cc2)c4ccc(OCCOCCOCCC3CO3)cc4,CC(N)COCC(C)OCC(C)OCC(C)OCCOCCOCCOCCOCCOCCOCCOCCOCCOCCOCCOCCOCC(C)OCC(C)OCC(C)N,"Here's a pair of monomers containing C1OC1 and NC groups, ideal for TSMP design:
Monomer 1: CC(C)(c2ccc(OCCOCCOCCOC1CO1)cc2)c4ccc(OCCOCCOCCC3CO3)cc4
Monomer 2: CC(N)COCC(C)OCC(C)OCC(C)OCCOCCOCCOCCOCCOCCOCCOCCOCCOCCOCCOCCOCC(C)OCC(C)OCC(C)N",epoxy(C1OC1),imine(NC),0.3,N/A,N/A,"Generate two monomers for a TSMP, ensuring one includes epoxy(C1OC1) in monomer1 and the other includes imine(NC) in monomer2.",CC(C)(c2ccc(OCCOCCOCCOC1CO1)cc2)c4ccc(OCCOCCOCCC3CO3)cc4,CC(N)COCC(C)OCC(C)OCC(C)OCCOCCOCCOCCOCCOCCOCCOCCOCCOCCOCCOCCOCC(C)OCC(C)OCC(C)N
3,c3cc(N(CC1CO1)CC2CO2)ccc3Cc6ccc(N(CC4CO4)CC5CO5)cc6,CC(N)COCC(C)OCC(C)OCC(C)N,"Here's a pair of monomers containing C1OC1 and NC groups, ideal for TSMP design:
Monomer 1: c3cc(N(CC1CO1)CC2CO2)ccc3Cc6ccc(N(CC4CO4)CC5CO5)cc6
Monomer 2: CC(N)COCC(C)OCC(C)OCC(C)N",epoxy(C1OC1),imine(NC),0.3,N/A,N/A,"Generate two monomers for a TSMP, ensuring one includes epoxy(C1OC1) in monomer1 and the other includes imine(NC) in monomer2.",c3cc(N(CC1CO1)CC2CO2)ccc3Cc6ccc(N(CC4CO4)CC5CO5)cc6,CC(N)COCC(C)OCC(C)OCC(C)N
4,CC(C)(c2ccc(OCCOCCOCCOC1CO1)cc2)c4ccc(OCCOCCOCCC3CO3)cc4,CC(N)COCC(C)OCC(C)OCC(C)OCC(C)OCC(C)OCC(C)N,"Here's a pair of monomers containing C1OC1 and NC groups, ideal for TSMP design:
Monomer 1: CC(C)(c2ccc(OCCOCCOCCOC1CO1)cc2)c4ccc(OCCOCCOCCC3CO3)cc4
Monomer 2: CC(N)COCC(C)OCC(C)OCC(C)OCC(C)OCC(C)OCC(C)N",epoxy(C1OC1),imine(NC),0.3,N/A,N/A,"Generate two monomers for a TSMP, ensuring one includes epoxy(C1OC1) in monomer1 and the other includes imine(NC) in monomer2.",CC(C)(c2ccc(OCCOCCOCCOC1CO1)cc2)c4ccc(OCCOCCOCCC3CO3)cc4,CC(N)COCC(C)OCC(C)OCC(C)OCC(C)OCC(C)OCC(C)N
5,CC(C)(c2ccc(OCCOCCOCCOCC1CO1)cc2)c4ccc(OCCOCCOCCOCC3CO3)cc4,CC(N)COCC(C)OCC(C)OCC(C)OCC(C)OCC(C)OCC(C)OCCOCCOCCOCCOCCOCCOCCOCCOCCOCCOCCOCCOCCOCCOCCOCCOCCOCCOCCOCCOCCOCCOCCOCCOCCOCCOCCOCCOCC(C)OCC(C)OCC(C)OCC(C)OCC(C)N,"Here's a TSMP that includes the requested functional groups:
Monomer 1 (contains C1OC1): CC(C)(c2ccc(OCCOCCOCCOCC1CO1)cc2)c4ccc(OCCOCCOCCOCC3CO3)cc4
Monomer 2 (contains NC): CC(N)COCC(C)OCC(C)OCC(C)OCC(C)OCC(C)OCC(C)OCCOCCOCCOCCOCCOCCOCCOCCOCCOCCOCCOCCOCCOCCOCCOCCOCCOCCOCCOCCOCCOCCOCCOCCOCCOCCOCCOCCOCC(C)OCC(C)OCC(C)OCC(C)OCC(C)N",epoxy(C1OC1),imine(NC),0.3,N/A,N/A,"Generate two monomers for a TSMP, ensuring one includes epoxy(C1OC1) in monomer1 and the other includes imine(NC) in monomer2.",CC(C)(c2ccc(OCCOCCOCCOCC1CO1)cc2)c4ccc(OCCOCCOCCOCC3CO3)cc4,CC(N)COCC(C)OCC(C)OCC(C)OCC(C)OCC(C)OCC(C)OCCOCCOCCOCCOCCOCCOCCOCCOCCOCCOCCOCCOCCOCCOCCOCCOCCOCCOCCOCCOCCOCCOCCOCCOCCOCCOCCOCCOCC(C)OCC(C)OCC(C)OCC(C)OCC(C)N
6,C=C(C)C(=O)OCCOCCOCCOCCOCCOCCOCCOCCOCCOCCOCCOCCOCCOCCOCCOCCOCCOCCOCCOCCOC(=O)C(=C)C, C=C(CCS)OCC(COC(=O)CCS)(COC(=O)CCS)COC(=O)CCSC(=O)NCC1(C)CC(NC(=O)SCCC(=O)OCC(COC(=O)CCS)(COC(=O)CCS)COC(=O)CCS)CC(C)(C)C1,"Here is a group-compliant monomer pair:
Monomer 1 includes C=C groups: C=C(C)C(=O)OCCOCCOCCOCCOCCOCCOCCOCCOCCOCCOCCOCCOCCOCCOCCOCCOCCOCCOCCOCCOC(=O)C(=C)C
Monomer 2 includes CCS groups: C=C(CCS)OCC(COC(=O)CCS)(COC(=O)CCS)COC(=O)CCSC(=O)NCC1(C)CC(NC(=O)SCCC(=O)OCC(COC(=O)CCS)(COC(=O)CCS)COC(=O)CCS)CC(C)(C)C1",vinyl(C=C),thiol(CCS),0.3,N/A,N/A,Design a thermoset shape memory polymer using monomers that include vinyl(C=C) in monomer1 and thiol(CCS) in monomer2.,C=C(C)C(=O)OCCOCCOCCOCCOCCOCCOCCOCCOCCOCCOCCOCCOCCOCCOCCOCCOCCOCCOCCOCCOC(=O)C(=C)C,C=C(CCS)OCC(COC(=O)CCS)(COC(=O)CCS)COC(=O)CCSC(=O)NCC1(C)CC(NC(=O)SCCC(=O)OCC(COC(=O)CCS)(COC(=O)CCS)COC(=O)CCS)CC(C)(C)C1
7,C=C(C)C(=O)OCCOCCOCCOCCOCCOCCOCCOCCOCCOCCOCCOCCOCCOCCOCCOCCOCCOCCOCCOCCOC(=O)C(=C)C,C=C(CCS)OCC(COC(=O)CCS)(COC(=O)CCS)COC(=O)CCSC(=O)NCC1(C)CC(NC(=O)SCCC(=O)OCC(COC(=O)CCS)(COC(=O)CCS)COC(=O)CCS)CC(C)(C)C1,"Here is a group-compliant monomer pair:
Monomer 1 includes C=C groups: C=C(C)C(=O)OCCOCCOCCOCCOCCOCCOCCOCCOCCOCCOCCOCCOCCOCCOCCOCCOCCOCCOCCOCCOC(=O)C(=C)C
Monomer 2 includes CCS groups: C=C(CCS)OCC(COC(=O)CCS)(COC(=O)CCS)COC(=O)CCSC(=O)NCC1(C)CC(NC(=O)SCCC(=O)OCC(COC(=O)CCS)(COC(=O)CCS)COC(=O)CCS)CC(C)(C)C1",vinyl(C=C),thiol(CCS),0.3,N/A,N/A,Design a thermoset shape memory polymer using monomers that include vinyl(C=C) in monomer1 and thiol(CCS) in monomer2.,C=C(C)C(=O)OCCOCCOCCOCCOCCOCCOCCOCCOCCOCCOCCOCCOCCOCCOCCOCCOCCOCCOCCOCCOC(=O)C(=C)C,C=C(CCS)OCC(COC(=O)CCS)(COC(=O)CCS)COC(=O)CCSC(=O)NCC1(C)CC(NC(=O)SCCC(=O)OCC(COC(=O)CCS)(COC(=O)CCS)COC(=O)CCS)CC(C)(C)C1
8,C=C(C)C(=O)OCCOCCOCCOCCOCCOCCOCCOCCOCCOCCOCCOCCOCCOCCOCCOCCOCCOC(=O)C(=C)C,C=C(CCS)OCC(COC(=O)CCS)(COC(=O)CCS)COC(=O)CCSC(=O)NCC1(C)CC(NC(=O)SCCC(=O)OCC(COC(=O)CCS)(COC(=O)CCS)COC(=O)CCS)CC(C)(C)C1,"Here's a TSMP that includes the requested functional groups:
Monomer 1 (contains C=C): C=C(C)C(=O)OCCOCCOCCOCCOCCOCCOCCOCCOCCOCCOCCOCCOCCOCCOCCOCCOCCOC(=O)C(=C)C
Monomer 2 (contains CCS): C=C(CCS)OCC(COC(=O)CCS)(COC(=O)CCS)COC(=O)CCSC(=O)NCC1(C)CC(NC(=O)SCCC(=O)OCC(COC(=O)CCS)(COC(=O)CCS)COC(=O)CCS)CC(C)(C)C1",vinyl(C=C),thiol(CCS),0.3,N/A,N/A,Design a thermoset shape memory polymer using monomers that include vinyl(C=C) in monomer1 and thiol(CCS) in monomer2.,C=C(C)C(=O)OCCOCCOCCOCCOCCOCCOCCOCCOCCOCCOCCOCCOCCOCCOCCOCCOCCOC(=O)C(=C)C,C=C(CCS)OCC(COC(=O)CCS)(COC(=O)CCS)COC(=O)CCSC(=O)NCC1(C)CC(NC(=O)SCCC(=O)OCC(COC(=O)CCS)(COC(=O)CCS)COC(=O)CCS)CC(C)(C)C1
9,C=C(C)C(=O)OCCOCCOCCOCCOCCOCCOCCOCCOCCOCCOCCOCCOCCOCCOCCOCCOCCOCCOCCOCCOC(=O)C(=C)C,C=C(CCS)OCCn1c(=O)n(CCOC(=O)CCS)c(=O)n(CCOC(=O)CCS)c1=O,"Here is a group-compliant monomer pair:
Monomer 1 includes C=C groups: C=C(C)C(=O)OCCOCCOCCOCCOCCOCCOCCOCCOCCOCCOCCOCCOCCOCCOCCOCCOCCOCCOCCOCCOC(=O)C(=C)C
Monomer 2 includes CCS groups: C=C(CCS)OCCn1c(=O)n(CCOC(=O)CCS)c(=O)n(CCOC(=O)CCS)c1=O",vinyl(C=C),thiol(CCS),0.3,N/A,N/A,Design a thermoset shape memory polymer using monomers that include vinyl(C=C) in monomer1 and thiol(CCS) in monomer2.,C=C(C)C(=O)OCCOCCOCCOCCOCCOCCOCCOCCOCCOCCOCCOCCOCCOCCOCCOCCOCCOCCOCCOCCOC(=O)C(=C)C,C=C(CCS)OCCn1c(=O)n(CCOC(=O)CCS)c(=O)n(CCOC(=O)CCS)c1=O
10,C=C(C)C(=O)OCCOCCOCCOCCOCCOCCOCCOCCOCCOCCOCCOCCOCCOCCOCCOCCOCCOCCOCCOCCOC(=O)C(=C)C,O=c1n(CCS)c(=O)n(CCS)c(=O)n1CCS,"Here's a TSMP that includes the requested functional groups:
Monomer 1 (contains C=C): C=C(C)C(=O)OCCOCCOCCOCCOCCOCCOCCOCCOCCOCCOCCOCCOCCOCCOCCOCCOCCOCCOCCOCCOC(=O)C(=C)C
Monomer 2 (contains CCS): O=c1n(CCS)c(=O)n(CCS)c(=O)n1CCS",vinyl(C=C),thiol(CCS),0.3,N/A,N/A,Design a thermoset shape memory polymer using monomers that include vinyl(C=C) in monomer1 and thiol(CCS) in monomer2.,C=C(C)C(=O)OCCOCCOCCOCCOCCOCCOCCOCCOCCOCCOCCOCCOCCOCCOCCOCCOCCOCCOCCOCCOC(=O)C(=C)C,O=c1n(CCS)c(=O)n(CCS)c(=O)n1CCS
11,C=C(C)C(=O)OCCOCCOCCOCCOCCOCCOCCOCCOCCOCCOCCOCCOCCOCCOCCOCCOCCOCCOCCOCCOC(=O)C(=C)C,C=C(C)C(=O)OCCOCCOCCOC(=O)C(=C)C,"Here's a pair of monomers containing the specified functional groups for potential TSMP formation:
Monomer 1 (contains C=C): C=C(C)C(=O)OCCOCCOCCOCCOCCOCCOCCOCCOCCOCCOCCOCCOCCOCCOCCOCCOCCOCCOCCOCCOC(=O)C(=C)C
Monomer 2 (contains C=C): C=C(C)C(=O)OCCOCCOCCOC(=O)C(=C)C",vinyl(C=C),vinyl(C=C),0.3,N/A,N/A,"Generate two monomers for a TSMP, ensuring one includes vinyl(C=C) in monomer1 and the other includes vinyl(C=C) in monomer2.",C=C(C)C(=O)OCCOCCOCCOCCOCCOCCOCCOCCOCCOCCOCCOCCOCCOCCOCCOCCOCCOCCOCCOCCOC(=O)C(=C)C,C=C(C)C(=O)OCCOCCOCCOC(=O)C(=C)C
12,C=C(C)C(=O)OCCOCCOCCOCCOCCOCCOCCOCCOCCOCCOCCOCCOCCOCCOCCOCCOCCOCCOCCOCCOC(=O)C(=C)C,C=Cc1cccc(C=C)c1,"Here's a TSMP that includes the requested functional groups:
Monomer 1 (contains C=C): C=C(C)C(=O)OCCOCCOCCOCCOCCOCCOCCOCCOCCOCCOCCOCCOCCOCCOCCOCCOCCOCCOCCOCCOC(=O)C(=C)C
Monomer 2 (contains C=C): C=Cc1cccc(C=C)c1",vinyl(C=C),vinyl(C=C),0.3,N/A,N/A,"Generate two monomers for a TSMP, ensuring one includes vinyl(C=C) in monomer1 and the other includes vinyl(C=C) in monomer2.",C=C(C)C(=O)OCCOCCOCCOCCOCCOCCOCCOCCOCCOCCOCCOCCOCCOCCOCCOCCOCCOCCOCCOCCOC(=O)C(=C)C,C=Cc1cccc(C=C)c1
13,C=C(C)C(=O)OCCOCCOCCOCCOCCOCCOCCOCCOCCOCCOCCOCCOCCOCCOCCOCCOCCOC(=O)C(=C)C,C=Cc1cccc(C=C)c1,"Here's a pair of monomers containing the specified functional groups for potential TSMP formation:
Monomer 1 (contains C=C): C=C(C)C(=O)OCCOCCOCCOCCOCCOCCOCCOCCOCCOCCOCCOCCOCCOCCOCCOCCOCCOC(=O)C(=C)C
Monomer 2 (contains C=C): C=Cc1cccc(C=C)c1",vinyl(C=C),vinyl(C=C),0.3,N/A,N/A,"Generate two monomers for a TSMP, ensuring one includes vinyl(C=C) in monomer1 and the other includes vinyl(C=C) in monomer2.",C=C(C)C(=O)OCCOCCOCCOCCOCCOCCOCCOCCOCCOCCOCCOCCOCCOCCOCCOCCOCCOC(=O)C(=C)C,C=Cc1cccc(C=C)c1
14,C=C(C)C(=O)OCCOCCOCCOCCOCCOCCOCCOCCOCCOCCOCCOCCOCCOCCOCCOCCOCCOCCOCCOCCOC(=O)C(=C)C,C=C(C)C(=O)OCCOCCOCCOCCOCCOCCOCCOCCOCCOCCOCCOCCOCCOCCOCCOCCOCCOCCOCCOCCOCC(C)C(=O)OCCOCCOCCOCCOCCOCCOCCOCCOCCOCCOCCOCCOCCOCCOCCOCCOCCOCCOCCOCCOCC(C)C(=O)OCCOCCOCCOCCOCCOCCOCCOCCOCCOCCOCCOCCOCCOCCOCCOCCOCCOCCOCCOCCOCC(C)C(=O)OCCO,"Here's a pair of monomers containing the specified functional groups for potential TSMP formation:
Monomer 1 (contains C=C): C=C(C)C(=O)OCCOCCOCCOCCOCCOCCOCCOCCOCCOCCOCCOCCOCCOCCOCCOCCOCCOCCOCCOCCOC(=O)C(=C)C
Monomer 2 (contains C=C): C=C(C)C(=O)OCCOCCOCCOCCOCCOCCOCCOCCOCCOCCOCCOCCOCCOCCOCCOCCOCCOCCOCCOCCOCC(C)C(=O)OCCOCCOCCOCCOCCOCCOCCOCCOCCOCCOCCOCCOCCOCCOCCOCCOCCOCCOCCOCCOCC(C)C(=O)OCCOCCOCCOCCOCCOCCOCCOCCOCCOCCOCCOCCOCCOCCOCCOCCOCCOCCOCCOCCOCC(C)C(=O)OCCO",vinyl(C=C),vinyl(C=C),0.3,N/A,N/A,"Generate two monomers for a TSMP, ensuring one includes vinyl(C=C) in monomer1 and the other includes vinyl(C=C) in monomer2.",C=C(C)C(=O)OCCOCCOCCOCCOCCOCCOCCOCCOCCOCCOCCOCCOCCOCCOCCOCCOCCOCCOCCOCCOC(=O)C(=C)C,C=C(C)C(=O)OCCOCCOCCOCCOCCOCCOCCOCCOCCOCCOCCOCCOCCOCCOCCOCCOCCOCCOCCOCCOCC(C)C(=O)OCCOCCOCCOCCOCCOCCOCCOCCOCCOCCOCCOCCOCCOCCOCCOCCOCCOCCOCCOCCOCC(C)C(=O)OCCOCCOCCOCCOCCOCCOCCOCCOCCOCCOCCOCCOCCOCCOCCOCCOCCOCCOCCOCCOCC(C)C(=O)OCCO
15,C=C(C)C(=O)OCCOCCOCCOCCOCCOCCOCCOCCOCCOCCOCCOCCOCCOCCOCCOCCOCCOC(=O)C(=C)C,C=Cc1cccc(C=C)c1,"Here's a TSMP that includes the requested functional groups:
Monomer 1 (contains C=C): C=C(C)C(=O)OCCOCCOCCOCCOCCOCCOCCOCCOCCOCCOCCOCCOCCOCCOCCOCCOCCOC(=O)C(=C)C
Monomer 2 (contains C=C): C=Cc1cccc(C=C)c1",vinyl(C=C),vinyl(C=C),0.3,N/A,N/A,"Generate two monomers for a TSMP, ensuring one includes vinyl(C=C) in monomer1 and the other includes vinyl(C=C) in monomer2.",C=C(C)C(=O)OCCOCCOCCOCCOCCOCCOCCOCCOCCOCCOCCOCCOCCOCCOCCOCCOCCOC(=O)C(=C)C,C=Cc1cccc(C=C)c1
16,C=C(C)C(=O)OCCOCCOCCOCCOCCOCCOCCOCCOCCOCCOCCOCCOCCOCCOCCOCCOCCOCCOCCOCCOC(=O)C(=C)C,C=C(C)C(=C)OCCOCCOCCOCCOCCOCCOCCOCCOCCOCCOCCOCCOCCOCCOCCOCCOCCOCCOCCOCCOCC(C)(C)C(=O)OCCOCCOCCOCCOCCOCCOCCOCCOCCOCCOCCOCCOCCOCCOCCOCCOCCOCCOCCOCCOCC(C)(C)C(=O)OCCOCCOCCOCCOCCOCCOCCOCCOCCOCCOCCOCCOCCOCCOCCOCCOCCOCCOCCOCCOCC(C)(C)C(=,"Here's a pair of monomers containing C=C(C=O) and C=C groups, ideal for TSMP design:
Monomer 1: C=C(C)C(=O)OCCOCCOCCOCCOCCOCCOCCOCCOCCOCCOCCOCCOCCOCCOCCOCCOCCOCCOCCOCCOC(=O)C(=C)C
Monomer 2: C=C(C)C(=C)OCCOCCOCCOCCOCCOCCOCCOCCOCCOCCOCCOCCOCCOCCOCCOCCOCCOCCOCCOCCOCC(C)(C)C(=O)OCCOCCOCCOCCOCCOCCOCCOCCOCCOCCOCCOCCOCCOCCOCCOCCOCCOCCOCCOCCOCC(C)(C)C(=O)OCCOCCOCCOCCOCCOCCOCCOCCOCCOCCOCCOCCOCCOCCOCCOCCOCCOCCOCCOCCOCC(C)(C)C(=",acrylate(C=C(C=O)),vinyl(C=C),0.3,N/A,N/A,"Generate two monomers for a TSMP, ensuring one includes acrylate(C=C(C=O)) in monomer1 and the other includes vinyl(C=C) in monomer2.",Not found,Not found
17,C=C(C)C(=O)OCCOCCOCCOCCOCCOCCOCCOCCOCCOCCOCCOCCOCCOCCOCCOCCOCCOCCOCCOCCOC(=O)C(=C)C, C=CCOCC(CO)(COCC=C)COCC=C,"Here's a TSMP that includes the requested functional groups:
Monomer 1 (contains C=C(C=O)): C=C(C)C(=O)OCCOCCOCCOCCOCCOCCOCCOCCOCCOCCOCCOCCOCCOCCOCCOCCOCCOCCOCCOCCOC(=O)C(=C)C
Monomer 2 (contains C=C): C=CCOCC(CO)(COCC=C)COCC=C",acrylate(C=C(C=O)),vinyl(C=C),0.3,N/A,N/A,"Generate two monomers for a TSMP, ensuring one includes acrylate(C=C(C=O)) in monomer1 and the other includes vinyl(C=C) in monomer2.",C=C(C)C(=O)OCCOCCOCCOCCOCCOCCOCCOCCOCCOCCOCCOCCOCCOCCOCCOCCOCCOCCOCCOCCOC(=O)C(=C)C,C=CCOCC(CO)(COCC=C)COCC=C
18,C=C(C)C(=O)OCCOCCOCCOCCOCCOCCOCCOCCOCCOCCOCCOCCOCCOCCOCCOCCOCCOCCOCCOCCOC(=O)C(=C)C,C=CCOCC(CO)(COCC=C)COCC=C,"Here's a TSMP that includes the requested functional groups:
Monomer 1 (contains C=C(C=O)): C=C(C)C(=O)OCCOCCOCCOCCOCCOCCOCCOCCOCCOCCOCCOCCOCCOCCOCCOCCOCCOCCOCCOCCOC(=O)C(=C)C
Monomer 2 (contains C=C): C=CCOCC(CO)(COCC=C)COCC=C",acrylate(C=C(C=O)),vinyl(C=C),0.3,N/A,N/A,"Generate two monomers for a TSMP, ensuring one includes acrylate(C=C(C=O)) in monomer1 and the other includes vinyl(C=C) in monomer2.",C=C(C)C(=O)OCCOCCOCCOCCOCCOCCOCCOCCOCCOCCOCCOCCOCCOCCOCCOCCOCCOCCOCCOCCOC(=O)C(=C)C,C=CCOCC(CO)(COCC=C)COCC=C
19,C=C(C)C(=O)OCCOCCOCCOCCOCCOCCOCCOCCOCCOCCOCCOCCOCCOCCOCCOCCOCCOCCOCCOCCOC(=O)C(=C)C,C=CCOCC(CO)(COCC=C)COCC=C,"Here's a TSMP that includes the requested functional groups:
Monomer 1 (contains C=C(C=O)): C=C(C)C(=O)OCCOCCOCCOCCOCCOCCOCCOCCOCCOCCOCCOCCOCCOCCOCCOCCOCCOCCOCCOCCOC(=O)C(=C)C
Monomer 2 (contains C=C): C=CCOCC(CO)(COCC=C)COCC=C",acrylate(C=C(C=O)),vinyl(C=C),0.3,N/A,N/A,"Generate two monomers for a TSMP, ensuring one includes acrylate(C=C(C=O)) in monomer1 and the other includes vinyl(C=C) in monomer2.",C=C(C)C(=O)OCCOCCOCCOCCOCCOCCOCCOCCOCCOCCOCCOCCOCCOCCOCCOCCOCCOCCOCCOCCOC(=O)C(=C)C,C=CCOCC(CO)(COCC=C)COCC=C
20,C=C(C)C(=O)OCCOCCOCCOCCOCCOCCOCCOCCOCCOCCOCCOCCOCCOCCOCCOCCOCCOCCOCCOCCOC(=O)C(=C)C,C=C(C)C(=C)OCCOCCOCCOCCOCCOCCOCCOCCOCCOCCOCCOCCOCCOCCOCCOCCOCCOCCOCCOCCOCC(C)(C)C(=O)OCCOCCOCCOCCOCCOCCOCCOCCOCCOCCOCCOCCOCCOCCOCCOCCOCCOCCOCCOCCOCC(C)(C)C(=O)OCCOCCOCCOCCOCCOCCOCCOCCOCCOCCOCCOCCOCCOCCOCCOCCOCCOCCOCCOCCOCC(C)(C)C(=,"Here's a pair of monomers containing C=C(C=O) and C=C groups, ideal for TSMP design:
Monomer 1: C=C(C)C(=O)OCCOCCOCCOCCOCCOCCOCCOCCOCCOCCOCCOCCOCCOCCOCCOCCOCCOCCOCCOCCOC(=O)C(=C)C
Monomer 2: C=C(C)C(=C)OCCOCCOCCOCCOCCOCCOCCOCCOCCOCCOCCOCCOCCOCCOCCOCCOCCOCCOCCOCCOCC(C)(C)C(=O)OCCOCCOCCOCCOCCOCCOCCOCCOCCOCCOCCOCCOCCOCCOCCOCCOCCOCCOCCOCCOCC(C)(C)C(=O)OCCOCCOCCOCCOCCOCCOCCOCCOCCOCCOCCOCCOCCOCCOCCOCCOCCOCCOCCOCCOCC(C)(C)C(=",acrylate(C=C(C=O)),vinyl(C=C),0.3,N/A,N/A,"Generate two monomers for a TSMP, ensuring one includes acrylate(C=C(C=O)) in monomer1 and the other includes vinyl(C=C) in monomer2.",Not found,Not found
21,C=C(C)C(=O)OCCOCCOCCOCCOCCOCCOCCOCCOCCOCCOCCOCCOCCOCCOCCOCCOCCOCCOCCOCCOC(=O)C(=C)C,C=C(C)C(=O)OCCOCCOCCOCCOCCOCCOCCOCCOCCOCCOCCOCCOCCOCCOCCOCCOCC(C)OCC(C)OCC(C)OCC(C)OCC(C)OCCOCCOCCOCCOCCOCCOCCOCCOCCOCCOCCOCCOCCOCCOCCOCCOCCOCCOCCOCCOCCOCCOCCOCCOCCOCCOCCOCCOCCOCCOCCOCCOCCOCCOCCOCCOCCOCCOCCOCCOCCOCCOCCOCCOCCOCCOCCOCCOCCOCCOCCOCC,"Here's a TSMP that includes the requested functional groups:
Monomer 1 (contains C=C): C=C(C)C(=O)OCCOCCOCCOCCOCCOCCOCCOCCOCCOCCOCCOCCOCCOCCOCCOCCOCCOCCOCCOCCOC(=O)C(=C)C
Monomer 2 (contains =O): C=C(C)C(=O)OCCOCCOCCOCCOCCOCCOCCOCCOCCOCCOCCOCCOCCOCCOCCOCCOCC(C)OCC(C)OCC(C)OCC(C)OCC(C)OCCOCCOCCOCCOCCOCCOCCOCCOCCOCCOCCOCCOCCOCCOCCOCCOCCOCCOCCOCCOCCOCCOCCOCCOCCOCCOCCOCCOCCOCCOCCOCCOCCOCCOCCOCCOCCOCCOCCOCCOCCOCCOCCOCCOCCOCCOCCOCCOCCOCCOCCOCC",vinyl(C=C),hydroxyl(=O),0.3,N/A,N/A,Design a thermoset shape memory polymer using monomers that include vinyl(C=C) in monomer1 and hydroxyl(=O) in monomer2.,C=C(C)C(=O)OCCOCCOCCOCCOCCOCCOCCOCCOCCOCCOCCOCCOCCOCCOCCOCCOCCOCCOCCOCCOC(=O)C(=C)C,C=C(C)C(=O)OCCOCCOCCOCCOCCOCCOCCOCCOCCOCCOCCOCCOCCOCCOCCOCCOCC(C)OCC(C)OCC(C)OCC(C)OCC(C)OCCOCCOCCOCCOCCOCCOCCOCCOCCOCCOCCOCCOCCOCCOCCOCCOCCOCCOCCOCCOCCOCCOCCOCCOCCOCCOCCOCCOCCOCCOCCOCCOCCOCCOCCOCCOCCOCCOCCOCCOCCOCCOCCOCCOCCOCCOCCOCCOCCOCCOCCOCC
22,C=CCc1ccccc1OCC(O)COC(=O)Cc3ccc(C(=O)OCC(O)COc2ccccc2CC=C)cc3,C=C(C)C(=O)OCCOCCOCCOCCOCCOCCOCCOCCOCCOCCOCCOCCOCCOCCOCCOCCOCCOCCOCCOCCOC(=O)C(=C)C,"Here's a pair of monomers containing vinyl and hydroxyl groups for potential TSMP formation:
Monomer 1: C=CCc1ccccc1OCC(O)COC(=O)Cc3ccc(C(=O)OCC(O)COc2ccccc2CC=C)cc3
Monomer 2: C=C(C)C(=O)OCCOCCOCCOCCOCCOCCOCCOCCOCCOCCOCCOCCOCCOCCOCCOCCOCCOCCOCCOCCOC(=O)C(=C)C",vinyl(C=C),hydroxyl(=O),0.3,N/A,N/A,Design a thermoset shape memory polymer using monomers that include vinyl(C=C) in monomer1 and hydroxyl(=O) in monomer2.,C=CCc1ccccc1OCC(O)COC(=O)Cc3ccc(C(=O)OCC(O)COc2ccccc2CC=C)cc3,C=C(C)C(=O)OCCOCCOCCOCCOCCOCCOCCOCCOCCOCCOCCOCCOCCOCCOCCOCCOCCOCCOCCOCCOC(=O)C(=C)C
23,C=C(C)C(=O)OCCOCCOCCOCCOCCOCCOCCOCCOCCOCCOCCOCCOCCOCCOCCOCCOCCOCCOCCOCCOC(=O)C(=C)C,C=C(C)C(=O)OCC(O)COc2ccc(C(C)(C)c1ccc(OCC(O)COC(=O)C(=C)C)cc1)cc2,"Here's a TSMP that includes the requested functional groups:
Monomer 1 (contains C=C): C=C(C)C(=O)OCCOCCOCCOCCOCCOCCOCCOCCOCCOCCOCCOCCOCCOCCOCCOCCOCCOCCOCCOCCOC(=O)C(=C)C
Monomer 2 (contains =O): C=C(C)C(=O)OCC(O)COc2ccc(C(C)(C)c1ccc(OCC(O)COC(=O)C(=C)C)cc1)cc2",vinyl(C=C),hydroxyl(=O),0.3,N/A,N/A,Design a thermoset shape memory polymer using monomers that include vinyl(C=C) in monomer1 and hydroxyl(=O) in monomer2.,C=C(C)C(=O)OCCOCCOCCOCCOCCOCCOCCOCCOCCOCCOCCOCCOCCOCCOCCOCCOCCOCCOCCOCCOC(=O)C(=C)C,C=C(C)C(=O)OCC(O)COc2ccc(C(C)(C)c1ccc(OCC(O)COC(=O)C(=C)C)cc1)cc2
24,C=C(C)C(=O)OCCOCCOCCOCCOCCOCCOCCOCCOCCOCCOCCOCCOCCOCCOCCOCCOCCOCCOCCOCCOC(=O)C(=C)C,C=CC(=O)OCCn1c(=O)n(CCOC(=O)C=C)c(=O)n(CCOC(=O)C=C)c1=O,"Here's a TSMP that includes the requested functional groups:
Monomer 1 (contains C=C): C=C(C)C(=O)OCCOCCOCCOCCOCCOCCOCCOCCOCCOCCOCCOCCOCCOCCOCCOCCOCCOCCOCCOCCOC(=O)C(=C)C
Monomer 2 (contains =O): C=CC(=O)OCCn1c(=O)n(CCOC(=O)C=C)c(=O)n(CCOC(=O)C=C)c1=O",vinyl(C=C),hydroxyl(=O),0.3,N/A,N/A,Design a thermoset shape memory polymer using monomers that include vinyl(C=C) in monomer1 and hydroxyl(=O) in monomer2.,C=C(C)C(=O)OCCOCCOCCOCCOCCOCCOCCOCCOCCOCCOCCOCCOCCOCCOCCOCCOCCOCCOCCOCCOC(=O)C(=C)C,C=CC(=O)OCCn1c(=O)n(CCOC(=O)C=C)c(=O)n(CCOC(=O)C=C)c1=O
25,C=C(C)C(=O)OCCOCCOCCOCCOCCOCCOCCOCCOCCOCCOCCOCCOCCOCCOCCOCCOCCOC(=O)C(=C)C,C=C(C)C(=O)OCCOCCOCCOCCOCCOCCOCCOCCOCCOC(=O)C(=C)C,"Here's a TSMP that includes the requested functional groups:
Monomer 1 (contains C=C): C=C(C)C(=O)OCCOCCOCCOCCOCCOCCOCCOCCOCCOCCOCCOCCOCCOCCOCCOCCOCCOC(=O)C(=C)C
Monomer 2 (contains =O): C=C(C)C(=O)OCCOCCOCCOCCOCCOCCOCCOCCOCCOC(=O)C(=C)C",vinyl(C=C),hydroxyl(=O),0.3,N/A,N/A,Design a thermoset shape memory polymer using monomers that include vinyl(C=C) in monomer1 and hydroxyl(=O) in monomer2.,C=C(C)C(=O)OCCOCCOCCOCCOCCOCCOCCOCCOCCOCCOCCOCCOCCOCCOCCOCCOCCOC(=O)C(=C)C,C=C(C)C(=O)OCCOCCOCCOCCOCCOCCOCCOCCOCCOC(=O)C(=C)C
26,c3cc(N(CC1CO1)CC2CO2)ccc3Cc6ccc(N(CC4CO4)CC5CO5)cc6,NCCNCCN(CCNCCC(CN)CCN)CCN(CCNCCN)CCN(CCN)CCN,"Here's a TSMP that includes the requested functional groups:
Monomer 1 (contains C1OC1): c3cc(N(CC1CO1)CC2CO2)ccc3Cc6ccc(N(CC4CO4)CC5CO5)cc6
Monomer 2 (contains NC): NCCNCCN(CCNCCC(CN)CCN)CCN(CCNCCN)CCN(CCN)CCN",epoxy(C1OC1),imine(NC),0.5,N/A,N/A,Suggest a TSMP system with one monomer having epoxy(C1OC1) in monomer1 and the other featuring imine(NC) in monomer2.,c3cc(N(CC1CO1)CC2CO2)ccc3Cc6ccc(N(CC4CO4)CC5CO5)cc6,NCCNCCN(CCNCCC(CN)CCN)CCN(CCNCCN)CCN(CCN)CCN
27,CC(C)(c2ccc(OCC1CO1)cc2)c4ccc(OCC3CO3)cc4,CCC(COCC(C)OCC(C)N)(COCC(C)OCC(C)N)COCC(C)OCC(C)N,"Here's a TSMP that includes the requested functional groups:
Monomer 1 (contains C1OC1): CC(C)(c2ccc(OCC1CO1)cc2)c4ccc(OCC3CO3)cc4
Monomer 2 (contains NC): CCC(COCC(C)OCC(C)N)(COCC(C)OCC(C)N)COCC(C)OCC(C)N",epoxy(C1OC1),imine(NC),0.5,N/A,N/A,Suggest a TSMP system with one monomer having epoxy(C1OC1) in monomer1 and the other featuring imine(NC) in monomer2.,CC(C)(c2ccc(OCC1CO1)cc2)c4ccc(OCC3CO3)cc4,CCC(COCC(C)OCC(C)N)(COCC(C)OCC(C)N)COCC(C)OCC(C)N
28,CC(C)(c2ccc(OCCOCCOCCOC1CO1)cc2)c4ccc(OCCOCCOCCC3CO3)cc4,CC(CN)CCCN,"Here's a TSMP that includes the requested functional groups:
Monomer 1 (contains C1OC1): CC(C)(c2ccc(OCCOCCOCCOC1CO1)cc2)c4ccc(OCCOCCOCCC3CO3)cc4
Monomer 2 (contains NC): CC(CN)CCCN",epoxy(C1OC1),imine(NC),0.5,N/A,N/A,Suggest a TSMP system with one monomer having epoxy(C1OC1) in monomer1 and the other featuring imine(NC) in monomer2.,CC(C)(c2ccc(OCCOCCOCCOC1CO1)cc2)c4ccc(OCCOCCOCCC3CO3)cc4,CC(CN)CCCN
29,CC(COc3ccc(C(C)(C)c2ccc(OCC(C)OCC1CO1)cc2)cc3)OCC4CO4,CCC(COCC(C)OCC(C)N)(COCC(C)OCC(C)N)COCC(C)OCC(C)N,"Here's a TSMP that includes the requested functional groups:
Monomer 1 (contains C1OC1): CC(COc3ccc(C(C)(C)c2ccc(OCC(C)OCC1CO1)cc2)cc3)OCC4CO4
Monomer 2 (contains NC): CCC(COCC(C)OCC(C)N)(COCC(C)OCC(C)N)COCC(C)OCC(C)N",epoxy(C1OC1),imine(NC),0.5,N/A,N/A,Suggest a TSMP system with one monomer having epoxy(C1OC1) in monomer1 and the other featuring imine(NC) in monomer2.,CC(COc3ccc(C(C)(C)c2ccc(OCC(C)OCC1CO1)cc2)cc3)OCC4CO4,CCC(COCC(C)OCC(C)N)(COCC(C)OCC(C)N)COCC(C)OCC(C)N
30,C1OC1COC3COC4C(OC2CO2)COC34,CC(N)COCC(C)OCC(C)OCC(C)OCC(C)OCC(C)OCC(C)OCCOCCOCCOCCOCCOCCOCCOCCOCCOCCOCCOCCOCCOCCOCCOCCOCCOCCOCCOCCOCCOCCOCCOCCOCCOCCOCCOCCOCC(C)OCC(C)OCC(C)OCC(C)OCC(C)N,"Here's a TSMP that includes the requested functional groups:
Monomer 1 (contains C1OC1): C1OC1COC3COC4C(OC2CO2)COC34
Monomer 2 (contains NC): CC(N)COCC(C)OCC(C)OCC(C)OCC(C)OCC(C)OCC(C)OCCOCCOCCOCCOCCOCCOCCOCCOCCOCCOCCOCCOCCOCCOCCOCCOCCOCCOCCOCCOCCOCCOCCOCCOCCOCCOCCOCCOCC(C)OCC(C)OCC(C)OCC(C)OCC(C)N",epoxy(C1OC1),imine(NC),0.5,N/A,N/A,Suggest a TSMP system with one monomer having epoxy(C1OC1) in monomer1 and the other featuring imine(NC) in monomer2.,C1OC1COC3COC4C(OC2CO2)COC34,CC(N)COCC(C)OCC(C)OCC(C)OCC(C)OCC(C)OCC(C)OCCOCCOCCOCCOCCOCCOCCOCCOCCOCCOCCOCCOCCOCCOCCOCCOCCOCCOCCOCCOCCOCCOCCOCCOCCOCCOCCOCCOCC(C)OCC(C)OCC(C)OCC(C)OCC(C)N
31,C=C(C)C(=O)OCCOCCOCCOC(=O)C(=C)C,CCC(COC(=O)CCS)(COC(=O)CCS)COC(=O)CCS,"Here's a TSMP that includes the requested functional groups:
Monomer 1 (contains C=C): C=C(C)C(=O)OCCOCCOCCOC(=O)C(=C)C
Monomer 2 (contains CCS): CCC(COC(=O)CCS)(COC(=O)CCS)COC(=O)CCS",vinyl(C=C),thiol(CCS),0.5,N/A,N/A,Design a thermoset shape memory polymer using monomers that include vinyl(C=C) in monomer1 and thiol(CCS) in monomer2.,C=C(C)C(=O)OCCOCCOCCOC(=O)C(=C)C,CCC(COC(=O)CCS)(COC(=O)CCS)COC(=O)CCS
32,C=C(C)C(=O)OCCOCCOCCOCCOCCOCCOCCOCCOCCOCCOCCOCCOC(=O)C(=C)C,C=C(CCS)OCC(COC(=O)CCS)(COC(=O)CCS)COC(=O)CCSC(=O)NCC1(C)CC(NC(=O)SCCC(=O)OCC(COC(=O)CCS)(COC(=O)CCS)COC(=O)CCS)CC(C)(C)C1,"Here is a group-compliant monomer pair:
Monomer 1 includes C=C groups: C=C(C)C(=O)OCCOCCOCCOCCOCCOCCOCCOCCOCCOCCOCCOCCOC(=O)C(=C)C
Monomer 2 includes CCS groups: C=C(CCS)OCC(COC(=O)CCS)(COC(=O)CCS)COC(=O)CCSC(=O)NCC1(C)CC(NC(=O)SCCC(=O)OCC(COC(=O)CCS)(COC(=O)CCS)COC(=O)CCS)CC(C)(C)C1",vinyl(C=C),thiol(CCS),0.5,N/A,N/A,Design a thermoset shape memory polymer using monomers that include vinyl(C=C) in monomer1 and thiol(CCS) in monomer2.,C=C(C)C(=O)OCCOCCOCCOCCOCCOCCOCCOCCOCCOCCOCCOCCOC(=O)C(=C)C,C=C(CCS)OCC(COC(=O)CCS)(COC(=O)CCS)COC(=O)CCSC(=O)NCC1(C)CC(NC(=O)SCCC(=O)OCC(COC(=O)CCS)(COC(=O)CCS)COC(=O)CCS)CC(C)(C)C1
33,C=CCc1ccccc1OCC(O)COC(=O)Cc3ccc(C(=O)OCC(O)COc2ccccc2CC=C)cc3,O=c1n(CCS)c(=O)n(CCS)c(=O)n1CCS,"Here's a TSMP that includes the requested functional groups:
Monomer 1 (contains C=C): C=CCc1ccccc1OCC(O)COC(=O)Cc3ccc(C(=O)OCC(O)COc2ccccc2CC=C)cc3
Monomer 2 (contains CCS): O=c1n(CCS)c(=O)n(CCS)c(=O)n1CCS",vinyl(C=C),thiol(CCS),0.5,N/A,N/A,Design a thermoset shape memory polymer using monomers that include vinyl(C=C) in monomer1 and thiol(CCS) in monomer2.,C=CCc1ccccc1OCC(O)COC(=O)Cc3ccc(C(=O)OCC(O)COc2ccccc2CC=C)cc3,O=c1n(CCS)c(=O)n(CCS)c(=O)n1CCS
34,C=C(C)C(=O)OCCOCCOCCOCCOCCOCCOCCOCCOCCOCCOCCOCCOCCOCCOCCOCCOCCOC(=O)C(=C)C,C=C(CCS)OCC(COC(=O)CCS)(COC(=O)CCS)COC(=O)CCSC(=O)NCC1(C)CC(NC(=O)SCCC(=O)OCC(COC(=O)CCS)(COC(=O)CCS)COC(=O)CCS)CC(C)(C)C1,"Here's a TSMP that includes the requested functional groups:
Monomer 1 (contains C=C): C=C(C)C(=O)OCCOCCOCCOCCOCCOCCOCCOCCOCCOCCOCCOCCOCCOCCOCCOCCOCCOC(=O)C(=C)C
Monomer 2 (contains CCS): C=C(CCS)OCC(COC(=O)CCS)(COC(=O)CCS)COC(=O)CCSC(=O)NCC1(C)CC(NC(=O)SCCC(=O)OCC(COC(=O)CCS)(COC(=O)CCS)COC(=O)CCS)CC(C)(C)C1",vinyl(C=C),thiol(CCS),0.5,N/A,N/A,Design a thermoset shape memory polymer using monomers that include vinyl(C=C) in monomer1 and thiol(CCS) in monomer2.,C=C(C)C(=O)OCCOCCOCCOCCOCCOCCOCCOCCOCCOCCOCCOCCOCCOCCOCCOCCOCCOC(=O)C(=C)C,C=C(CCS)OCC(COC(=O)CCS)(COC(=O)CCS)COC(=O)CCSC(=O)NCC1(C)CC(NC(=O)SCCC(=O)OCC(COC(=O)CCS)(COC(=O)CCS)COC(=O)CCS)CC(C)(C)C1
35,C=C(C)C(=O)OCCOCCOCCOCCOCCOCCOCCOCCOCCOCCOCCOCCOCCOCCOCCOCCOCCOCCOCCOCCOC(=O)C(=C)C,C=C(CCS)OCC(COC(=O)CCS)(COC(=O)CCS)COC(=O)CCSC(=O)NCC1(C)CC(NC(=O)SCCC(=O)OCC(COC(=O)CCS)(COC(=O)CCS)COC(=O)CCS)CC(C)(C)C1,"Here is a TSMP that includes the requested functional groups:
Monomer 1 (contains C=C): C=C(C)C(=O)OCCOCCOCCOCCOCCOCCOCCOCCOCCOCCOCCOCCOCCOCCOCCOCCOCCOCCOCCOCCOC(=O)C(=C)C
Monomer 2 (contains CCS): C=C(CCS)OCC(COC(=O)CCS)(COC(=O)CCS)COC(=O)CCSC(=O)NCC1(C)CC(NC(=O)SCCC(=O)OCC(COC(=O)CCS)(COC(=O)CCS)COC(=O)CCS)CC(C)(C)C1",vinyl(C=C),thiol(CCS),0.5,N/A,N/A,Design a thermoset shape memory polymer using monomers that include vinyl(C=C) in monomer1 and thiol(CCS) in monomer2.,C=C(C)C(=O)OCCOCCOCCOCCOCCOCCOCCOCCOCCOCCOCCOCCOCCOCCOCCOCCOCCOCCOCCOCCOC(=O)C(=C)C,C=C(CCS)OCC(COC(=O)CCS)(COC(=O)CCS)COC(=O)CCSC(=O)NCC1(C)CC(NC(=O)SCCC(=O)OCC(COC(=O)CCS)(COC(=O)CCS)COC(=O)CCS)CC(C)(C)C1
36,C=C(C)C(=O)OCCOCCOCCOCCOCCOCCOCCOCCOCCOCCOCCOCCOCCOCCOCCOCCOCCOCCOCCOCCOC(=O)C(=C)C,C=C(C)C(=O)OCCOCCOCCOCCOCCOCCOCCOCCOCCOCCOCCOCCOCCOCCOCCOCCOCCOCCOCCOCCOCC(C)C(=O)OCCOCCOCCOCCOCCOCCOCCOCCOCCOCCOCCOCCOCC(C)(C)C(=O)OCCOCCOCCOCCOCCOCCOCCOCCOCCOCCOCCOCCOCC(C)(C)C(=O)OCCOCCOCCOCCOCCOCCOCCOCCOCCOCCOCCOCCOCC(C)(C)C(=O)OCCO,"Here is a TSMP designed with the required functionalities:
Monomer 1 (contains C=C): C=C(C)C(=O)OCCOCCOCCOCCOCCOCCOCCOCCOCCOCCOCCOCCOCCOCCOCCOCCOCCOCCOCCOCCOC(=O)C(=C)C
Monomer 2 (contains C=C): C=C(C)C(=O)OCCOCCOCCOCCOCCOCCOCCOCCOCCOCCOCCOCCOCCOCCOCCOCCOCCOCCOCCOCCOCC(C)C(=O)OCCOCCOCCOCCOCCOCCOCCOCCOCCOCCOCCOCCOCC(C)(C)C(=O)OCCOCCOCCOCCOCCOCCOCCOCCOCCOCCOCCOCCOCC(C)(C)C(=O)OCCOCCOCCOCCOCCOCCOCCOCCOCCOCCOCCOCCOCC(C)(C)C(=O)OCCO",vinyl(C=C),vinyl(C=C),0.5,N/A,N/A,Design a thermoset shape memory polymer using monomers that include vinyl(C=C) in monomer1 and vinyl(C=C) in monomer2.,C=C(C)C(=O)OCCOCCOCCOCCOCCOCCOCCOCCOCCOCCOCCOCCOCCOCCOCCOCCOCCOCCOCCOCCOC(=O)C(=C)C,C=C(C)C(=O)OCCOCCOCCOCCOCCOCCOCCOCCOCCOCCOCCOCCOCCOCCOCCOCCOCCOCCOCCOCCOCC(C)C(=O)OCCOCCOCCOCCOCCOCCOCCOCCOCCOCCOCCOCCOCC(C)(C)C(=O)OCCOCCOCCOCCOCCOCCOCCOCCOCCOCCOCCOCCOCC(C)(C)C(=O)OCCOCCOCCOCCOCCOCCOCCOCCOCCOCCOCCOCCOCC(C)(C)C(=O)OCCO
37,C=C(C)C(=O)OCCOCCOCCOCCOCCOCCOCCOCCOCCOCCOCCOCCOCCOCCOCCOCCOCCOCCOCCOCCOC(=O)C(=C)C,C=C(C)C(=O)OCCOCCOCCOCCOCCOCCOCCOCCOCCOCCOCCOCCOCCOCCOCCOCCOCCOCCOCCOCC(C)(C)C(=O)OCCOCCOCCOCCOCCOCCOCCOCCOCCOCCOCCOCCOCCOCCOCCOCCOCCOCCOCCOCC(C)(C)C(=O)OCCOCCOCCOCCOCCOCCOCCOCCOCCOCCOCCOCCOCCOCCOCCOCCOCCOCCOCCOCC(C)(C)C(=O)OCCOCCOCCOCCO,"Here's a TSMP that includes the requested functional groups:
Monomer 1 (contains C=C): C=C(C)C(=O)OCCOCCOCCOCCOCCOCCOCCOCCOCCOCCOCCOCCOCCOCCOCCOCCOCCOCCOCCOCCOC(=O)C(=C)C
Monomer 2 (contains C=C): C=C(C)C(=O)OCCOCCOCCOCCOCCOCCOCCOCCOCCOCCOCCOCCOCCOCCOCCOCCOCCOCCOCCOCC(C)(C)C(=O)OCCOCCOCCOCCOCCOCCOCCOCCOCCOCCOCCOCCOCCOCCOCCOCCOCCOCCOCCOCC(C)(C)C(=O)OCCOCCOCCOCCOCCOCCOCCOCCOCCOCCOCCOCCOCCOCCOCCOCCOCCOCCOCCOCC(C)(C)C(=O)OCCOCCOCCOCCO",vinyl(C=C),vinyl(C=C),0.5,N/A,N/A,Design a thermoset shape memory polymer using monomers that include vinyl(C=C) in monomer1 and vinyl(C=C) in monomer2.,C=C(C)C(=O)OCCOCCOCCOCCOCCOCCOCCOCCOCCOCCOCCOCCOCCOCCOCCOCCOCCOCCOCCOCCOC(=O)C(=C)C,C=C(C)C(=O)OCCOCCOCCOCCOCCOCCOCCOCCOCCOCCOCCOCCOCCOCCOCCOCCOCCOCCOCCOCC(C)(C)C(=O)OCCOCCOCCOCCOCCOCCOCCOCCOCCOCCOCCOCCOCCOCCOCCOCCOCCOCCOCCOCC(C)(C)C(=O)OCCOCCOCCOCCOCCOCCOCCOCCOCCOCCOCCOCCOCCOCCOCCOCCOCCOCCOCCOCC(C)(C)C(=O)OCCOCCOCCOCCO
38,C=C(C)C(=O)OCCOCCOCCOCCOCCOCCOCCOCCOCCOCCOCCOCCOCCOCCOCCOCCOCCOCCOCCOCCOC(=O)C(=C)C,C=Cc1cccc(C=C)c1,"Here's a pair of monomers containing the specified functional groups for potential TSMP formation:
Monomer 1 (C=C): C=C(C)C(=O)OCCOCCOCCOCCOCCOCCOCCOCCOCCOCCOCCOCCOCCOCCOCCOCCOCCOCCOCCOCCOC(=O)C(=C)C
Monomer 2 (C=C): C=Cc1cccc(C=C)c1",vinyl(C=C),vinyl(C=C),0.5,N/A,N/A,Design a thermoset shape memory polymer using monomers that include vinyl(C=C) in monomer1 and vinyl(C=C) in monomer2.,C=C(C)C(=O)OCCOCCOCCOCCOCCOCCOCCOCCOCCOCCOCCOCCOCCOCCOCCOCCOCCOCCOCCOCCOC(=O)C(=C)C,C=Cc1cccc(C=C)c1
39,C=C(C)C(=O)OCCOCCOCCOCCOCCOCCOCCOCCOCCOCCOCCOCCOCCOCCOCCOCCOCCOCCOCCOCCOC(=O)C(=C)C,C=Cc1cccc(C=C)c1,"Here's a pair of monomers containing the specified functional groups for potential TSMP formation:
Monomer 1 (C=C): C=C(C)C(=O)OCCOCCOCCOCCOCCOCCOCCOCCOCCOCCOCCOCCOCCOCCOCCOCCOCCOCCOCCOCCOC(=O)C(=C)C
Monomer 2 (C=C): C=Cc1cccc(C=C)c1",vinyl(C=C),vinyl(C=C),0.5,N/A,N/A,Design a thermoset shape memory polymer using monomers that include vinyl(C=C) in monomer1 and vinyl(C=C) in monomer2.,C=C(C)C(=O)OCCOCCOCCOCCOCCOCCOCCOCCOCCOCCOCCOCCOCCOCCOCCOCCOCCOCCOCCOCCOC(=O)C(=C)C,C=Cc1cccc(C=C)c1
40,C=CCOCC(COCC=C)(COCC=C)COC(=O)NCC1(C)CC(NC(=O)OCC(COCC=C)(COCC=C)COCC=C)CC(C)(C)C1,C=C(C)C(=O)OCCOCCOCCOCCOCCOCCOCCOCCOCCOCCOCCOCCOCCOCCOCCOCCOCCOCCOCCOCCOC(=O)C(=C)C,"Here is a TSMP designed with the required functionalities:
Monomer 1 (contains C=C): C=CCOCC(COCC=C)(COCC=C)COC(=O)NCC1(C)CC(NC(=O)OCC(COCC=C)(COCC=C)COCC=C)CC(C)(C)C1
Monomer 2 (contains C=C): C=C(C)C(=O)OCCOCCOCCOCCOCCOCCOCCOCCOCCOCCOCCOCCOCCOCCOCCOCCOCCOCCOCCOCCOC(=O)C(=C)C",vinyl(C=C),vinyl(C=C),0.5,N/A,N/A,Design a thermoset shape memory polymer using monomers that include vinyl(C=C) in monomer1 and vinyl(C=C) in monomer2.,C=CCOCC(COCC=C)(COCC=C)COC(=O)NCC1(C)CC(NC(=O)OCC(COCC=C)(COCC=C)COCC=C)CC(C)(C)C1,C=C(C)C(=O)OCCOCCOCCOCCOCCOCCOCCOCCOCCOCCOCCOCCOCCOCCOCCOCCOCCOCCOCCOCCOC(=O)C(=C)C
41,C=C(C)C(=O)OCCOCCOCCOCCOCCOCCOCCOCCOCCOCCOCCOCCOCCOCCOCCOCCOCCOCCOCCOCCOC(=O)C(=C)C,C=CCOCC(CO)(COCC=C)COCC=C,"Here's a TSMP that includes the requested functional groups:
Monomer 1 (contains C=C(C=O)): C=C(C)C(=O)OCCOCCOCCOCCOCCOCCOCCOCCOCCOCCOCCOCCOCCOCCOCCOCCOCCOCCOCCOCCOC(=O)C(=C)C
Monomer 2 (contains C=C): C=CCOCC(CO)(COCC=C)COCC=C",acrylate(C=C(C=O)),vinyl(C=C),0.5,N/A,N/A,Suggest a TSMP system with one monomer having acrylate(C=C(C=O)) in monomer1 and the other featuring vinyl(C=C) in monomer2.,C=C(C)C(=O)OCCOCCOCCOCCOCCOCCOCCOCCOCCOCCOCCOCCOCCOCCOCCOCCOCCOCCOCCOCCOC(=O)C(=C)C,C=CCOCC(CO)(COCC=C)COCC=C
42,C=C(C)C(=O)OCCOCCOCCOCCOCCOCCOCCOCCOCCOCCOCCOCCOCCOCCOCCOCCOCCOCCOCCOCCOC(=O)C(=C)C,C=C(C)C(=O)OCCOCCOCCOCCOCCOCCOCCOCCOCCOC(=O)C(=C)C,"Here is a TSMP that includes the requested functional groups:
Monomer 1 (contains C=C(C=O)): C=C(C)C(=O)OCCOCCOCCOCCOCCOCCOCCOCCOCCOCCOCCOCCOCCOCCOCCOCCOCCOCCOCCOCCOC(=O)C(=C)C
Monomer 2 (contains C=C): C=C(C)C(=O)OCCOCCOCCOCCOCCOCCOCCOCCOCCOC(=O)C(=C)C",acrylate(C=C(C=O)),vinyl(C=C),0.5,N/A,N/A,Suggest a TSMP system with one monomer having acrylate(C=C(C=O)) in monomer1 and the other featuring vinyl(C=C) in monomer2.,C=C(C)C(=O)OCCOCCOCCOCCOCCOCCOCCOCCOCCOCCOCCOCCOCCOCCOCCOCCOCCOCCOCCOCCOC(=O)C(=C)C,C=C(C)C(=O)OCCOCCOCCOCCOCCOCCOCCOCCOCCOC(=O)C(=C)C
43,C=C(C)C(=O)OCCOCCOCCOCCOCCOCCOCCOCCOCCOCCOCCOCCOCCOCCOCCOCCOCCOCCOCCOCCOC(=O)C(=C)C,C=CCOCC(CO)(COCC=C)COCC=C,"Here's a TSMP that includes the requested functional groups:
Monomer 1 (contains C=C(C=O)): C=C(C)C(=O)OCCOCCOCCOCCOCCOCCOCCOCCOCCOCCOCCOCCOCCOCCOCCOCCOCCOCCOCCOCCOC(=O)C(=C)C
Monomer 2 (contains C=C): C=CCOCC(CO)(COCC=C)COCC=C",acrylate(C=C(C=O)),vinyl(C=C),0.5,N/A,N/A,Suggest a TSMP system with one monomer having acrylate(C=C(C=O)) in monomer1 and the other featuring vinyl(C=C) in monomer2.,C=C(C)C(=O)OCCOCCOCCOCCOCCOCCOCCOCCOCCOCCOCCOCCOCCOCCOCCOCCOCCOCCOCCOCCOC(=O)C(=C)C,C=CCOCC(CO)(COCC=C)COCC=C
44,C=C(C)C(=O)OCCOCCOCCOCCOCCOCCOCCOCCOCCOCCOCCOCCOCCOCCOCCOCCOCCOCCOCCOCCOC(=O)C(=C)C,C=Cc1cccc(C=C)c1,"Here's a TSMP that includes the requested functional groups:
Monomer 1 (contains C=C(C=O)): C=C(C)C(=O)OCCOCCOCCOCCOCCOCCOCCOCCOCCOCCOCCOCCOCCOCCOCCOCCOCCOCCOCCOCCOC(=O)C(=C)C
Monomer 2 (contains C=C): C=Cc1cccc(C=C)c1",acrylate(C=C(C=O)),vinyl(C=C),0.5,N/A,N/A,Suggest a TSMP system with one monomer having acrylate(C=C(C=O)) in monomer1 and the other featuring vinyl(C=C) in monomer2.,C=C(C)C(=O)OCCOCCOCCOCCOCCOCCOCCOCCOCCOCCOCCOCCOCCOCCOCCOCCOCCOCCOCCOCCOC(=O)C(=C)C,C=Cc1cccc(C=C)c1
45,C=C(C)C(=O)OCCOCCOCCOCCOCCOCCOCCOCCOCCOCCOCCOCCOCCOCCOCCOCCOCCOCCOCCOCCOC(=O)C(=C)C,C=CCOCC(CO)(COCC=C)COCC=C,"Here is a TSMP that includes the requested functional groups:
Monomer 1 (contains C=C(C=O)): C=C(C)C(=O)OCCOCCOCCOCCOCCOCCOCCOCCOCCOCCOCCOCCOCCOCCOCCOCCOCCOCCOCCOCCOC(=O)C(=C)C
Monomer 2 (contains C=C): C=CCOCC(CO)(COCC=C)COCC=C",acrylate(C=C(C=O)),vinyl(C=C),0.5,N/A,N/A,Suggest a TSMP system with one monomer having acrylate(C=C(C=O)) in monomer1 and the other featuring vinyl(C=C) in monomer2.,C=C(C)C(=O)OCCOCCOCCOCCOCCOCCOCCOCCOCCOCCOCCOCCOCCOCCOCCOCCOCCOCCOCCOCCOC(=O)C(=C)C,C=CCOCC(CO)(COCC=C)COCC=C
46,C=CCOCC(CO)(COCC=C)COCC=C,O=c1ccc(=O)n1c4ccc(Cc3ccc(n2c(=O)ccc2=O)cc3)cc4,"Here is a TSMP that includes the requested functional groups:
Monomer 1 (contains C=C): C=CCOCC(CO)(COCC=C)COCC=C
Monomer 2 (contains =O): O=c1ccc(=O)n1c4ccc(Cc3ccc(n2c(=O)ccc2=O)cc3)cc4",vinyl(C=C),hydroxyl(=O),0.5,N/A,N/A,Suggest a TSMP system with one monomer having vinyl(C=C) in monomer1 and the other featuring hydroxyl(=O) in monomer2.,C=CCOCC(CO)(COCC=C)COCC=C,O=c1ccc(=O)n1c4ccc(Cc3ccc(n2c(=O)ccc2=O)cc3)cc4
47,C=C(C)C(=O)OCCOCCOCCOCCOCCOCCOCCOCCOCCOCCOCCOCCOCCOCCOCCOCCOCCOCCOCCOCCOC(=O)C(=C)C,C=C(C)C(=O)OCCOCCOCCOCCOCCOCCOCCOCCOCCOCCOCCOCCOCCOCCOCCOCCOCCOCCOCCOCCOCC(=O)C(=C)C,"Here's a TSMP that includes the requested functional groups:
Monomer 1 (contains vinyl(C=C)): C=C(C)C(=O)OCCOCCOCCOCCOCCOCCOCCOCCOCCOCCOCCOCCOCCOCCOCCOCCOCCOCCOCCOCCOC(=O)C(=C)C
Monomer 2 (contains hydroxyl(=O)): C=C(C)C(=O)OCCOCCOCCOCCOCCOCCOCCOCCOCCOCCOCCOCCOCCOCCOCCOCCOCCOCCOCCOCCOCC(=O)C(=C)C",vinyl(C=C),hydroxyl(=O),0.5,N/A,N/A,Suggest a TSMP system with one monomer having vinyl(C=C) in monomer1 and the other featuring hydroxyl(=O) in monomer2.,C=C(C)C(=O)OCCOCCOCCOCCOCCOCCOCCOCCOCCOCCOCCOCCOCCOCCOCCOCCOCCOCCOCCOCCOC(=O)C(=C)C,C=C(C)C(=O)OCCOCCOCCOCCOCCOCCOCCOCCOCCOCCOCCOCCOCCOCCOCCOCCOCCOCCOCCOCCOCC(=O)C(=C)C
48,C=C(C)C(=O)OCCOCCOCCOCCOCCOCCOCCOCCOCCOCCOCCOCCOCCOCCOCCOCCOCCOCCOCCOCCOC(=O)C(=C)C,C=CC(=O)OCCCC,"Here's a TSMP that includes the requested functional groups:
Monomer 1 (contains C=C): C=C(C)C(=O)OCCOCCOCCOCCOCCOCCOCCOCCOCCOCCOCCOCCOCCOCCOCCOCCOCCOCCOCCOCCOC(=O)C(=C)C
Monomer 2 (contains =O): C=CC(=O)OCCCC",vinyl(C=C),hydroxyl(=O),0.5,N/A,N/A,Suggest a TSMP system with one monomer having vinyl(C=C) in monomer1 and the other featuring hydroxyl(=O) in monomer2.,C=C(C)C(=O)OCCOCCOCCOCCOCCOCCOCCOCCOCCOCCOCCOCCOCCOCCOCCOCCOCCOCCOCCOCCOC(=O)C(=C)C,C=CC(=O)OCCCC
49,C=CCn1c(=O)n(CC=C)c(=O)n(CC=C)c1=O,C=C(C)C(=O)OCCOCCOCCOCCOCCOCCOCCOCCOCCOCCOCCOCCOC(=O)C(=C)C,"Here's a TSMP that includes the requested functional groups:
Monomer 1 (contains vinyl(C=C)): C=CCn1c(=O)n(CC=C)c(=O)n(CC=C)c1=O
Monomer 2 (contains =O): C=C(C)C(=O)OCCOCCOCCOCCOCCOCCOCCOCCOCCOCCOCCOCCOC(=O)C(=C)C",vinyl(C=C),hydroxyl(=O),0.5,N/A,N/A,Suggest a TSMP system with one monomer having vinyl(C=C) in monomer1 and the other featuring hydroxyl(=O) in monomer2.,C=CCn1c(=O)n(CC=C)c(=O)n(CC=C)c1=O,C=C(C)C(=O)OCCOCCOCCOCCOCCOCCOCCOCCOCCOCCOCCOCCOC(=O)C(=C)C
50,C=C(C)C(=O)OCCOCCOCCOCCOCCOCCOCCOCCOCCOCCOCCOCCOCCOCCOCCOCCOCCOC(=O)C(=C)C,O=c1n(CCS)c(=O)n(CCS)c(=O)n1CCS,"Here's a TSMP that includes the requested functional groups:
Monomer 1 (contains C=C): C=C(C)C(=O)OCCOCCOCCOCCOCCOCCOCCOCCOCCOCCOCCOCCOCCOCCOCCOCCOCCOC(=O)C(=C)C
Monomer 2 (contains =O): O=c1n(CCS)c(=O)n(CCS)c(=O)n1CCS",vinyl(C=C),hydroxyl(=O),0.5,N/A,N/A,Suggest a TSMP system with one monomer having vinyl(C=C) in monomer1 and the other featuring hydroxyl(=O) in monomer2.,C=C(C)C(=O)OCCOCCOCCOCCOCCOCCOCCOCCOCCOCCOCCOCCOCCOCCOCCOCCOCCOC(=O)C(=C)C,O=c1n(CCS)c(=O)n(CCS)c(=O)n1CCS
51,c2cc(OCC1CO1)ccc2Cc4ccc(OCC3CO3)cc4,CC(N)COCC(C)COCC(C)COCC(C)COCC(C)COCC(C)COCC(C)N,"Here is a TSMP that includes the requested functional groups:
Monomer 1 (contains C1OC1): c2cc(OCC1CO1)ccc2Cc4ccc(OCC3CO3)cc4
Monomer 2 (contains NC): CC(N)COCC(C)COCC(C)COCC(C)COCC(C)COCC(C)COCC(C)N",epoxy(C1OC1),imine(NC),0.7,N/A,N/A,"Generate two monomers for a TSMP, ensuring one includes epoxy(C1OC1) in monomer1 and the other includes imine(NC) in monomer2.",c2cc(OCC1CO1)ccc2Cc4ccc(OCC3CO3)cc4,CC(N)COCC(C)COCC(C)COCC(C)COCC(C)COCC(C)COCC(C)N
52,Cc3cc(c2cc(C)c(OCC1CO1)c(C)c2)cc(C)c3OCC4CO4,CC(N)COCC(C)OCC(C)OCC(C)OCC(C)OCC(C)OCC(C)N,"Here's a pair of monomers containing C1OC1 and NC groups, ideal for TSMP design:
Monomer 1: Cc3cc(c2cc(C)c(OCC1CO1)c(C)c2)cc(C)c3OCC4CO4
Monomer 2: CC(N)COCC(C)OCC(C)OCC(C)OCC(C)OCC(C)OCC(C)N",epoxy(C1OC1),imine(NC),0.7,N/A,N/A,"Generate two monomers for a TSMP, ensuring one includes epoxy(C1OC1) in monomer1 and the other includes imine(NC) in monomer2.",Cc3cc(c2cc(C)c(OCC1CO1)c(C)c2)cc(C)c3OCC4CO4,CC(N)COCC(C)OCC(C)OCC(C)OCC(C)OCC(C)OCC(C)N
53,C1OC1COC3COC4C(OC2CO2)COC34,CC(N)COCC(C)OCC(C)OCC(C)OCCOCCOCCOCCOCCOCCOCCOCCOCCOCCOCCOCCOCC(C)OCC(C)OCC(C)N,"Here is a group-compliant monomer pair:
Monomer 1 includes C1OC1 groups: C1OC1COC3COC4C(OC2CO2)COC34
Monomer 2 includes NC groups: CC(N)COCC(C)OCC(C)OCC(C)OCCOCCOCCOCCOCCOCCOCCOCCOCCOCCOCCOCCOCC(C)OCC(C)OCC(C)N",epoxy(C1OC1),imine(NC),0.7,N/A,N/A,"Generate two monomers for a TSMP, ensuring one includes epoxy(C1OC1) in monomer1 and the other includes imine(NC) in monomer2.",C1OC1COC3COC4C(OC2CO2)COC34,CC(N)COCC(C)OCC(C)OCC(C)OCCOCCOCCOCCOCCOCCOCCOCCOCCOCCOCCOCCOCC(C)OCC(C)OCC(C)N
54,CC(C)(c2ccc(OCCOCCOCCOCC1CO1)cc2)c4ccc(OCCOCCOCCOCC3CO3)cc4,CC(N)COCC(C)OCC(C)OCC(C)OCC(C)OCC(C)OCC(C)N,"Here's a TSMP that includes the requested functional groups:
Monomer 1 (contains C1OC1): CC(C)(c2ccc(OCCOCCOCCOCC1CO1)cc2)c4ccc(OCCOCCOCCOCC3CO3)cc4
Monomer 2 (contains NC): CC(N)COCC(C)OCC(C)OCC(C)OCC(C)OCC(C)OCC(C)N",epoxy(C1OC1),imine(NC),0.7,N/A,N/A,"Generate two monomers for a TSMP, ensuring one includes epoxy(C1OC1) in monomer1 and the other includes imine(NC) in monomer2.",CC(C)(c2ccc(OCCOCCOCCOCC1CO1)cc2)c4ccc(OCCOCCOCCOCC3CO3)cc4,CC(N)COCC(C)OCC(C)OCC(C)OCC(C)OCC(C)OCC(C)N
55,O=C(OCC1CO1)C3CC2OC2CC3C(=O)OCC4CO4,CC(N)COCC(C)OCC(C)OCC(C)OCC(C)OCC(C)OCC(C)OCCOCCOCCOCCOCCOCCOCCOCCOCCOCCOCCOCCOCCOCCOCCOCCOCCOCCOCCOCCOCCOCCOCCOCCOCCOCCOCCOCCOCC(C)OCC(C)OCC(C)OCC(C)OCC(C)N,"Here's a TSMP that includes the requested functional groups:
Monomer 1 (contains C1OC1): O=C(OCC1CO1)C3CC2OC2CC3C(=O)OCC4CO4
Monomer 2 (contains NC): CC(N)COCC(C)OCC(C)OCC(C)OCC(C)OCC(C)OCC(C)OCCOCCOCCOCCOCCOCCOCCOCCOCCOCCOCCOCCOCCOCCOCCOCCOCCOCCOCCOCCOCCOCCOCCOCCOCCOCCOCCOCCOCC(C)OCC(C)OCC(C)OCC(C)OCC(C)N",epoxy(C1OC1),imine(NC),0.7,N/A,N/A,"Generate two monomers for a TSMP, ensuring one includes epoxy(C1OC1) in monomer1 and the other includes imine(NC) in monomer2.",O=C(OCC1CO1)C3CC2OC2CC3C(=O)OCC4CO4,CC(N)COCC(C)OCC(C)OCC(C)OCC(C)OCC(C)OCC(C)OCCOCCOCCOCCOCCOCCOCCOCCOCCOCCOCCOCCOCCOCCOCCOCCOCCOCCOCCOCCOCCOCCOCCOCCOCCOCCOCCOCCOCC(C)OCC(C)OCC(C)OCC(C)OCC(C)N
56,C=C(C)C(=O)OCCOCCOCCOCCOCCOCCOCCOCCOCCOCCOCCOCCOCCOCCOCCOCCOCCOCCOCCOCCOC(=O)C(=C)C,C=C(CCS)OCC(COC(=O)CCS)(COC(=O)CCS)COC(=O)CCSC(=O)NCC1(C)CC(NC(=O)SCCC(=O)OCC(COC(=O)CCS)(COC(=O)CCS)COC(=O)CCS)CC(C)(C)C1,"Here is a TSMP that includes the requested functional groups:
Monomer 1 (contains C=C): C=C(C)C(=O)OCCOCCOCCOCCOCCOCCOCCOCCOCCOCCOCCOCCOCCOCCOCCOCCOCCOCCOCCOCCOC(=O)C(=C)C
Monomer 2 (contains CCS): C=C(CCS)OCC(COC(=O)CCS)(COC(=O)CCS)COC(=O)CCSC(=O)NCC1(C)CC(NC(=O)SCCC(=O)OCC(COC(=O)CCS)(COC(=O)CCS)COC(=O)CCS)CC(C)(C)C1",vinyl(C=C),thiol(CCS),0.7,N/A,N/A,Design a thermoset shape memory polymer using monomers that include vinyl(C=C) in monomer1 and thiol(CCS) in monomer2.,C=C(C)C(=O)OCCOCCOCCOCCOCCOCCOCCOCCOCCOCCOCCOCCOCCOCCOCCOCCOCCOCCOCCOCCOC(=O)C(=C)C,C=C(CCS)OCC(COC(=O)CCS)(COC(=O)CCS)COC(=O)CCSC(=O)NCC1(C)CC(NC(=O)SCCC(=O)OCC(COC(=O)CCS)(COC(=O)CCS)COC(=O)CCS)CC(C)(C)C1
57,C=C(C)C(=O)OCCOCCOCCOCCOCCOCCOCCOCCOC(=O)C(=C)C,C=C(CCS)OCC(COC(=O)CCS)(COC(=O)CCS)COC(=O)CCSC(=O)NCC1(C)CC(NC(=O)SCCC(=O)OCC(COC(=O)CCS)(COC(=O)CCS)COC(=O)CCS)CC(C)(C)C1,"Here's a TSMP that includes the requested functional groups:
Monomer 1 (contains C=C): C=C(C)C(=O)OCCOCCOCCOCCOCCOCCOCCOCCOC(=O)C(=C)C
Monomer 2 (contains CCS): C=C(CCS)OCC(COC(=O)CCS)(COC(=O)CCS)COC(=O)CCSC(=O)NCC1(C)CC(NC(=O)SCCC(=O)OCC(COC(=O)CCS)(COC(=O)CCS)COC(=O)CCS)CC(C)(C)C1",vinyl(C=C),thiol(CCS),0.7,N/A,N/A,Design a thermoset shape memory polymer using monomers that include vinyl(C=C) in monomer1 and thiol(CCS) in monomer2.,C=C(C)C(=O)OCCOCCOCCOCCOCCOCCOCCOCCOC(=O)C(=C)C,C=C(CCS)OCC(COC(=O)CCS)(COC(=O)CCS)COC(=O)CCSC(=O)NCC1(C)CC(NC(=O)SCCC(=O)OCC(COC(=O)CCS)(COC(=O)CCS)COC(=O)CCS)CC(C)(C)C1
58,C=C(C)C(=O)OCCOCCOCCOCCOCCOCCOCCOCCOC(=O)C(=C)C,C=C(CCS)OCC(COC(=O)CCS)(COC(=O)CCS)COC(=O)CCSC(=O)NCC1(C)CC(NC(=O)SCCC(=O)OCC(COC(=O)CCS)(COC(=O)CCS)COC(=O)CCS)CC(C)(C)C1,"Here's a TSMP that includes the requested functional groups:
Monomer 1 (contains C=C): C=C(C)C(=O)OCCOCCOCCOCCOCCOCCOCCOCCOC(=O)C(=C)C
Monomer 2 (contains CCS): C=C(CCS)OCC(COC(=O)CCS)(COC(=O)CCS)COC(=O)CCSC(=O)NCC1(C)CC(NC(=O)SCCC(=O)OCC(COC(=O)CCS)(COC(=O)CCS)COC(=O)CCS)CC(C)(C)C1",vinyl(C=C),thiol(CCS),0.7,N/A,N/A,Design a thermoset shape memory polymer using monomers that include vinyl(C=C) in monomer1 and thiol(CCS) in monomer2.,C=C(C)C(=O)OCCOCCOCCOCCOCCOCCOCCOCCOC(=O)C(=C)C,C=C(CCS)OCC(COC(=O)CCS)(COC(=O)CCS)COC(=O)CCSC(=O)NCC1(C)CC(NC(=O)SCCC(=O)OCC(COC(=O)CCS)(COC(=O)CCS)COC(=O)CCS)CC(C)(C)C1
59,C=C(C)C(=O)OCCOCCOCCOCCOCCOCCOCCOCCOCCOCCOCCOCCOC(=O)C(=C)C,O=c1n(CCS)c(=O)n(CCS)c(=O)n1CCS,"Here is a TSMP designed with the required functionalities:
Monomer 1 (contains C=C): C=C(C)C(=O)OCCOCCOCCOCCOCCOCCOCCOCCOCCOCCOCCOCCOC(=O)C(=C)C
Monomer 2 (contains CCS): O=c1n(CCS)c(=O)n(CCS)c(=O)n1CCS",vinyl(C=C),thiol(CCS),0.7,N/A,N/A,Design a thermoset shape memory polymer using monomers that include vinyl(C=C) in monomer1 and thiol(CCS) in monomer2.,C=C(C)C(=O)OCCOCCOCCOCCOCCOCCOCCOCCOCCOCCOCCOCCOC(=O)C(=C)C,O=c1n(CCS)c(=O)n(CCS)c(=O)n1CCS
60,C=C(C)C(=O)OCCOCCOCCOCCOCCOCCOCCOCCOCCOCCOCCOCCOCCOCCOCCOCCOCCOCCOCCOCCOC(=O)C(=C)C,CCC(COC(=O)CCS)(COC(=O)CCS)COC(=O)CCS,"Here's a TSMP that includes the requested functional groups:
Monomer 1 (contains C=C): C=C(C)C(=O)OCCOCCOCCOCCOCCOCCOCCOCCOCCOCCOCCOCCOCCOCCOCCOCCOCCOCCOCCOCCOC(=O)C(=C)C
Monomer 2 (contains CCS): CCC(COC(=O)CCS)(COC(=O)CCS)COC(=O)CCS",vinyl(C=C),thiol(CCS),0.7,N/A,N/A,Design a thermoset shape memory polymer using monomers that include vinyl(C=C) in monomer1 and thiol(CCS) in monomer2.,C=C(C)C(=O)OCCOCCOCCOCCOCCOCCOCCOCCOCCOCCOCCOCCOCCOCCOCCOCCOCCOCCOCCOCCOC(=O)C(=C)C,CCC(COC(=O)CCS)(COC(=O)CCS)COC(=O)CCS
61,C=C(C)C(=O)OCCOCCOCCOCCOCCOCCOCCOCCOCCOCCOCCOCCOCCOCCOCCOCCOCCOC(=O)C(=C)C,C=Cc1cccc(C=C)c1,"Here's a TSMP that includes the requested functional groups:
Monomer 1 (contains C=C): C=C(C)C(=O)OCCOCCOCCOCCOCCOCCOCCOCCOCCOCCOCCOCCOCCOCCOCCOCCOCCOC(=O)C(=C)C
Monomer 2 (contains C=C): C=Cc1cccc(C=C)c1",vinyl(C=C),vinyl(C=C),0.7,N/A,N/A,"Generate two monomers for a TSMP, ensuring one includes vinyl(C=C) in monomer1 and the other includes vinyl(C=C) in monomer2.",C=C(C)C(=O)OCCOCCOCCOCCOCCOCCOCCOCCOCCOCCOCCOCCOCCOCCOCCOCCOCCOC(=O)C(=C)C,C=Cc1cccc(C=C)c1
62,C=CCn1c(=O)n(CC=C)c(=O)n(CC=C)c1=O,C=CCc1ccccc1OCC(O)COC(=O)CCCCC(=O)OCC(O)COc2ccccc2CC=C,"Here's a TSMP that includes the requested functional groups:
Monomer 1 (contains C=C): C=CCn1c(=O)n(CC=C)c(=O)n(CC=C)c1=O
Monomer 2 (contains C=C): C=CCc1ccccc1OCC(O)COC(=O)CCCCC(=O)OCC(O)COc2ccccc2CC=C",vinyl(C=C),vinyl(C=C),0.7,N/A,N/A,"Generate two monomers for a TSMP, ensuring one includes vinyl(C=C) in monomer1 and the other includes vinyl(C=C) in monomer2.",C=CCn1c(=O)n(CC=C)c(=O)n(CC=C)c1=O,C=CCc1ccccc1OCC(O)COC(=O)CCCCC(=O)OCC(O)COc2ccccc2CC=C
63,C=C(C)C(=O)OCCOCCOCCOCCOCCOCCOCCOCCOCCOCCOCCOCCOCCOCCOCCOCCOCCOCCOCCOCCOC(=O)C(=C)C,C=C(C)C(=C)C(=C)C,"Here's a TSMP that includes the requested functional groups:
Monomer 1 (contains C=C): C=C(C)C(=O)OCCOCCOCCOCCOCCOCCOCCOCCOCCOCCOCCOCCOCCOCCOCCOCCOCCOCCOCCOCCOC(=O)C(=C)C
Monomer 2 (contains C=C): C=C(C)C(=C)C(=C)C",vinyl(C=C),vinyl(C=C),0.7,N/A,N/A,"Generate two monomers for a TSMP, ensuring one includes vinyl(C=C) in monomer1 and the other includes vinyl(C=C) in monomer2.",C=C(C)C(=O)OCCOCCOCCOCCOCCOCCOCCOCCOCCOCCOCCOCCOCCOCCOCCOCCOCCOCCOCCOCCOC(=O)C(=C)C,C=C(C)C(=C)C(=C)C
64,C=CCc1ccccc1OCC(O)COC(=O)Cc3ccc(C(=O)OCC(O)COc2ccccc2CC=C)cc3,C=CCc1ccccc1OCC(O)COc2ccccc2C(=O)OCC(O)COc3ccccc3C(=O)OCC(O)COc4ccccc4C(=O)NCC1(C)CC(N)CC(C)(C)CC(C)(C)N(CCC(C)OCC(O)COc5ccccc5C(=O)OCC(O)COc6ccccc6C(=O)OCC(O)COc7ccccc7C(=O)OCC(O)COc8ccccc8C(=O)N)CC(C)(C)C1,"Here's a pair of monomers containing the specified functional groups for potential TSMP formation:
Monomer 1 (contains C=C): C=CCc1ccccc1OCC(O)COC(=O)Cc3ccc(C(=O)OCC(O)COc2ccccc2CC=C)cc3
Monomer 2 (contains C=C): C=CCc1ccccc1OCC(O)COc2ccccc2C(=O)OCC(O)COc3ccccc3C(=O)OCC(O)COc4ccccc4C(=O)NCC1(C)CC(N)CC(C)(C)CC(C)(C)N(CCC(C)OCC(O)COc5ccccc5C(=O)OCC(O)COc6ccccc6C(=O)OCC(O)COc7ccccc7C(=O)OCC(O)COc8ccccc8C(=O)N)CC(C)(C)C1",vinyl(C=C),vinyl(C=C),0.7,N/A,N/A,"Generate two monomers for a TSMP, ensuring one includes vinyl(C=C) in monomer1 and the other includes vinyl(C=C) in monomer2.",C=CCc1ccccc1OCC(O)COC(=O)Cc3ccc(C(=O)OCC(O)COc2ccccc2CC=C)cc3,C=CCc1ccccc1OCC(O)COc2ccccc2C(=O)OCC(O)COc3ccccc3C(=O)OCC(O)COc4ccccc4C(=O)NCC1(C)CC(N)CC(C)(C)CC(C)(C)N(CCC(C)OCC(O)COc5ccccc5C(=O)OCC(O)COc6ccccc6C(=O)OCC(O)COc7ccccc7C(=O)OCC(O)COc8ccccc8C(=O)N)CC(C)(C)C1
65,C=C(C)C(=O)OCCOCCOCCOCCOCCOCCOCCOCCOCCOCCOCCOCCOCCOCCOCCOCCOCCOC(=O)C(=C)C,C=C(C)C(=O)OCCOCCOCCOCCOCCOCCOCCOCCOCCOCCOCCOCCOC(=O)C(=C)C,"Here is a TSMP that includes the requested functional groups:
Monomer 1 (contains C=C): C=C(C)C(=O)OCCOCCOCCOCCOCCOCCOCCOCCOCCOCCOCCOCCOCCOCCOCCOCCOCCOC(=O)C(=C)C
Monomer 2 (contains C=C): C=C(C)C(=O)OCCOCCOCCOCCOCCOCCOCCOCCOCCOCCOCCOCCOC(=O)C(=C)C",vinyl(C=C),vinyl(C=C),0.7,N/A,N/A,"Generate two monomers for a TSMP, ensuring one includes vinyl(C=C) in monomer1 and the other includes vinyl(C=C) in monomer2.",C=C(C)C(=O)OCCOCCOCCOCCOCCOCCOCCOCCOCCOCCOCCOCCOCCOCCOCCOCCOCCOC(=O)C(=C)C,C=C(C)C(=O)OCCOCCOCCOCCOCCOCCOCCOCCOCCOCCOCCOCCOC(=O)C(=C)C
66,C=C(C)C(=O)OCCOCCOCCOCCOCCOCCOCCOCCOCCOCCOCCOCCOCCOCCOCCOCCOCCOCCOCCOCCOC(=O)C(=C)C,C=CCOCC(CO)(COCC=C)COCC=C,"Here's a pair of monomers that match the required functional groups:
Monomer 1 (contains C=C(C=O)): C=C(C)C(=O)OCCOCCOCCOCCOCCOCCOCCOCCOCCOCCOCCOCCOCCOCCOCCOCCOCCOCCOCCOCCOC(=O)C(=C)C
Monomer 2 (contains C=C): C=CCOCC(CO)(COCC=C)COCC=C",acrylate(C=C(C=O)),vinyl(C=C),0.7,N/A,N/A,"Generate two monomers for a TSMP, ensuring one includes acrylate(C=C(C=O)) in monomer1 and the other includes vinyl(C=C) in monomer2.",C=C(C)C(=O)OCCOCCOCCOCCOCCOCCOCCOCCOCCOCCOCCOCCOCCOCCOCCOCCOCCOCCOCCOCCOC(=O)C(=C)C,C=CCOCC(CO)(COCC=C)COCC=C
67,C=C(C)C(=O)OCCOCCOCCOCCOCCOCCOCCOCCOCCOCCOCCOCCOCCOCCOCCOCCOCCOCCOCCOCCOC(=O)C(=C)C,C=CCOCC(CO)(COCC=C)COCC=C,"Here's a TSMP that includes the requested functional groups:
Monomer 1 (contains C=C(C=O)): C=C(C)C(=O)OCCOCCOCCOCCOCCOCCOCCOCCOCCOCCOCCOCCOCCOCCOCCOCCOCCOCCOCCOCCOC(=O)C(=C)C
Monomer 2 (contains C=C): C=CCOCC(CO)(COCC=C)COCC=C",acrylate(C=C(C=O)),vinyl(C=C),0.7,N/A,N/A,"Generate two monomers for a TSMP, ensuring one includes acrylate(C=C(C=O)) in monomer1 and the other includes vinyl(C=C) in monomer2.",C=C(C)C(=O)OCCOCCOCCOCCOCCOCCOCCOCCOCCOCCOCCOCCOCCOCCOCCOCCOCCOCCOCCOCCOC(=O)C(=C)C,C=CCOCC(CO)(COCC=C)COCC=C
68,C=C(C)C(=O)OCCOCCOCCOCCOCCOCCOCCOCCOCCOCCOCCOCCOCCOCCOCCOCCOCCOCCOCCOCCOC(=O)C(=C)C,C=Cc1cccc(C=C)c1,"Here's a TSMP that includes the requested functional groups:
Monomer 1 (contains C=C(C=O)): C=C(C)C(=O)OCCOCCOCCOCCOCCOCCOCCOCCOCCOCCOCCOCCOCCOCCOCCOCCOCCOCCOCCOCCOC(=O)C(=C)C
Monomer 2 (contains C=C): C=Cc1cccc(C=C)c1",acrylate(C=C(C=O)),vinyl(C=C),0.7,N/A,N/A,"Generate two monomers for a TSMP, ensuring one includes acrylate(C=C(C=O)) in monomer1 and the other includes vinyl(C=C) in monomer2.",C=C(C)C(=O)OCCOCCOCCOCCOCCOCCOCCOCCOCCOCCOCCOCCOCCOCCOCCOCCOCCOCCOCCOCCOC(=O)C(=C)C,C=Cc1cccc(C=C)c1
69,C=C(C)C(=O)OCCOCCOCCOCCOCCOCCOCCOCCOCCOCCOCCOCCOCCOCCOCCOCCOCCOCCOCCOCCOC(=O)C(=C)C,C=CCOCC(CO)(COCC=C)COCC=C,"Here's a TSMP that includes the requested functional groups:
Monomer 1 (contains C=C(C=O)): C=C(C)C(=O)OCCOCCOCCOCCOCCOCCOCCOCCOCCOCCOCCOCCOCCOCCOCCOCCOCCOCCOCCOCCOC(=O)C(=C)C
Monomer 2 (contains C=C): C=CCOCC(CO)(COCC=C)COCC=C",acrylate(C=C(C=O)),vinyl(C=C),0.7,N/A,N/A,"Generate two monomers for a TSMP, ensuring one includes acrylate(C=C(C=O)) in monomer1 and the other includes vinyl(C=C) in monomer2.",C=C(C)C(=O)OCCOCCOCCOCCOCCOCCOCCOCCOCCOCCOCCOCCOCCOCCOCCOCCOCCOCCOCCOCCOC(=O)C(=C)C,C=CCOCC(CO)(COCC=C)COCC=C
70,C=C(C)C(=O)OCCOCCOCCOCCOCCOCCOCCOCCOCCOCCOCCOCCOCCOCCOCCOCCOCCOCCOCCOCCOC(=O)C(=C)C,C=CCOCC(COCC=C)(COCC=C)COC(=O)NCC1(C)CC(NC(=O)OCC(COCC=C)(COCC=C)COCC=C)CC(C)(C)C1,"Here's a TSMP that includes the requested functional groups:
Monomer 1 (contains C=C(C=O)): C=C(C)C(=O)OCCOCCOCCOCCOCCOCCOCCOCCOCCOCCOCCOCCOCCOCCOCCOCCOCCOCCOCCOCCOC(=O)C(=C)C
Monomer 2 (contains C=C): C=CCOCC(COCC=C)(COCC=C)COC(=O)NCC1(C)CC(NC(=O)OCC(COCC=C)(COCC=C)COCC=C)CC(C)(C)C1",acrylate(C=C(C=O)),vinyl(C=C),0.7,N/A,N/A,"Generate two monomers for a TSMP, ensuring one includes acrylate(C=C(C=O)) in monomer1 and the other includes vinyl(C=C) in monomer2.",C=C(C)C(=O)OCCOCCOCCOCCOCCOCCOCCOCCOCCOCCOCCOCCOCCOCCOCCOCCOCCOCCOCCOCCOC(=O)C(=C)C,C=CCOCC(COCC=C)(COCC=C)COC(=O)NCC1(C)CC(NC(=O)OCC(COCC=C)(COCC=C)COCC=C)CC(C)(C)C1
71,C=C(C)C(=O)OCC(O)COc2ccc(C(C)(C)c1ccc(OCC(O)COC(=O)C(=C)C)cc1)cc2,C=C(C)C(=O)OCCOCCOCCOC(=O)C(=C)C,"Here's a pair of monomers containing vinyl and hydroxyl groups, ideal for TSMP design:
Monomer 1: C=C(C)C(=O)OCC(O)COc2ccc(C(C)(C)c1ccc(OCC(O)COC(=O)C(=C)C)cc1)cc2
Monomer 2: C=C(C)C(=O)OCCOCCOCCOC(=O)C(=C)C",vinyl(C=C),hydroxyl(=O),0.7,N/A,N/A,"Generate two monomers for a TSMP, ensuring one includes vinyl(C=C) in monomer1 and the other includes hydroxyl(=O) in monomer2.",C=C(C)C(=O)OCC(O)COc2ccc(C(C)(C)c1ccc(OCC(O)COC(=O)C(=C)C)cc1)cc2,C=C(C)C(=O)OCCOCCOCCOC(=O)C(=C)C
72,C=C(C)C(=O)OCCOCCOCCOCCOCCOCCOCCOCCOCCOCCOCCOCCOC(=O)C(=C)C,C=C(C)C(=O)OCCOCCOCCOCCOCCOCCOCCOCCOCCOC(=O)C(=C)C,"Here is a pair of monomers containing vinyl and hydroxyl groups, ideal for TSMP design:
Monomer 1: C=C(C)C(=O)OCCOCCOCCOCCOCCOCCOCCOCCOCCOCCOCCOCCOC(=O)C(=C)C
Monomer 2: C=C(C)C(=O)OCCOCCOCCOCCOCCOCCOCCOCCOCCOC(=O)C(=C)C",vinyl(C=C),hydroxyl(=O),0.7,N/A,N/A,"Generate two monomers for a TSMP, ensuring one includes vinyl(C=C) in monomer1 and the other includes hydroxyl(=O) in monomer2.",C=C(C)C(=O)OCCOCCOCCOCCOCCOCCOCCOCCOCCOCCOCCOCCOC(=O)C(=C)C,C=C(C)C(=O)OCCOCCOCCOCCOCCOCCOCCOCCOCCOC(=O)C(=C)C
73,C=C(C)C(=O)OCCOCCOCCOCCOCCOCCOCCOCCOCCOCCOCCOCCOCCOCCOCCOCCOCCOC(=O)C(=C)C,C=C(C)C(=O)OCCOCCOCCOC(=O)C(=C)C,"Here's a TSMP that includes the requested functional groups:
Monomer 1 (contains vinyl(C=C)): C=C(C)C(=O)OCCOCCOCCOCCOCCOCCOCCOCCOCCOCCOCCOCCOCCOCCOCCOCCOCCOC(=O)C(=C)C
Monomer 2 (contains hydroxyl(=O)): C=C(C)C(=O)OCCOCCOCCOC(=O)C(=C)C",vinyl(C=C),hydroxyl(=O),0.7,N/A,N/A,"Generate two monomers for a TSMP, ensuring one includes vinyl(C=C) in monomer1 and the other includes hydroxyl(=O) in monomer2.",C=C(C)C(=O)OCCOCCOCCOCCOCCOCCOCCOCCOCCOCCOCCOCCOCCOCCOCCOCCOCCOC(=O)C(=C)C,C=C(C)C(=O)OCCOCCOCCOC(=O)C(=C)C
74,C=C(C)C(=O)OCCOCCOCCOCCOCCOCCOCCOCCOC(=O)C(=C)C,C=CCOCC(CO)(COCC=C)COCC=C,"Here's a pair of monomers containing vinyl and hydroxyl groups respectively:
Monomer 1 (contains vinyl(C=C)): C=C(C)C(=O)OCCOCCOCCOCCOCCOCCOCCOCCOC(=O)C(=C)C
Monomer 2 (contains hydroxyl(=O)): C=CCOCC(CO)(COCC=C)COCC=C",vinyl(C=C),hydroxyl(=O),0.7,N/A,N/A,"Generate two monomers for a TSMP, ensuring one includes vinyl(C=C) in monomer1 and the other includes hydroxyl(=O) in monomer2.",C=C(C)C(=O)OCCOCCOCCOCCOCCOCCOCCOCCOC(=O)C(=C)C,C=CCOCC(CO)(COCC=C)COCC=C
75,C=C(C)C(=O)OCC(O)COc2ccc(C(C)(C)c1ccc(OCC(O)COC(=O)C(=C)C)cc1)cc2,C=C(C)C(=O)OCCOCCOCCOCCOCCOCCOCCOCCOCCOC(=O)C(=C)C,"Here's a pair of monomers containing vinyl and hydroxyl groups, ideal for TSMP design:
Monomer 1: C=C(C)C(=O)OCC(O)COc2ccc(C(C)(C)c1ccc(OCC(O)COC(=O)C(=C)C)cc1)cc2
Monomer 2: C=C(C)C(=O)OCCOCCOCCOCCOCCOCCOCCOCCOCCOC(=O)C(=C)C",vinyl(C=C),hydroxyl(=O),0.7,N/A,N/A,"Generate two monomers for a TSMP, ensuring one includes vinyl(C=C) in monomer1 and the other includes hydroxyl(=O) in monomer2.",C=C(C)C(=O)OCC(O)COc2ccc(C(C)(C)c1ccc(OCC(O)COC(=O)C(=C)C)cc1)cc2,C=C(C)C(=O)OCCOCCOCCOCCOCCOCCOCCOCCOCCOC(=O)C(=C)C
76,O=C(OCC1CO1)C3CC2OC2CC3C(=O)OCC4CO4,CC(N)COCC(C)OCC(C)OCC(C)N,"Here is a TSMP using monomers with the requested functional groups:
Monomer 1 (contains C1OC1): O=C(OCC1CO1)C3CC2OC2CC3C(=O)OCC4CO4
Monomer 2 (contains NC): CC(N)COCC(C)OCC(C)OCC(C)N",epoxy(C1OC1),imine(NC),0.9,N/A,N/A,"Generate two monomers for a TSMP, ensuring one includes epoxy(C1OC1) in monomer1 and the other includes imine(NC) in monomer2.",O=C(OCC1CO1)C3CC2OC2CC3C(=O)OCC4CO4,CC(N)COCC(C)OCC(C)OCC(C)N
77,c3cc(N(CC1CO1)CC2CO2)ccc3OCC4CO4,CC(N)COCC(C)COCC(C)COCC(C)COCC(C)COCC(C)COCC(C)N,"Here's a pair of monomers containing C1OC1 and NC groups, ideal for TSMP design:
Monomer 1: c3cc(N(CC1CO1)CC2CO2)ccc3OCC4CO4
Monomer 2: CC(N)COCC(C)COCC(C)COCC(C)COCC(C)COCC(C)COCC(C)N",epoxy(C1OC1),imine(NC),0.9,N/A,N/A,"Generate two monomers for a TSMP, ensuring one includes epoxy(C1OC1) in monomer1 and the other includes imine(NC) in monomer2.",c3cc(N(CC1CO1)CC2CO2)ccc3OCC4CO4,CC(N)COCC(C)COCC(C)COCC(C)COCC(C)COCC(C)COCC(C)N
78,CC(COc3ccc(C(C)(C)c2ccc(OCC(C)OCC1CO1)cc2)cc3)OCC4CO4,CC(CN)CCCN,"Here's a monomer pair incorporating C1OC1 and NC groups for potential TSMP formation:
Monomer 1: CC(COc3ccc(C(C)(C)c2ccc(OCC(C)OCC1CO1)cc2)cc3)OCC4CO4
Monomer 2: CC(CN)CCCN",epoxy(C1OC1),imine(NC),0.9,N/A,N/A,"Generate two monomers for a TSMP, ensuring one includes epoxy(C1OC1) in monomer1 and the other includes imine(NC) in monomer2.",CC(COc3ccc(C(C)(C)c2ccc(OCC(C)OCC1CO1)cc2)cc3)OCC4CO4,CC(CN)CCCN
79,c3cc(N(CC1CO1)CC2CO2)ccc3Cc6ccc(N(CC4CO4)CC5CO5)cc6,NCCCOCCOCCCN,"Here's a TSMP that includes the requested functional groups:
Monomer 1 (contains C1OC1): c3cc(N(CC1CO1)CC2CO2)ccc3Cc6ccc(N(CC4CO4)CC5CO5)cc6
Monomer 2 (contains NC): NCCCOCCOCCCN",epoxy(C1OC1),imine(NC),0.9,N/A,N/A,"Generate two monomers for a TSMP, ensuring one includes epoxy(C1OC1) in monomer1 and the other includes imine(NC) in monomer2.",c3cc(N(CC1CO1)CC2CO2)ccc3Cc6ccc(N(CC4CO4)CC5CO5)cc6,NCCCOCCOCCCN
80,Cc3cc(c2cc(C)c(OCC1CO1)c(C(C)(C)C)c2)cc(C(C)(C)C)c3OCC4CO4,CC(N)COCC(C)OCC(C)OCC(C)OCC(C)OCC(C)OCC(C)OCCOCCOCCOCCOCCOCCOCCOCCOCCOCCOCCOCCOCCOCCOCCOCCOCCOCCOCCOCCOCCOCCOCCOCCOCCOCCOCCOCCOCC(C)OCC(C)OCC(C)OCC(C)OCC(C)N,"Here is a TSMP that includes the requested functional groups:
Monomer 1 (contains C1OC1): Cc3cc(c2cc(C)c(OCC1CO1)c(C(C)(C)C)c2)cc(C(C)(C)C)c3OCC4CO4
Monomer 2 (contains NC): CC(N)COCC(C)OCC(C)OCC(C)OCC(C)OCC(C)OCC(C)OCCOCCOCCOCCOCCOCCOCCOCCOCCOCCOCCOCCOCCOCCOCCOCCOCCOCCOCCOCCOCCOCCOCCOCCOCCOCCOCCOCCOCC(C)OCC(C)OCC(C)OCC(C)OCC(C)N",epoxy(C1OC1),imine(NC),0.9,N/A,N/A,"Generate two monomers for a TSMP, ensuring one includes epoxy(C1OC1) in monomer1 and the other includes imine(NC) in monomer2.",Cc3cc(c2cc(C)c(OCC1CO1)c(C(C)(C)C)c2)cc(C(C)(C)C)c3OCC4CO4,CC(N)COCC(C)OCC(C)OCC(C)OCC(C)OCC(C)OCC(C)OCCOCCOCCOCCOCCOCCOCCOCCOCCOCCOCCOCCOCCOCCOCCOCCOCCOCCOCCOCCOCCOCCOCCOCCOCCOCCOCCOCCOCC(C)OCC(C)OCC(C)OCC(C)OCC(C)N
81,C=C(C)C(=O)OCCOCCOCCOCCOCCOCCOCCOCCOCCOCCOCCOCCOC(=O)C(=C)C,C=C(CCS)OCC(COC(=O)CCS)(COC(=O)CCS)COC(=O)CCSC(=O)NCC1(C)CC(NC(=O)SCCC(=O)OCC(COC(=O)CCS)(COC(=O)CCS)COC(=O)CCS)CC(C)(C)C1,"Here is a pair of monomers containing vinyl and thiol groups designed for TSMPs:
Monomer 1 (C=C): C=C(C)C(=O)OCCOCCOCCOCCOCCOCCOCCOCCOCCOCCOCCOCCOC(=O)C(=C)C
Monomer 2 (CCS): C=C(CCS)OCC(COC(=O)CCS)(COC(=O)CCS)COC(=O)CCSC(=O)NCC1(C)CC(NC(=O)SCCC(=O)OCC(COC(=O)CCS)(COC(=O)CCS)COC(=O)CCS)CC(C)(C)C1",vinyl(C=C),thiol(CCS),0.9,N/A,N/A,Suggest a TSMP system with one monomer having vinyl(C=C) in monomer1 and the other featuring thiol(CCS) in monomer2.,C=C(C)C(=O)OCCOCCOCCOCCOCCOCCOCCOCCOCCOCCOCCOCCOC(=O)C(=C)C,C=C(CCS)OCC(COC(=O)CCS)(COC(=O)CCS)COC(=O)CCSC(=O)NCC1(C)CC(NC(=O)SCCC(=O)OCC(COC(=O)CCS)(COC(=O)CCS)COC(=O)CCS)CC(C)(C)C1
82,C=CCOCC(CO)(COCC=C)COCC=C,C=C(CCS)OCCn1c(=O)n(CCOC(=O)CCS)c(=O)n(CCOC(=O)CCS)c1=O,"Here's a TSMP that includes the requested functional groups:
Monomer 1 (contains C=C): C=CCOCC(CO)(COCC=C)COCC=C
Monomer 2 (contains CCS): C=C(CCS)OCCn1c(=O)n(CCOC(=O)CCS)c(=O)n(CCOC(=O)CCS)c1=O",vinyl(C=C),thiol(CCS),0.9,N/A,N/A,Suggest a TSMP system with one monomer having vinyl(C=C) in monomer1 and the other featuring thiol(CCS) in monomer2.,C=CCOCC(CO)(COCC=C)COCC=C,C=C(CCS)OCCn1c(=O)n(CCOC(=O)CCS)c(=O)n(CCOC(=O)CCS)c1=O
83,C=C(C)C(=C)OCOCCOC(=O)C(=C)C,CCC(COC(=O)CCS)(COC(=O)CCS)COC(=O)CCS,"Here's a pair of monomers containing vinyl(C=C) and thiol(CCS) groups, ideal for TSMP design:
Monomer 1: C=C(C)C(=C)OCOCCOC(=O)C(=C)C
Monomer 2: CCC(COC(=O)CCS)(COC(=O)CCS)COC(=O)CCS",vinyl(C=C),thiol(CCS),0.9,N/A,N/A,Suggest a TSMP system with one monomer having vinyl(C=C) in monomer1 and the other featuring thiol(CCS) in monomer2.,C=C(C)C(=C)OCOCCOC(=O)C(=C)C,CCC(COC(=O)CCS)(COC(=O)CCS)COC(=O)CCS
84,C=CCn1c(=O)n(CC=C)c(=O)n(CC=C)c1=O,C=C(CCS)OCCn1c(=O)n(CCOC(=O)CCS)c(=O)n(CCOC(=O)CCS)c1=O,"Here is a group-compliant monomer pair:
Monomer 1 includes C=C groups: C=CCn1c(=O)n(CC=C)c(=O)n(CC=C)c1=O
Monomer 2 includes CCS groups: C=C(CCS)OCCn1c(=O)n(CCOC(=O)CCS)c(=O)n(CCOC(=O)CCS)c1=O",vinyl(C=C),thiol(CCS),0.9,N/A,N/A,Suggest a TSMP system with one monomer having vinyl(C=C) in monomer1 and the other featuring thiol(CCS) in monomer2.,C=CCn1c(=O)n(CC=C)c(=O)n(CC=C)c1=O,C=C(CCS)OCCn1c(=O)n(CCOC(=O)CCS)c(=O)n(CCOC(=O)CCS)c1=O
85,C=Cc1cccc(C=C)c1,C=C(CCS)OCCn1c(=O)n(CCOC(=O)CCS)c(=O)n(CCOC(=O)CCS)c1=O,"Here's a TSMP that includes the requested functional groups:
Monomer 1 (contains C=C): C=Cc1cccc(C=C)c1
Monomer 2 (contains CCS): C=C(CCS)OCCn1c(=O)n(CCOC(=O)CCS)c(=O)n(CCOC(=O)CCS)c1=O",vinyl(C=C),thiol(CCS),0.9,N/A,N/A,Suggest a TSMP system with one monomer having vinyl(C=C) in monomer1 and the other featuring thiol(CCS) in monomer2.,C=Cc1cccc(C=C)c1,C=C(CCS)OCCn1c(=O)n(CCOC(=O)CCS)c(=O)n(CCOC(=O)CCS)c1=O
86,C=CCOCC(CO)(COCC=C)COCC=C,C=C(C)C(=O)OCCOCCOCCOC(=O)C(=C)C,"Here is a pair of monomers containing the specified functional groups for potential TSMP formation:
Monomer 1 (contains C=C): C=CCOCC(CO)(COCC=C)COCC=C
Monomer 2 (contains C=C): C=C(C)C(=O)OCCOCCOCCOC(=O)C(=C)C",vinyl(C=C),vinyl(C=C),0.9,N/A,N/A,"Generate two monomers for a TSMP, ensuring one includes vinyl(C=C) in monomer1 and the other includes vinyl(C=C) in monomer2.",C=CCOCC(CO)(COCC=C)COCC=C,C=C(C)C(=O)OCCOCCOCCOC(=O)C(=C)C
87,C=CCc1ccccc1OCC(O)COC(=O)Cc3ccc(C(=O)OCC(O)COc2ccccc2CC=C)cc3,C=CCOCC(CO)(COCC=C)COCC=C,"Here is a pair of monomers containing the specified functional groups for potential TSMP formation:
Monomer 1 (contains C=C): C=CCc1ccccc1OCC(O)COC(=O)Cc3ccc(C(=O)OCC(O)COc2ccccc2CC=C)cc3
Monomer 2 (contains C=C): C=CCOCC(CO)(COCC=C)COCC=C",vinyl(C=C),vinyl(C=C),0.9,N/A,N/A,"Generate two monomers for a TSMP, ensuring one includes vinyl(C=C) in monomer1 and the other includes vinyl(C=C) in monomer2.",C=CCc1ccccc1OCC(O)COC(=O)Cc3ccc(C(=O)OCC(O)COc2ccccc2CC=C)cc3,C=CCOCC(CO)(COCC=C)COCC=C
88,C=CCn1c(=O)n(CC=C)c(=O)n(CC=C)c1=O,C=CCOCC(COCC=C)(COCC=C)COC(=O)NCC1(C)CC(NC(=O)OCC(COCC=C)(COCC=C)COCC=C)CC(C)(C)C1,"Here's a pair of monomers containing C=C groups suitable for TSMPs:
Monomer 1: C=CCn1c(=O)n(CC=C)c(=O)n(CC=C)c1=O
Monomer 2: C=CCOCC(COCC=C)(COCC=C)COC(=O)NCC1(C)CC(NC(=O)OCC(COCC=C)(COCC=C)COCC=C)CC(C)(C)C1",vinyl(C=C),vinyl(C=C),0.9,N/A,N/A,"Generate two monomers for a TSMP, ensuring one includes vinyl(C=C) in monomer1 and the other includes vinyl(C=C) in monomer2.",C=CCn1c(=O)n(CC=C)c(=O)n(CC=C)c1=O,C=CCOCC(COCC=C)(COCC=C)COC(=O)NCC1(C)CC(NC(=O)OCC(COCC=C)(COCC=C)COCC=C)CC(C)(C)C1
89,C=C(C)C(=O)OCCOCCOCCOCCOCCOCCOCCOCCOCCOCCOCCOCCOCCOCCOCCOCCOCCOC(=O)C(=C)C,C=Cc1cccc(C=C)c1,"Here is a TSMP that includes the requested functional groups:
Monomer 1 (contains C=C): C=C(C)C(=O)OCCOCCOCCOCCOCCOCCOCCOCCOCCOCCOCCOCCOCCOCCOCCOCCOCCOC(=O)C(=C)C
Monomer 2 (contains C=C): C=Cc1cccc(C=C)c1",vinyl(C=C),vinyl(C=C),0.9,N/A,N/A,"Generate two monomers for a TSMP, ensuring one includes vinyl(C=C) in monomer1 and the other includes vinyl(C=C) in monomer2.",C=C(C)C(=O)OCCOCCOCCOCCOCCOCCOCCOCCOCCOCCOCCOCCOCCOCCOCCOCCOCCOC(=O)C(=C)C,C=Cc1cccc(C=C)c1
90,C=C(C)C(=O)OCCOCCOCCOCCOCCOCCOCCOCCOCCOCCOCCOCCOCCOCCOCCOCCOCCOCCOCCOCCOC(=O)C(=C)C,C=Cc1cccc(C=C)c1,"Monomer 1 contains C=C groups: C=C(C)C(=O)OCCOCCOCCOCCOCCOCCOCCOCCOCCOCCOCCOCCOCCOCCOCCOCCOCCOCCOCCOCCOC(=O)C(=C)C
Monomer 2 contains C=C groups: C=Cc1cccc(C=C)c1",vinyl(C=C),vinyl(C=C),0.9,N/A,N/A,"Generate two monomers for a TSMP, ensuring one includes vinyl(C=C) in monomer1 and the other includes vinyl(C=C) in monomer2.",C=C(C)C(=O)OCCOCCOCCOCCOCCOCCOCCOCCOCCOCCOCCOCCOCCOCCOCCOCCOCCOCCOCCOCCOC(=O)C(=C)C,C=Cc1cccc(C=C)c1
91,O=C(OCC1CO1)C3CC2OC2CC3C(=O)OCC4CO4,C=CCOCC(CO)(COCC=C)COCC=C,"Here's a TSMP that includes the requested functional groups:
Monomer 1 (contains C=C(C=O)): O=C(OCC1CO1)C3CC2OC2CC3C(=O)OCC4CO4
Monomer 2 (contains C=C): C=CCOCC(CO)(COCC=C)COCC=C",acrylate(C=C(C=O)),vinyl(C=C),0.9,N/A,N/A,"Generate two monomers for a TSMP, ensuring one includes acrylate(C=C(C=O)) in monomer1 and the other includes vinyl(C=C) in monomer2.",O=C(OCC1CO1)C3CC2OC2CC3C(=O)OCC4CO4,C=CCOCC(CO)(COCC=C)COCC=C
92,C=C(C)C(=O)OCCOCCOCCOCCOCCOCCOCCOCCOCCOCCOCCOCCOCCOCCOCCOCCOCCOCCOCCOCCOC(=O)C(=C)C,C=C(C)C(=O)OCCOCCOCCOCCOCCOCCOCCOCCOCCOC(=O)C(=C)C,"Here's a TSMP that includes the requested functional groups:
Monomer 1 (contains C=C(C=O)): C=C(C)C(=O)OCCOCCOCCOCCOCCOCCOCCOCCOCCOCCOCCOCCOCCOCCOCCOCCOCCOCCOCCOCCOC(=O)C(=C)C
Monomer 2 (contains C=C): C=C(C)C(=O)OCCOCCOCCOCCOCCOCCOCCOCCOCCOC(=O)C(=C)C",acrylate(C=C(C=O)),vinyl(C=C),0.9,N/A,N/A,"Generate two monomers for a TSMP, ensuring one includes acrylate(C=C(C=O)) in monomer1 and the other includes vinyl(C=C) in monomer2.",C=C(C)C(=O)OCCOCCOCCOCCOCCOCCOCCOCCOCCOCCOCCOCCOCCOCCOCCOCCOCCOCCOCCOCCOC(=O)C(=C)C,C=C(C)C(=O)OCCOCCOCCOCCOCCOCCOCCOCCOCCOC(=O)C(=C)C
93,C=C(C)C(=O)OCC(O)COc2ccc(C(C)(C)c1ccc(OCC(O)COC(=O)C(=C)C)cc1)cc2,C=CCOCC(CO)(COCC=C)COCC=C,"Here's a TSMP that includes the requested functional groups:
Monomer 1 (contains C=C(C=O)): C=C(C)C(=O)OCC(O)COc2ccc(C(C)(C)c1ccc(OCC(O)COC(=O)C(=C)C)cc1)cc2
Monomer 2 (contains C=C): C=CCOCC(CO)(COCC=C)COCC=C",acrylate(C=C(C=O)),vinyl(C=C),0.9,N/A,N/A,"Generate two monomers for a TSMP, ensuring one includes acrylate(C=C(C=O)) in monomer1 and the other includes vinyl(C=C) in monomer2.",C=C(C)C(=O)OCC(O)COc2ccc(C(C)(C)c1ccc(OCC(O)COC(=O)C(=C)C)cc1)cc2,C=CCOCC(CO)(COCC=C)COCC=C
94,C=C(C)C(=O)OCCOCCOCCOCCOCCOCCOCCOCCOCCOCCOCCOCCOCCOCCOCCOCCOCCOCCOCCOCCOC(=O)C(=C)C,C=C(C)C(=O)OCCOCCOCCOCCOCCOCCOCCOCCOCCOCCOCCOCCOCCOCCOCCOCCOCCOCCOCCOCCOCC(C)(C)C(=O)OCCOCCOCCOCCOCCOCCOCCOCCOCCOCCOCCOCCOCC(C)(C)C(=O)OCCOCCOCCOCCOCCOCCOCCOCCOCCOCCOCCOCCOCC(C)(C)C(=O)OCCOCCOCCOCCOCCOCCOCCOCCOCCOCCOCCOCCOC(=O)C,"Here is a pair of monomers containing C=C(C=O) and C=C groups, ideal for TSMP design:
Monomer 1: C=C(C)C(=O)OCCOCCOCCOCCOCCOCCOCCOCCOCCOCCOCCOCCOCCOCCOCCOCCOCCOCCOCCOCCOC(=O)C(=C)C
Monomer 2: C=C(C)C(=O)OCCOCCOCCOCCOCCOCCOCCOCCOCCOCCOCCOCCOCCOCCOCCOCCOCCOCCOCCOCCOCC(C)(C)C(=O)OCCOCCOCCOCCOCCOCCOCCOCCOCCOCCOCCOCCOCC(C)(C)C(=O)OCCOCCOCCOCCOCCOCCOCCOCCOCCOCCOCCOCCOCC(C)(C)C(=O)OCCOCCOCCOCCOCCOCCOCCOCCOCCOCCOCCOCCOC(=O)C",acrylate(C=C(C=O)),vinyl(C=C),0.9,N/A,N/A,"Generate two monomers for a TSMP, ensuring one includes acrylate(C=C(C=O)) in monomer1 and the other includes vinyl(C=C) in monomer2.",C=C(C)C(=O)OCCOCCOCCOCCOCCOCCOCCOCCOCCOCCOCCOCCOCCOCCOCCOCCOCCOCCOCCOCCOC(=O)C(=C)C,C=C(C)C(=O)OCCOCCOCCOCCOCCOCCOCCOCCOCCOCCOCCOCCOCCOCCOCCOCCOCCOCCOCCOCCOCC(C)(C)C(=O)OCCOCCOCCOCCOCCOCCOCCOCCOCCOCCOCCOCCOCC(C)(C)C(=O)OCCOCCOCCOCCOCCOCCOCCOCCOCCOCCOCCOCCOCC(C)(C)C(=O)OCCOCCOCCOCCOCCOCCOCCOCCOCCOCCOCCOCCOC(=O)C
95,C=C(C)C(=O)OCC(O)COc2ccc(C(C)(C)c1ccc(OCC(O)COC(=O)C(=C)C)cc1)cc2,C=CCOCC(CO)(COCC=C)COCC=C,"Here's a pair of monomers containing C=C(C=O) and C=C groups, ideal for TSMP design:
Monomer 1: C=C(C)C(=O)OCC(O)COc2ccc(C(C)(C)c1ccc(OCC(O)COC(=O)C(=C)C)cc1)cc2
Monomer 2: C=CCOCC(CO)(COCC=C)COCC=C",acrylate(C=C(C=O)),vinyl(C=C),0.9,N/A,N/A,"Generate two monomers for a TSMP, ensuring one includes acrylate(C=C(C=O)) in monomer1 and the other includes vinyl(C=C) in monomer2.",C=C(C)C(=O)OCC(O)COc2ccc(C(C)(C)c1ccc(OCC(O)COC(=O)C(=C)C)cc1)cc2,C=CCOCC(CO)(COCC=C)COCC=C
96,C=CCOCC(CO)(COCC=C)COCC=C,CC(=O)OCCOCCOCCOCCOCCOCCOCCOCCOCCOCCOCCOCCOCCOCCOCCOCCOCCOCCOCCOCCOCCOCCOCCOCCOCC(C=O)C(=O)OCC(C)OCC(C)OCC(C)OCC(C)OCC(C)OCC(C)OCC(C)OCC(C)OCC(C)OCC(C)N,"Here's a pair of monomers containing vinyl and hydroxyl groups for potential TSMP formation:
Monomer 1: C=CCOCC(CO)(COCC=C)COCC=C
Monomer 2: CC(=O)OCCOCCOCCOCCOCCOCCOCCOCCOCCOCCOCCOCCOCCOCCOCCOCCOCCOCCOCCOCCOCCOCCOCCOCCOCC(C=O)C(=O)OCC(C)OCC(C)OCC(C)OCC(C)OCC(C)OCC(C)OCC(C)OCC(C)OCC(C)OCC(C)N",vinyl(C=C),hydroxyl(=O),0.9,N/A,N/A,Design a thermoset shape memory polymer using monomers that include vinyl(C=C) in monomer1 and hydroxyl(=O) in monomer2.,C=CCOCC(CO)(COCC=C)COCC=C,CC(=O)OCCOCCOCCOCCOCCOCCOCCOCCOCCOCCOCCOCCOCCOCCOCCOCCOCCOCCOCCOCCOCCOCCOCCOCCOCC(C=O)C(=O)OCC(C)OCC(C)OCC(C)OCC(C)OCC(C)OCC(C)OCC(C)OCC(C)OCC(C)OCC(C)N
97,C=C(C)C(=O)OCCOCCOCCOCCOCCOCCOCCOCCOC(=O)C(=C)C,C=C(C)C(=O)OCC(O)COc2ccc(C(C)(C)c1ccc(OCC(O)COC(=O)C(=C)C)cc1)cc2,"Here's a TSMP that includes the requested functional groups:
Monomer 1 (contains C=C): C=C(C)C(=O)OCCOCCOCCOCCOCCOCCOCCOCCOC(=O)C(=C)C
Monomer 2 (contains =O): C=C(C)C(=O)OCC(O)COc2ccc(C(C)(C)c1ccc(OCC(O)COC(=O)C(=C)C)cc1)cc2",vinyl(C=C),hydroxyl(=O),0.9,N/A,N/A,Design a thermoset shape memory polymer using monomers that include vinyl(C=C) in monomer1 and hydroxyl(=O) in monomer2.,C=C(C)C(=O)OCCOCCOCCOCCOCCOCCOCCOCCOC(=O)C(=C)C,C=C(C)C(=O)OCC(O)COc2ccc(C(C)(C)c1ccc(OCC(O)COC(=O)C(=C)C)cc1)cc2
98,C=C(C)C(=O)OCCOCCOCCOCCOCCOCCOCCOCCOCCOCCOCCOCCOCCOCCOCCOCCOCCOCCOCCOCCOC(=O)C(=C)C,C=C(C)C(=O)OCC(O)COc2ccc(C(C)(C)c1ccc(OCC(O)COC(=O)C(=C)C)cc1)cc2,"Here's a TSMP that includes the requested functional groups:
Monomer 1 (contains C=C): C=C(C)C(=O)OCCOCCOCCOCCOCCOCCOCCOCCOCCOCCOCCOCCOCCOCCOCCOCCOCCOCCOCCOCCOC(=O)C(=C)C
Monomer 2 (contains =O): C=C(C)C(=O)OCC(O)COc2ccc(C(C)(C)c1ccc(OCC(O)COC(=O)C(=C)C)cc1)cc2",vinyl(C=C),hydroxyl(=O),0.9,N/A,N/A,Design a thermoset shape memory polymer using monomers that include vinyl(C=C) in monomer1 and hydroxyl(=O) in monomer2.,C=C(C)C(=O)OCCOCCOCCOCCOCCOCCOCCOCCOCCOCCOCCOCCOCCOCCOCCOCCOCCOCCOCCOCCOC(=O)C(=C)C,C=C(C)C(=O)OCC(O)COc2ccc(C(C)(C)c1ccc(OCC(O)COC(=O)C(=C)C)cc1)cc2
99,c1ccc3c(c1)c2ccccc2C3(c5ccc(OCCOCC4CO4)cc5)c7ccc(OCCOCC6CO6)cc7,CC(=O)OCCOCCOCCOCCOCCOCCOCCOCCOCCOCCOC(=O)C(C)=O,"Monomer 1 will be based on vinyl(C=C): c1ccc3c(c1)c2ccccc2C3(c5ccc(OCCOCC4CO4)cc5)c7ccc(OCCOCC6CO6)cc7
Monomer 2 will be based on =O: CC(=O)OCCOCCOCCOCCOCCOCCOCCOCCOCCOCCOC(=O)C(C)=O",vinyl(C=C),hydroxyl(=O),0.9,N/A,N/A,Design a thermoset shape memory polymer using monomers that include vinyl(C=C) in monomer1 and hydroxyl(=O) in monomer2.,c1ccc3c(c1)c2ccccc2C3(c5ccc(OCCOCC4CO4)cc5)c7ccc(OCCOCC6CO6)cc7,CC(=O)OCCOCCOCCOCCOCCOCCOCCOCCOCCOCCOC(=O)C(C)=O
100,C=C(C)C(=O)OCC(O)COc2ccc(C(C)(C)c1ccc(OCC(O)COC(=O)C(=C)C)cc1)cc2,C=CC(=O)OCCn1c(=O)n(CCOC(=O)C=C)c(=O)n(CCOC(=O)C=C)c1=O,"Here's a TSMP that includes the requested functional groups:
Monomer 1 (contains C=C): C=C(C)C(=O)OCC(O)COc2ccc(C(C)(C)c1ccc(OCC(O)COC(=O)C(=C)C)cc1)cc2
Monomer 2 (contains =O): C=CC(=O)OCCn1c(=O)n(CCOC(=O)C=C)c(=O)n(CCOC(=O)C=C)c1=O",vinyl(C=C),hydroxyl(=O),0.9,N/A,N/A,Design a thermoset shape memory polymer using monomers that include vinyl(C=C) in monomer1 and hydroxyl(=O) in monomer2.,C=C(C)C(=O)OCC(O)COc2ccc(C(C)(C)c1ccc(OCC(O)COC(=O)C(=C)C)cc1)cc2,C=CC(=O)OCCn1c(=O)n(CCOC(=O)C=C)c(=O)n(CCOC(=O)C=C)c1=O
101,CC(C/C=C\\CC(=O)OCC(O)COc3ccc(C(C)(C)c2ccc(OCC1CO1)cc2)cc3)C(=O)OCC(O)COc6ccc(C(C)(C)c5ccc(OCC4CO4)cc5)cc6,NCCNCCN(CCNCCC(CN)CCN)CCN(CCNCCN)CCN(CCN)CCN,"Here's a pair of monomers containing C1OC1 and NC groups, ideal for TSMP design:
Monomer 1: CC(C/C=C\CC(=O)OCC(O)COc3ccc(C(C)(C)c2ccc(OCC1CO1)cc2)cc3)C(=O)OCC(O)COc6ccc(C(C)(C)c5ccc(OCC4CO4)cc5)cc6
Monomer 2: NCCNCCN(CCNCCC(CN)CCN)CCN(CCNCCN)CCN(CCN)CCN",epoxy(C1OC1),imine(NC),1,N/A,N/A,"Generate two monomers for a TSMP, ensuring one includes epoxy(C1OC1) in monomer1 and the other includes imine(NC) in monomer2.",CC(C/C=C\\CC(=O)OCC(O)COc3ccc(C(C)(C)c2ccc(OCC1CO1)cc2)cc3)C(=O)OCC(O)COc6ccc(C(C)(C)c5ccc(OCC4CO4)cc5)cc6,NCCNCCN(CCNCCC(CN)CCN)CCN(CCNCCN)CCN(CCN)CCN
102,c1ccc3c(c1)c2ccccc2C3(c5ccc(OCCOCC4CO4)cc5)c7ccc(OCCOCC6CO6)cc7,CC(N)COCC(C)COCC(C)COCC(C)COCC(C)COCC(C)COCC(C)N,"Here is a pair of monomers containing C1OC1 and NC groups, ideal for TSMP design:
Monomer 1: c1ccc3c(c1)c2ccccc2C3(c5ccc(OCCOCC4CO4)cc5)c7ccc(OCCOCC6CO6)cc7
Monomer 2: CC(N)COCC(C)COCC(C)COCC(C)COCC(C)COCC(C)COCC(C)N",epoxy(C1OC1),imine(NC),1,N/A,N/A,"Generate two monomers for a TSMP, ensuring one includes epoxy(C1OC1) in monomer1 and the other includes imine(NC) in monomer2.",c1ccc3c(c1)c2ccccc2C3(c5ccc(OCCOCC4CO4)cc5)c7ccc(OCCOCC6CO6)cc7,CC(N)COCC(C)COCC(C)COCC(C)COCC(C)COCC(C)COCC(C)N
103,Cc3cc(c2cc(C)c(OCC1CO1)c(C)c2)cc(C)c3OCC4CO4,CCC(COCC(C)OCC(C)N)(COCC(C)OCC(C)N)COCC(C)OCC(C)N,"Here's a TSMP that includes the requested functional groups:
Monomer 1 (contains C1OC1): Cc3cc(c2cc(C)c(OCC1CO1)c(C)c2)cc(C)c3OCC4CO4
Monomer 2 (contains NC): CCC(COCC(C)OCC(C)N)(COCC(C)OCC(C)N)COCC(C)OCC(C)N",epoxy(C1OC1),imine(NC),1,N/A,N/A,"Generate two monomers for a TSMP, ensuring one includes epoxy(C1OC1) in monomer1 and the other includes imine(NC) in monomer2.",Cc3cc(c2cc(C)c(OCC1CO1)c(C)c2)cc(C)c3OCC4CO4,CCC(COCC(C)OCC(C)N)(COCC(C)OCC(C)N)COCC(C)OCC(C)N
104,CC(C)(c4ccc(OCC(O)COc3ccc(C(C)(C)c2ccc(OCC1CO1)cc2)cc3)cc4)c6ccc(OCC5CO5)cc6,CC1(C)CC(N)CC(C)(CN)C1,"Here's a TSMP that includes the requested functional groups:
Monomer 1 (contains C1OC1): CC(C)(c4ccc(OCC(O)COc3ccc(C(C)(C)c2ccc(OCC1CO1)cc2)cc3)cc4)c6ccc(OCC5CO5)cc6
Monomer 2 (contains NC): CC1(C)CC(N)CC(C)(CN)C1",epoxy(C1OC1),imine(NC),1,N/A,N/A,"Generate two monomers for a TSMP, ensuring one includes epoxy(C1OC1) in monomer1 and the other includes imine(NC) in monomer2.",CC(C)(c4ccc(OCC(O)COc3ccc(C(C)(C)c2ccc(OCC1CO1)cc2)cc3)cc4)c6ccc(OCC5CO5)cc6,CC1(C)CC(N)CC(C)(CN)C1
105,CC(COc3ccc(C(C)(C)c2ccc(OCC(C)OCC1CO1)cc2)cc3)OCC4CO4,CC1(C)CC(N)CC(C)(CN)C1,"Here is a group-compliant monomer pair:
Monomer 1 includes C1OC1: CC(COc3ccc(C(C)(C)c2ccc(OCC(C)OCC1CO1)cc2)cc3)OCC4CO4
Monomer 2 includes NC: CC1(C)CC(N)CC(C)(CN)C1",epoxy(C1OC1),imine(NC),1,N/A,N/A,"Generate two monomers for a TSMP, ensuring one includes epoxy(C1OC1) in monomer1 and the other includes imine(NC) in monomer2.",CC(COc3ccc(C(C)(C)c2ccc(OCC(C)OCC1CO1)cc2)cc3)OCC4CO4,CC1(C)CC(N)CC(C)(CN)C1
106,C=C(C)C(=O)OCCOCCOCCOCCOCCOCCOCCOCCOC(=O)C(=C)C,O=c1n(CCS)c(=O)n(CCS)c(=O)n1CCS,"Here's a TSMP that includes the requested functional groups:
Monomer 1 (contains C=C): C=C(C)C(=O)OCCOCCOCCOCCOCCOCCOCCOCCOC(=O)C(=C)C
Monomer 2 (contains CCS): O=c1n(CCS)c(=O)n(CCS)c(=O)n1CCS",vinyl(C=C),thiol(CCS),1,N/A,N/A,Suggest a TSMP system with one monomer having vinyl(C=C) in monomer1 and the other featuring thiol(CCS) in monomer2.,C=C(C)C(=O)OCCOCCOCCOCCOCCOCCOCCOCCOC(=O)C(=C)C,O=c1n(CCS)c(=O)n(CCS)c(=O)n1CCS
107,C=CCOCC(CO)(COCC=C)COCC=C,CC(C)(C)C6CC2(CCS)C1CC1(COC(=O)CCS)COC(=O)CCS2,"Here's a TSMP that includes the requested functional groups:
Monomer 1 (contains C=C): C=CCOCC(CO)(COCC=C)COCC=C
Monomer 2 (contains CCS): CC(C)(C)C6CC2(CCS)C1CC1(COC(=O)CCS)COC(=O)CCS2",vinyl(C=C),thiol(CCS),1,N/A,N/A,Suggest a TSMP system with one monomer having vinyl(C=C) in monomer1 and the other featuring thiol(CCS) in monomer2.,C=CCOCC(CO)(COCC=C)COCC=C,CCC(COC(O)CCS)COC(O)CCSC(CCS)CCC(C)(C)C
108,C=CCOCC(COCC=C)(COCC=C)COC(=O)NCC1(C)CC(NC(=O)OCC(COCC=C)(COCC=C)COCC=C)CC(C)(C)C1,CCC(COC(=O)CCS)(COC(=O)CCS)COC(=O)CCS,"Here's a TSMP that includes the requested functional groups:
Monomer 1 (contains C=C): C=CCOCC(COCC=C)(COCC=C)COC(=O)NCC1(C)CC(NC(=O)OCC(COCC=C)(COCC=C)COCC=C)CC(C)(C)C1
Monomer 2 (contains CCS): CCC(COC(=O)CCS)(COC(=O)CCS)COC(=O)CCS",vinyl(C=C),thiol(CCS),1,N/A,N/A,Suggest a TSMP system with one monomer having vinyl(C=C) in monomer1 and the other featuring thiol(CCS) in monomer2.,C=CCOCC(COCC=C)(COCC=C)COC(=O)NCC1(C)CC(NC(=O)OCC(COCC=C)(COCC=C)COCC=C)CC(C)(C)C1,CCC(COC(=O)CCS)(COC(=O)CCS)COC(=O)CCS
109,C=CCc1ccccc1OCC(O)COC(=O)Cc3ccc(C(=O)OCC(O)COc2ccccc2CC=C)cc3,CCC(COC(=O)CCS)(COC(=O)CCS)COC(=O)CCS,"Here's a TSMP that includes the requested functional groups:
Monomer 1 (contains C=C): C=CCc1ccccc1OCC(O)COC(=O)Cc3ccc(C(=O)OCC(O)COc2ccccc2CC=C)cc3
Monomer 2 (contains CCS): CCC(COC(=O)CCS)(COC(=O)CCS)COC(=O)CCS",vinyl(C=C),thiol(CCS),1,N/A,N/A,Suggest a TSMP system with one monomer having vinyl(C=C) in monomer1 and the other featuring thiol(CCS) in monomer2.,C=CCc1ccccc1OCC(O)COC(=O)Cc3ccc(C(=O)OCC(O)COc2ccccc2CC=C)cc3,CCC(COC(=O)CCS)(COC(=O)CCS)COC(=O)CCS
110,C=C(C)C(=O)OCCOCCOCCOCCOCCOCCOCCOCCOCCOCCOCCOCCOC(=O)C(=C)C,CCC(COC(=O)CCS)(COC(=O)CCS)COC(=O)CCS,"Here is a TSMP that includes the requested functional groups:
Monomer 1 (contains C=C): C=C(C)C(=O)OCCOCCOCCOCCOCCOCCOCCOCCOCCOCCOCCOCCOC(=O)C(=C)C
Monomer 2 (contains CCS): CCC(COC(=O)CCS)(COC(=O)CCS)COC(=O)CCS",vinyl(C=C),thiol(CCS),1,N/A,N/A,Suggest a TSMP system with one monomer having vinyl(C=C) in monomer1 and the other featuring thiol(CCS) in monomer2.,C=C(C)C(=O)OCCOCCOCCOCCOCCOCCOCCOCCOCCOCCOCCOCCOC(=O)C(=C)C,CCC(COC(=O)CCS)(COC(=O)CCS)COC(=O)CCS
111,C=C(C)C(=O)OCCOCCOCCOCCOCCOCCOCCOCCOC(=O)C(=C)C,C=C(C)C(=C)C6CCCCC1CCCCC4CCCCC2CCCCC3CCCCC5OC1C(=O)OC2C(=O)NCCS,"Here's a TSMP that includes the requested functional groups:
Monomer 1 (contains C=C): C=C(C)C(=O)OCCOCCOCCOCCOCCOCCOCCOCCOC(=O)C(=C)C
Monomer 2 (contains C=C): C=C(C)C(=C)C6CCCCC1CCCCC4CCCCC2CCCCC3CCCCC5OC1C(=O)OC2C(=O)NCCS",vinyl(C=C),vinyl(C=C),1,N/A,N/A,Suggest a TSMP system with one monomer having vinyl(C=C) in monomer1 and the other featuring vinyl(C=C) in monomer2.,C=C(C)C(=O)OCCOCCOCCOCCOCCOCCOCCOCCOC(=O)C(=C)C,CC(C)C(C)CCCCCC1CCCCCCCCCC2CCCCCCCCCCOC1C(O)OC2C(O)NCCS
112,C=CCn1c(=O)n(CC=C)c(=O)n(CC=C)c1=O,CC(C)(C)N1CCN(CC)(CC)c3ccc(C(C)(C)c2ccc(OCC1CO1)cc2)cc3,"Here's a TSMP that includes the requested functional groups:
Monomer 1 (contains C=C): C=CCn1c(=O)n(CC=C)c(=O)n(CC=C)c1=O
Monomer 2 (contains C=C): CC(C)(C)N1CCN(CC)(CC)c3ccc(C(C)(C)c2ccc(OCC1CO1)cc2)cc3",vinyl(C=C),vinyl(C=C),1,N/A,N/A,Suggest a TSMP system with one monomer having vinyl(C=C) in monomer1 and the other featuring vinyl(C=C) in monomer2.,Not found,Not found
113,C=CCc1ccccc1OCC(O)COC(=O)Cc3ccc(C(=O)OCC(O)COc2ccccc2CC=C)cc3,C=C(C)C(=O)OCCOCCOCCOCCOCCOCCOCCOCCOCCOCCOCCOCCOC(=O)C(=C)C,"Here's a TSMP that includes the requested functional groups:
Monomer 1 (contains C=C): C=CCc1ccccc1OCC(O)COC(=O)Cc3ccc(C(=O)OCC(O)COc2ccccc2CC=C)cc3
Monomer 2 (contains C=C): C=C(C)C(=O)OCCOCCOCCOCCOCCOCCOCCOCCOCCOCCOCCOCCOC(=O)C(=C)C",vinyl(C=C),vinyl(C=C),1,N/A,N/A,Suggest a TSMP system with one monomer having vinyl(C=C) in monomer1 and the other featuring vinyl(C=C) in monomer2.,C=CCc1ccccc1OCC(O)COC(=O)Cc3ccc(C(=O)OCC(O)COc2ccccc2CC=C)cc3,C=C(C)C(=O)OCCOCCOCCOCCOCCOCCOCCOCCOCCOCCOCCOCCOC(=O)C(=C)C
114,CC(C)(c4ccc(OCC(O)COc3ccc(C(C)(C)c2ccc(OCC1CO1)cc2)cc3)cc4)c6ccc(OCC5CO5)cc6,NCCNCCN(CCNCCC(CN)CCN)CCN(CCNCCN)CCN(CCN)CCN,"Here's a TSMP that matches the criteria of containing C=C groups in each monomer:
Monomer 1 (contains C=C): CC(C)(c4ccc(OCC(O)COc3ccc(C(C)(C)c2ccc(OCC1CO1)cc2)cc3)cc4)c6ccc(OCC5CO5)cc6
Monomer 2 (contains C=C): NCCNCCN(CCNCCC(CN)CCN)CCN(CCNCCN)CCN(CCN)CCN",vinyl(C=C),vinyl(C=C),1,N/A,N/A,Suggest a TSMP system with one monomer having vinyl(C=C) in monomer1 and the other featuring vinyl(C=C) in monomer2.,CC(C)(c4ccc(OCC(O)COc3ccc(C(C)(C)c2ccc(OCC1CO1)cc2)cc3)cc4)c6ccc(OCC5CO5)cc6,NCCNCCN(CCNCCC(CN)CCN)CCN(CCNCCN)CCN(CCN)CCN
115,C=C(C)C(=C)OCOCCOC(=O)C(=C)C,C=Cc1cccc(C=C)c1,"Here's a TSMP that includes the requested functional groups:
Monomer 1 (contains C=C): C=C(C)C(=C)OCOCCOC(=O)C(=C)C
Monomer 2 (contains C=C): C=Cc1cccc(C=C)c1",vinyl(C=C),vinyl(C=C),1,N/A,N/A,Suggest a TSMP system with one monomer having vinyl(C=C) in monomer1 and the other featuring vinyl(C=C) in monomer2.,C=C(C)C(=C)OCOCCOC(=O)C(=C)C,C=Cc1cccc(C=C)c1
116,c3cc(N(CC1CC1)CC2CO2)ccc3Cc6ccc(N(CC4CC4)CC5CO5)cc6,C=C(C)C(=O)OCCOCCOCCOCCOCCOCCOCCOCCOCCOCCOCCOCCOCCOCCOCCOCCOCCOCCOCCOCCOC(=O)C(=C)C,"Monomer 1 includes C=C(C=O) groups for controlled crosslinking: c3cc(N(CC1CC1)CC2CO2)ccc3Cc6ccc(N(CC4CC4)CC5CO5)cc6
Monomer 2 features C=C groups for vinyl chemistry: C=C(C)C(=O)OCCOCCOCCOCCOCCOCCOCCOCCOCCOCCOCCOCCOCCOCCOCCOCCOCCOCCOCCOCCOC(=O)C(=C)C",acrylate(C=C(C=O)),vinyl(C=C),1,N/A,N/A,Suggest a TSMP system with one monomer having acrylate(C=C(C=O)) in monomer1 and the other featuring vinyl(C=C) in monomer2.,c3cc(N(CC1CC1)CC2CO2)ccc3Cc6ccc(N(CC4CC4)CC5CO5)cc6,C=C(C)C(=O)OCCOCCOCCOCCOCCOCCOCCOCCOCCOCCOCCOCCOCCOCCOCCOCCOCCOCCOCCOCCOC(=O)C(=C)C
117,C=C(C)C(=O)OCCOCCOCCOCCOCCOCCOCCOCCOCCOCCOCCOCCOCCOCCOCCOCCOCCOC(=O)C(=C)C,C=CCc1ccccc1OCC(O)COC(=O)Cc3ccc(C(=O)OCC(O)COc2ccccc2CC=C)cc3,"Here is a TSMP that includes the requested functional groups:
Monomer 1 (contains C=C(C=O)): C=C(C)C(=O)OCCOCCOCCOCCOCCOCCOCCOCCOCCOCCOCCOCCOCCOCCOCCOCCOCCOC(=O)C(=C)C
Monomer 2 (contains C=C): C=CCc1ccccc1OCC(O)COC(=O)Cc3ccc(C(=O)OCC(O)COc2ccccc2CC=C)cc3",acrylate(C=C(C=O)),vinyl(C=C),1,N/A,N/A,Suggest a TSMP system with one monomer having acrylate(C=C(C=O)) in monomer1 and the other featuring vinyl(C=C) in monomer2.,C=C(C)C(=O)OCCOCCOCCOCCOCCOCCOCCOCCOCCOCCOCCOCCOCCOCCOCCOCCOCCOC(=O)C(=C)C,C=CCc1ccccc1OCC(O)COC(=O)Cc3ccc(C(=O)OCC(O)COc2ccccc2CC=C)cc3
118,C=C(C)C(=O)OCC(O)COc2ccc(C(C)(C)c1ccc(OCC(O)COC(=O)C(=C)C)cc1)cc2,C=CCn1c(=O)n(CC=C)c(=O)n(CC=C)c1=O,"Here is a group-compliant monomer pair:
Monomer 1 includes C=C(C=O) groups: C=C(C)C(=O)OCC(O)COc2ccc(C(C)(C)c1ccc(OCC(O)COC(=O)C(=C)C)cc1)cc2
Monomer 2 includes C=C groups: C=CCn1c(=O)n(CC=C)c(=O)n(CC=C)c1=O",acrylate(C=C(C=O)),vinyl(C=C),1,N/A,N/A,Suggest a TSMP system with one monomer having acrylate(C=C(C=O)) in monomer1 and the other featuring vinyl(C=C) in monomer2.,C=C(C)C(=O)OCC(O)COc2ccc(C(C)(C)c1ccc(OCC(O)COC(=O)C(=C)C)cc1)cc2,C=CCn1c(=O)n(CC=C)c(=O)n(CC=C)c1=O
119,O=C(O)COC(=O)NCC1(C)CC(NC(=O)OCC(CO)(CO)COC(=O)NCC2(C)CC(NC(=O)OCC(CO)(CO)COC(=O)NCC3(C)CC(NC(=O)OCC(CO)(CO)COC(=O)NCC4(C)CC(NC(=O)OCC(CO)(CO)COC(=O)NCC5(C)CC(NC(=O)OCC(CO)(CO)COC(=O)NCC6(C)CC(NC(=O)OCC(CO)(CO)COC(=O)N)CC(C)(CN)C4)C3)C2)C1)c1ccccc1OCC(O)COC(=O)NCC(COC(=O)CCS)(COC(=O)CCS)COC(=O)CCS,,"Here is a TSMP that includes the requested functional groups:
Monomer 1 (contains C=C(C=O)): O=C(O)COC(=O)NCC1(C)CC(NC(=O)OCC(CO)(CO)COC(=O)NCC2(C)CC(NC(=O)OCC(CO)(CO)COC(=O)NCC3(C)CC(NC(=O)OCC(CO)(CO)COC(=O)NCC4(C)CC(NC(=O)OCC(CO)(CO)COC(=O)NCC5(C)CC(NC(=O)OCC(CO)(CO)COC(=O)NCC6(C)CC(NC(=O)OCC(CO)(CO)COC(=O)N)CC(C)(CN)C4)C3)C2)C1)c1ccccc1OCC(O)COC(=O)NCC(COC(=O)CCS)(COC(=O)CCS)COC(=O)CCS",acrylate(C=C(C=O)),vinyl(C=C),1,N/A,N/A,Suggest a TSMP system with one monomer having acrylate(C=C(C=O)) in monomer1 and the other featuring vinyl(C=C) in monomer2.,Not found,Not found
120,C=C(C)C(=O)OCCOCCOCCOCCOCCOCCOCCOCCOCCOCCOCCOCCOCCOCCOCCOCCOCCOCCOCCOCCOC(=O)C(=C)C,C=C(C)C(=C)OCOCCOC(=O)C(=C)C,"Here's a TSMP that includes the requested functional groups:
Monomer 1 (contains C=C(C=O)): C=C(C)C(=O)OCCOCCOCCOCCOCCOCCOCCOCCOCCOCCOCCOCCOCCOCCOCCOCCOCCOCCOCCOCCOC(=O)C(=C)C
Monomer 2 (contains C=C): C=C(C)C(=C)OCOCCOC(=O)C(=C)C",acrylate(C=C(C=O)),vinyl(C=C),1,N/A,N/A,Suggest a TSMP system with one monomer having acrylate(C=C(C=O)) in monomer1 and the other featuring vinyl(C=C) in monomer2.,C=C(C)C(=O)OCCOCCOCCOCCOCCOCCOCCOCCOCCOCCOCCOCCOCCOCCOCCOCCOCCOCCOCCOCCOC(=O)C(=C)C,C=C(C)C(=C)OCOCCOC(=O)C(=C)C
121,C=C(C)C(=O)OCCOCCOCCOCCOCCOCCOCCOCCOCCOCCOCCOCCOC(=O)C(=C)C,C=C(C)C(=O)OCCOCCOCCOCCOCCOCCOCCOCCOCCOCCOCCOCCOCCOCCOCCOCCOCCOCCOCCOCCOCCOCCOCCOCCOCCOCCOCCOCCOCCOCCOCCOCCOCCOCCOCC(C)(C)C(=O)OCC(O)CC(O)CC(O)CC(O)C(=O)C(=C)C,"Here's a TSMP that includes the requested functional groups:
Monomer 1 (contains vinyl(C=C)): C=C(C)C(=O)OCCOCCOCCOCCOCCOCCOCCOCCOCCOCCOCCOCCOC(=O)C(=C)C
Monomer 2 (contains hydroxyl(=O)): C=C(C)C(=O)OCCOCCOCCOCCOCCOCCOCCOCCOCCOCCOCCOCCOCCOCCOCCOCCOCCOCCOCCOCCOCCOCCOCCOCCOCCOCCOCCOCCOCCOCCOCCOCCOCCOCCOCC(C)(C)C(=O)OCC(O)CC(O)CC(O)CC(O)C(=O)C(=C)C",vinyl(C=C),hydroxyl(=O),1,N/A,N/A,Design a thermoset shape memory polymer using monomers that include vinyl(C=C) in monomer1 and hydroxyl(=O) in monomer2.,C=C(C)C(=O)OCCOCCOCCOCCOCCOCCOCCOCCOCCOCCOCCOCCOC(=O)C(=C)C,C=C(C)C(=O)OCCOCCOCCOCCOCCOCCOCCOCCOCCOCCOCCOCCOCCOCCOCCOCCOCCOCCOCCOCCOCCOCCOCCOCCOCCOCCOCCOCCOCCOCCOCCOCCOCCOCCOCC(C)(C)C(=O)OCC(O)CC(O)CC(O)CC(O)C(=O)C(=C)C
122,C=C(C)C(=O)OCCOCCOCCOCCOCCOCCOCCOCCOCCOCCOCCOCCOCCOCCOCCOCCOCCOCCOCCOCCOC(=O)C(=C)C,C=C(C)C(=O)OCCOCCOCCOCCOCCOCCOCCOCCOCCOCCOCCOCCOCCOCCOCCOCCOCC(C)(COCCOCCOCCOCCOCCOCCOCCOCCOCCOCCOCCOCCOCCOCCOCCOCCOCCOCC(C)C(=O)C(=C)C,"Monomer 1 will include C=C groups: C=C(C)C(=O)OCCOCCOCCOCCOCCOCCOCCOCCOCCOCCOCCOCCOCCOCCOCCOCCOCCOCCOCCOCCOC(=O)C(=C)C
Monomer 2 will include =O groups: C=C(C)C(=O)OCCOCCOCCOCCOCCOCCOCCOCCOCCOCCOCCOCCOCCOCCOCCOCCOCC(C)(COCCOCCOCCOCCOCCOCCOCCOCCOCCOCCOCCOCCOCCOCCOCCOCCOCCOCC(C)C(=O)C(=C)C",vinyl(C=C),hydroxyl(=O),1,N/A,N/A,Design a thermoset shape memory polymer using monomers that include vinyl(C=C) in monomer1 and hydroxyl(=O) in monomer2.,C=C(C)C(=O)OCCOCCOCCOCCOCCOCCOCCOCCOCCOCCOCCOCCOCCOCCOCCOCCOCCOCCOCCOCCOC(=O)C(=C)C,CC(COCCOCCOCCOCCOCCOCCOCCOCCOCCOCCOCCOCCOCCOCCOCCOCCOCCOCC(C)C(O)C(C)C)COCCOCCOCCOCCOCCOCCOCCOCCOCCOCCOCCOCCOCCOCCOCCOCCOC(O)C(C)C
123,C=C(C)C(=O)OCCOCCOCCOCCOCCOCCOCCOCCOC(=O)C(=C)C,O=c1ccc(=O)n1c4ccc(Cc3ccc(n2c(=O)ccc2=O)cc3)cc4,"Monomer 1 with C=C groups: C=C(C)C(=O)OCCOCCOCCOCCOCCOCCOCCOCCOC(=O)C(=C)C
Monomer 2 with =O groups: O=c1ccc(=O)n1c4ccc(Cc3ccc(n2c(=O)ccc2=O)cc3)cc4",vinyl(C=C),hydroxyl(=O),1,N/A,N/A,Design a thermoset shape memory polymer using monomers that include vinyl(C=C) in monomer1 and hydroxyl(=O) in monomer2.,C=C(C)C(=O)OCCOCCOCCOCCOCCOCCOCCOCCOC(=O)C(=C)C,O=c1ccc(=O)n1c4ccc(Cc3ccc(n2c(=O)ccc2=O)cc3)cc4
124,C=C(C)C(=O)OCC(O)COc2ccc(C(C)(C)c1ccc(OCC(O)COC(=O)C(=C)C)cc1)cc2,C=CCOCC(COCC=C)(COCC=C)COC(=O)NCC1(C)CC(NC(=O)OCC(COCC=C)(COCC=C)COCC=C)CC(C)(C)C1,"Here's a TSMP that includes the requested functional groups:
Monomer 1 (contains C=C): C=C(C)C(=O)OCC(O)COc2ccc(C(C)(C)c1ccc(OCC(O)COC(=O)C(=C)C)cc1)cc2
Monomer 2 (contains =O): C=CCOCC(COCC=C)(COCC=C)COC(=O)NCC1(C)CC(NC(=O)OCC(COCC=C)(COCC=C)COCC=C)CC(C)(C)C1",vinyl(C=C),hydroxyl(=O),1,N/A,N/A,Design a thermoset shape memory polymer using monomers that include vinyl(C=C) in monomer1 and hydroxyl(=O) in monomer2.,C=C(C)C(=O)OCC(O)COc2ccc(C(C)(C)c1ccc(OCC(O)COC(=O)C(=C)C)cc1)cc2,C=CCOCC(COCC=C)(COCC=C)COC(=O)NCC1(C)CC(NC(=O)OCC(COCC=C)(COCC=C)COCC=C)CC(C)(C)C1
125,C=C(C)C(=O)OCCOCCOCCOCCOCCOCCOCCOCCOCCOCCOCCOCCOCCOCCOCCOCCOCCOCCOCCOCCOC(=O)C(=C)C,C=C(C)C(=O)OCCOCCOCCOCCOCCOCCOCCOCCOCCOCCOCCOCCOC(=O)C(=C)C,"Here's a TSMP that includes the requested functional groups:
Monomer 1 (contains C=C): C=C(C)C(=O)OCCOCCOCCOCCOCCOCCOCCOCCOCCOCCOCCOCCOCCOCCOCCOCCOCCOCCOCCOCCOC(=O)C(=C)C
Monomer 2 (contains =O): C=C(C)C(=O)OCCOCCOCCOCCOCCOCCOCCOCCOCCOCCOCCOCCOC(=O)C(=C)C",vinyl(C=C),hydroxyl(=O),1,N/A,N/A,Design a thermoset shape memory polymer using monomers that include vinyl(C=C) in monomer1 and hydroxyl(=O) in monomer2.,C=C(C)C(=O)OCCOCCOCCOCCOCCOCCOCCOCCOCCOCCOCCOCCOCCOCCOCCOCCOCCOCCOCCOCCOC(=O)C(=C)C,C=C(C)C(=O)OCCOCCOCCOCCOCCOCCOCCOCCOCCOCCOCCOCCOC(=O)C(=C)C
126,C=C(C)C(=O)OCCOCCOCCOCCOCCOCCOCCOCCOCCOCCOCCOCCOCCOCCOCCOCCOCCOC(=O)C(C)=O,C=C(C)C(=O)OCCOCCOCCOCCOCCOCCOCCOCCOCCOCCOCCOCCOC(=O)C(=C)C,"Here is a TSMP designed for Tg â‰ˆ 100Â°C and Er â‰ˆ 40Mpa:
Monomer 1: C=C(C)C(=O)OCCOCCOCCOCCOCCOCCOCCOCCOCCOCCOCCOCCOCCOCCOCCOCCOCCOC(=O)C(C)=O
Monomer 2: C=C(C)C(=O)OCCOCCOCCOCCOCCOCCOCCOCCOCCOCCOCCOCCOC(=O)C(=C)C",N/A,N/A,0.3,100,40,Suggest a polymer system for Tg â‰ˆ 100Â°C and Er â‰ˆ 40 MPa.,C=C(C)C(=O)OCCOCCOCCOCCOCCOCCOCCOCCOCCOCCOCCOCCOCCOCCOCCOCCOCCOC(=O)C(C)=O,C=C(C)C(=O)OCCOCCOCCOCCOCCOCCOCCOCCOCCOCCOCCOCCOC(=O)C(=C)C
127,C=C(C)C(=O)OCCOCCOCCOCCOCCOCCOCCOCCOCCOCCOCCOCCOCCOCCOCCOCCOCCOC(=O)C(C)=O,C=C(C)C(=O)OCCOCCOCCOCCOCCOCCOCCOCCOCCOCCOCCOCCOC(=O)C(=C)C,"Here is a TSMP designed for Tg â‰ˆ 100Â°C and Er â‰ˆ 40Mpa:
Monomer 1: C=C(C)C(=O)OCCOCCOCCOCCOCCOCCOCCOCCOCCOCCOCCOCCOCCOCCOCCOCCOCCOC(=O)C(C)=O
Monomer 2: C=C(C)C(=O)OCCOCCOCCOCCOCCOCCOCCOCCOCCOCCOCCOCCOC(=O)C(=C)C",N/A,N/A,0.3,100,40,Suggest a polymer system for Tg â‰ˆ 100Â°C and Er â‰ˆ 40 MPa.,C=C(C)C(=O)OCCOCCOCCOCCOCCOCCOCCOCCOCCOCCOCCOCCOCCOCCOCCOCCOCCOC(=O)C(C)=O,C=C(C)C(=O)OCCOCCOCCOCCOCCOCCOCCOCCOCCOCCOCCOCCOC(=O)C(=C)C
128,C=CCc1ccccc1OCC(O)COC(=O)CCCCC(=O)OCC(O)COc2ccccc2CC=C,C=C(C)C(=O)OCCOCCOCCOCCOCCOCCOCCOCCOCCOCCOCCOCCOCCOCCOCCOCCOCCOCCOCCOCCOC(=O)C(=C)C,"Here is a TSMP designed for Tg â‰ˆ 100Â°C and Er â‰ˆ 40Mpa:
Monomer 1: C=CCc1ccccc1OCC(O)COC(=O)CCCCC(=O)OCC(O)COc2ccccc2CC=C
Monomer 2: C=C(C)C(=O)OCCOCCOCCOCCOCCOCCOCCOCCOCCOCCOCCOCCOCCOCCOCCOCCOCCOCCOCCOCCOC(=O)C(=C)C",N/A,N/A,0.3,100,40,Suggest a polymer system for Tg â‰ˆ 100Â°C and Er â‰ˆ 40 MPa.,C=CCc1ccccc1OCC(O)COC(=O)CCCCC(=O)OCC(O)COc2ccccc2CC=C,C=C(C)C(=O)OCCOCCOCCOCCOCCOCCOCCOCCOCCOCCOCCOCCOCCOCCOCCOCCOCCOCCOCCOCCOC(=O)C(=C)C
129,C=C(C)C(=O)OCCOCCOCCOCCOCCOCCOCCOCCOCCOCCOCCOCCOCCOCCOCCOCCOCCOC(=O)C(C)=O,C=C(C)C(=O)OCCOCCOCCOCCOCCOCCOCCOCCOCCOCCOCCOCCOC(=O)C(=C)C,"Here is a TSMP designed for Tg â‰ˆ 100Â°C and Er â‰ˆ 40Mpa:
Monomer 1: C=C(C)C(=O)OCCOCCOCCOCCOCCOCCOCCOCCOCCOCCOCCOCCOCCOCCOCCOCCOCCOC(=O)C(C)=O
Monomer 2: C=C(C)C(=O)OCCOCCOCCOCCOCCOCCOCCOCCOCCOCCOCCOCCOC(=O)C(=C)C",N/A,N/A,0.3,100,40,Suggest a polymer system for Tg â‰ˆ 100Â°C and Er â‰ˆ 40 MPa.,C=C(C)C(=O)OCCOCCOCCOCCOCCOCCOCCOCCOCCOCCOCCOCCOCCOCCOCCOCCOCCOC(=O)C(C)=O,C=C(C)C(=O)OCCOCCOCCOCCOCCOCCOCCOCCOCCOCCOCCOCCOC(=O)C(=C)C
130,C=C(C)C(=O)OCCOCCOCCOCCOCCOCCOCCOCCOCCOCCOCCOCCOCCOCCOCCOCCOCCOC(=O)C(=C)C,C=C(C)C(=O)OCCOCCOCCOCCOCCOC(=O)C(C)=O,"Here is a TSMP designed for Tg â‰ˆ 100Â°C and Er â‰ˆ 40Mpa:
Monomer 1: C=C(C)C(=O)OCCOCCOCCOCCOCCOCCOCCOCCOCCOCCOCCOCCOCCOCCOCCOCCOCCOC(=O)C(=C)C
Monomer 2: C=C(C)C(=O)OCCOCCOCCOCCOCCOC(=O)C(C)=O",N/A,N/A,0.3,100,40,Suggest a polymer system for Tg â‰ˆ 100Â°C and Er â‰ˆ 40 MPa.,C=C(C)C(=O)OCCOCCOCCOCCOCCOCCOCCOCCOCCOCCOCCOCCOCCOCCOCCOCCOCCOC(=O)C(=C)C,C=C(C)C(=O)OCCOCCOCCOCCOCCOC(=O)C(C)=O
131,C=C(C)C(=O)OCCOCCOCCOCCOCCOCCOCCOCCOCCOCCOCCOCCOCCOCCOCCOCCOCCOC(=O)C(C)=O,C=C(C)C(=O)OCCOCCOCCOCCOCCOCCOCCOCCOCCOCCOCCOCCOC(=O)C(=C)C,"Here is a TSMP designed for Tg â‰ˆ 150Â°C and Er â‰ˆ 30Mpa:
Monomer 1: C=C(C)C(=O)OCCOCCOCCOCCOCCOCCOCCOCCOCCOCCOCCOCCOCCOCCOCCOCCOCCOC(=O)C(C)=O
Monomer 2: C=C(C)C(=O)OCCOCCOCCOCCOCCOCCOCCOCCOCCOCCOCCOCCOC(=O)C(=C)C",N/A,N/A,0.3,150,30,Design a TSMP with a glass transition temperature of 150Â°C and an recovery stress of 30 MPa.,C=C(C)C(=O)OCCOCCOCCOCCOCCOCCOCCOCCOCCOCCOCCOCCOCCOCCOCCOCCOCCOC(=O)C(C)=O,C=C(C)C(=O)OCCOCCOCCOCCOCCOCCOCCOCCOCCOCCOCCOCCOC(=O)C(=C)C
132,C=CCc1ccccc1OCC(O)COC(=O)Cc3ccc(C(=O)OCC(O)COc2ccccc2CC=C)cc3,C=C(C)C(=O)OCCOCCOCCOCCOCCOCCOCCOCCOCCOCCOCCOCCOCCOCCOCCOCCOCCOCCOCCOCCOC(=O)C(=C)C,"Here is a TSMP designed for Tg â‰ˆ 150Â°C and Er â‰ˆ 30Mpa:
Monomer 1: C=CCc1ccccc1OCC(O)COC(=O)Cc3ccc(C(=O)OCC(O)COc2ccccc2CC=C)cc3
Monomer 2: C=C(C)C(=O)OCCOCCOCCOCCOCCOCCOCCOCCOCCOCCOCCOCCOCCOCCOCCOCCOCCOCCOCCOCCOC(=O)C(=C)C",N/A,N/A,0.3,150,30,Design a TSMP with a glass transition temperature of 150Â°C and an recovery stress of 30 MPa.,C=CCc1ccccc1OCC(O)COC(=O)Cc3ccc(C(=O)OCC(O)COc2ccccc2CC=C)cc3,C=C(C)C(=O)OCCOCCOCCOCCOCCOCCOCCOCCOCCOCCOCCOCCOCCOCCOCCOCCOCCOCCOCCOCCOC(=O)C(=C)C
133,C=C(C)C(=O)OCCOCCOCCOCCOCCOCCOCCOCCOCCOCCOCCOCCOCCOCCOCCOCCOCCOC(=O)C(C)=O,C=CCOCC(COCC=C)(COCC=C)COC(=O)NCC1(C)CC(NC(=O)OCC(COCC=C)(COCC=C)COCC=C)CC(C)(C)C1,"Here is a TSMP designed for Tg â‰ˆ 150Â°C and Er â‰ˆ 30Mpa:
Monomer 1: C=C(C)C(=O)OCCOCCOCCOCCOCCOCCOCCOCCOCCOCCOCCOCCOCCOCCOCCOCCOCCOC(=O)C(C)=O
Monomer 2: C=CCOCC(COCC=C)(COCC=C)COC(=O)NCC1(C)CC(NC(=O)OCC(COCC=C)(COCC=C)COCC=C)CC(C)(C)C1",N/A,N/A,0.3,150,30,Design a TSMP with a glass transition temperature of 150Â°C and an recovery stress of 30 MPa.,C=C(C)C(=O)OCCOCCOCCOCCOCCOCCOCCOCCOCCOCCOCCOCCOCCOCCOCCOCCOCCOC(=O)C(C)=O,C=CCOCC(COCC=C)(COCC=C)COC(=O)NCC1(C)CC(NC(=O)OCC(COCC=C)(COCC=C)COCC=C)CC(C)(C)C1
134,CC(C)(c2ccc(OCCOCCOCCOC1CO1)cc2)c4ccc(OCCOCCOCCC3CO3)cc4,CC(N)COCC(C)OCC(C)OCC(C)OCC(C)OCC(C)OCC(C)N,"Here is a TSMP designed for Tg â‰ˆ 150Â°C and Er â‰ˆ 30Mpa:
Monomer 1: CC(C)(c2ccc(OCCOCCOCCOC1CO1)cc2)c4ccc(OCCOCCOCCC3CO3)cc4
Monomer 2: CC(N)COCC(C)OCC(C)OCC(C)OCC(C)OCC(C)OCC(C)N",N/A,N/A,0.3,150,30,Design a TSMP with a glass transition temperature of 150Â°C and an recovery stress of 30 MPa.,CC(C)(c2ccc(OCCOCCOCCOC1CO1)cc2)c4ccc(OCCOCCOCCC3CO3)cc4,CC(N)COCC(C)OCC(C)OCC(C)OCC(C)OCC(C)OCC(C)N
135,C=C(C)C(=O)OCCOCCOCCOCCOCCOCCOCCOCCOCCOCCOCCOCCOCCOCCOCCOCCOCCOC(=O)C(C)=O,C=C(C)C(=O)OCCOCCOCCOCCOCCOCCOCCOCCOCCOCCOCCOCCOC(=O)C(=C)C,"Here is a TSMP designed for Tg â‰ˆ 150Â°C and Er â‰ˆ 30Mpa:
Monomer 1: C=C(C)C(=O)OCCOCCOCCOCCOCCOCCOCCOCCOCCOCCOCCOCCOCCOCCOCCOCCOCCOC(=O)C(C)=O
Monomer 2: C=C(C)C(=O)OCCOCCOCCOCCOCCOCCOCCOCCOCCOCCOCCOCCOC(=O)C(=C)C",N/A,N/A,0.3,150,30,Design a TSMP with a glass transition temperature of 150Â°C and an recovery stress of 30 MPa.,C=C(C)C(=O)OCCOCCOCCOCCOCCOCCOCCOCCOCCOCCOCCOCCOCCOCCOCCOCCOCCOC(=O)C(C)=O,C=C(C)C(=O)OCCOCCOCCOCCOCCOCCOCCOCCOCCOCCOCCOCCOC(=O)C(=C)C
136,C=C(C)C(=O)OCCOCCOCCOCCOCCOCCOCCOCCOCCOCCOCCOCCOCCOCCOCCOCCOCCOC(=O)C(=C)C,C=C(C)C(=O)OCCOCCOCCOCCOCCOCCOCCOCCOCCOCCOCCOCCOC(=O)C(=C)C,"Here is a TSMP designed for Tg â‰ˆ 200Â°C and Er â‰ˆ 27Mpa:
Monomer 1: C=C(C)C(=O)OCCOCCOCCOCCOCCOCCOCCOCCOCCOCCOCCOCCOCCOCCOCCOCCOCCOC(=O)C(=C)C
Monomer 2: C=C(C)C(=O)OCCOCCOCCOCCOCCOCCOCCOCCOCCOCCOCCOCCOC(=O)C(=C)C",N/A,N/A,0.3,200,27,Suggest a polymer system for Tg â‰ˆ 200Â°C and Er â‰ˆ 27 MPa.,C=C(C)C(=O)OCCOCCOCCOCCOCCOCCOCCOCCOCCOCCOCCOCCOCCOCCOCCOCCOCCOC(=O)C(=C)C,C=C(C)C(=O)OCCOCCOCCOCCOCCOCCOCCOCCOCCOCCOCCOCCOC(=O)C(=C)C
137,Cc3cc(c2cc(C)c(OCC1CO1)c(C)c2)cc(C)c3OCC4CO4,CC(N)COCC(C)OCC(C)OCC(C)OCCOCCOCCOCCOCCOCCOCCOCCOCCOCCOCCOCCOCC(C)OCC(C)OCC(C)N,"Here is a TSMP designed for Tg â‰ˆ 200Â°C and Er â‰ˆ 27Mpa:
Monomer 1: Cc3cc(c2cc(C)c(OCC1CO1)c(C)c2)cc(C)c3OCC4CO4
Monomer 2: CC(N)COCC(C)OCC(C)OCC(C)OCCOCCOCCOCCOCCOCCOCCOCCOCCOCCOCCOCCOCC(C)OCC(C)OCC(C)N",N/A,N/A,0.3,200,27,Suggest a polymer system for Tg â‰ˆ 200Â°C and Er â‰ˆ 27 MPa.,Cc3cc(c2cc(C)c(OCC1CO1)c(C)c2)cc(C)c3OCC4CO4,CC(N)COCC(C)OCC(C)OCC(C)OCCOCCOCCOCCOCCOCCOCCOCCOCCOCCOCCOCCOCC(C)OCC(C)OCC(C)N
138,Cc3cc(c2cc(C)c(OCC1CO1)c(C)c2)cc(C)c3OCC4CO4,CC(CN)CCCN,"Here is a TSMP designed for Tg â‰ˆ 200Â°C and Er â‰ˆ 27Mpa:
Monomer 1: Cc3cc(c2cc(C)c(OCC1CO1)c(C)c2)cc(C)c3OCC4CO4
Monomer 2: CC(CN)CCCN",N/A,N/A,0.3,200,27,Suggest a polymer system for Tg â‰ˆ 200Â°C and Er â‰ˆ 27 MPa.,Cc3cc(c2cc(C)c(OCC1CO1)c(C)c2)cc(C)c3OCC4CO4,CC(CN)CCCN
139,C=C(C)C(=O)OCCOCCOCCOCCOCCOCCOCCOCCOCCOCCOCCOCCOCCOCCOCCOCCOCCOC(=O)C(=C)C,C=C(C)C(=O)OCCOCCOCCOCCOCCOCCOCCOCCOCCOCCOCCOCCOC(=O)C(=C)C,"Here is a TSMP designed for Tg â‰ˆ 200Â°C and Er â‰ˆ 27Mpa:
Monomer 1: C=C(C)C(=O)OCCOCCOCCOCCOCCOCCOCCOCCOCCOCCOCCOCCOCCOCCOCCOCCOCCOC(=O)C(=C)C
Monomer 2: C=C(C)C(=O)OCCOCCOCCOCCOCCOCCOCCOCCOCCOCCOCCOCCOC(=O)C(=C)C",N/A,N/A,0.3,200,27,Suggest a polymer system for Tg â‰ˆ 200Â°C and Er â‰ˆ 27 MPa.,C=C(C)C(=O)OCCOCCOCCOCCOCCOCCOCCOCCOCCOCCOCCOCCOCCOCCOCCOCCOCCOC(=O)C(=C)C,C=C(C)C(=O)OCCOCCOCCOCCOCCOCCOCCOCCOCCOCCOCCOCCOC(=O)C(=C)C
140,C=CC(=O)OCCn1c(=O)n(CCOC(=O)C=C)c(=O)n(CCOC(=O)C=C)c1=O,C=C(C)C(=O)OCCOCCOCCOCCOCCOCCOCCOCCOCCOCCOCCOCCOCCOCCOCCOCCOCCOCCOCCOCCOC(=O)C(=C)C,"Here is a TSMP designed for Tg â‰ˆ 200Â°C and Er â‰ˆ 27Mpa:
Monomer 1: C=CC(=O)OCCn1c(=O)n(CCOC(=O)C=C)c(=O)n(CCOC(=O)C=C)c1=O
Monomer 2: C=C(C)C(=O)OCCOCCOCCOCCOCCOCCOCCOCCOCCOCCOCCOCCOCCOCCOCCOCCOCCOCCOCCOCCOC(=O)C(=C)C",N/A,N/A,0.3,200,27,Suggest a polymer system for Tg â‰ˆ 200Â°C and Er â‰ˆ 27 MPa.,C=CC(=O)OCCn1c(=O)n(CCOC(=O)C=C)c(=O)n(CCOC(=O)C=C)c1=O,C=C(C)C(=O)OCCOCCOCCOCCOCCOCCOCCOCCOCCOCCOCCOCCOCCOCCOCCOCCOCCOCCOCCOCCOC(=O)C(=C)C
141,C=CC(=O)OCCn1c(=O)n(CCOC(=O)C=C)c(=O)n(CCOC(=O)C=C)c1=O,C=C(C)C(=O)OCCOCCOCCOCCOCCOCCOCCOCCOCCOCCOCCOCCOCCOCCOCCOCCOCCOCCOCCOCCOC(=O)C(=C)C,"Here is a TSMP designed for Tg â‰ˆ 100Â°C and Er â‰ˆ 100Mpa:
Monomer 1: C=CC(=O)OCCn1c(=O)n(CCOC(=O)C=C)c(=O)n(CCOC(=O)C=C)c1=O
Monomer 2: C=C(C)C(=O)OCCOCCOCCOCCOCCOCCOCCOCCOCCOCCOCCOCCOCCOCCOCCOCCOCCOCCOCCOCCOC(=O)C(=C)C",N/A,N/A,0.3,100,100,Generate a thermoset shape memory polymer with Tg = 100Â°C and Er = 100 MPa.,C=CC(=O)OCCn1c(=O)n(CCOC(=O)C=C)c(=O)n(CCOC(=O)C=C)c1=O,C=C(C)C(=O)OCCOCCOCCOCCOCCOCCOCCOCCOCCOCCOCCOCCOCCOCCOCCOCCOCCOCCOCCOCCOC(=O)C(=C)C
142,CC(C)(c2ccc(OCC1CO1)cc2)c4ccc(OCC3CO3)cc4,Nc2ccc(SSc1ccc(N)cc1)cc2,"Here is a TSMP designed for Tg â‰ˆ 100Â°C and Er â‰ˆ 100Mpa:
Monomer 1: CC(C)(c2ccc(OCC1CO1)cc2)c4ccc(OCC3CO3)cc4
Monomer 2: Nc2ccc(SSc1ccc(N)cc1)cc2",N/A,N/A,0.3,100,100,Generate a thermoset shape memory polymer with Tg = 100Â°C and Er = 100 MPa.,CC(C)(c2ccc(OCC1CO1)cc2)c4ccc(OCC3CO3)cc4,Nc2ccc(SSc1ccc(N)cc1)cc2
143,C=CC(=O)OC(C)(C)C,C=C(C)C(=O)OCCOCCOCCOCCOCCOCCOCCOCCOCCOCCOCCOCCOCCOCCOCCOCCOCCOCCOCCOCCOC(=O)C(=C)C,"Here is a TSMP designed for Tg â‰ˆ 100Â°C and Er â‰ˆ 100Mpa:
Monomer 1: C=CC(=O)OC(C)(C)C
Monomer 2: C=C(C)C(=O)OCCOCCOCCOCCOCCOCCOCCOCCOCCOCCOCCOCCOCCOCCOCCOCCOCCOCCOCCOCCOC(=O)C(=C)C",N/A,N/A,0.3,100,100,Generate a thermoset shape memory polymer with Tg = 100Â°C and Er = 100 MPa.,C=CC(=O)OC(C)(C)C,C=C(C)C(=O)OCCOCCOCCOCCOCCOCCOCCOCCOCCOCCOCCOCCOCCOCCOCCOCCOCCOCCOCCOCCOC(=O)C(=C)C
144,C=CCc1ccccc1OCC(O)COC(=O)CCCCC(=O)OCC(O)COc2ccccc2CC=C,C=C(C)C(=O)OCCOCCOCCOCCOCCOCCOCCOCCOCCOCCOCCOCCOCCOCCOCCOCCOCCOCCOCCOCCOC(=O)C(=C)C,"Here is a TSMP designed for Tg â‰ˆ 100Â°C and Er â‰ˆ 100Mpa:
Monomer 1: C=CCc1ccccc1OCC(O)COC(=O)CCCCC(=O)OCC(O)COc2ccccc2CC=C
Monomer 2: C=C(C)C(=O)OCCOCCOCCOCCOCCOCCOCCOCCOCCOCCOCCOCCOCCOCCOCCOCCOCCOCCOCCOCCOC(=O)C(=C)C",N/A,N/A,0.3,100,100,Generate a thermoset shape memory polymer with Tg = 100Â°C and Er = 100 MPa.,C=CCc1ccccc1OCC(O)COC(=O)CCCCC(=O)OCC(O)COc2ccccc2CC=C,C=C(C)C(=O)OCCOCCOCCOCCOCCOCCOCCOCCOCCOCCOCCOCCOCCOCCOCCOCCOCCOCCOCCOCCOC(=O)C(=C)C
145,C=C(C)C(=O)OCCOCCOCCOCCOCCOCCOCCOCCOCCOCCOCCOCCOCCOCCOCCOCCOCCOCCOCCOCCOC(=O)C(=C)C,C=CC(=O)OCCCC,"Here is a TSMP designed for Tg â‰ˆ 100Â°C and Er â‰ˆ 100Mpa:
Monomer 1: C=C(C)C(=O)OCCOCCOCCOCCOCCOCCOCCOCCOCCOCCOCCOCCOCCOCCOCCOCCOCCOCCOCCOCCOC(=O)C(=C)C
Monomer 2: C=CC(=O)OCCCC",N/A,N/A,0.3,100,100,Generate a thermoset shape memory polymer with Tg = 100Â°C and Er = 100 MPa.,C=C(C)C(=O)OCCOCCOCCOCCOCCOCCOCCOCCOCCOCCOCCOCCOCCOCCOCCOCCOCCOCCOCCOCCOC(=O)C(=C)C,C=CC(=O)OCCCC
146,C=CCc1ccccc1OCC(O)COC(=O)CCCCC(=O)OCC(O)COc2ccccc2CC=C,C=C(C)C(=O)OCCOCCOCCOCCOCCOCCOCCOCCOCCOCCOCCOCCOCCOCCOCCOCCOCCOCCOCCOCCOC(=O)C(=C)C,"Here is a TSMP designed for Tg â‰ˆ 50Â°C and Er â‰ˆ 20Mpa:
Monomer 1: C=CCc1ccccc1OCC(O)COC(=O)CCCCC(=O)OCC(O)COc2ccccc2CC=C
Monomer 2: C=C(C)C(=O)OCCOCCOCCOCCOCCOCCOCCOCCOCCOCCOCCOCCOCCOCCOCCOCCOCCOCCOCCOCCOC(=O)C(=C)C",N/A,N/A,0.3,50,20,Suggest a polymer system for Tg â‰ˆ 50Â°C and Er â‰ˆ 20 MPa.,C=CCc1ccccc1OCC(O)COC(=O)CCCCC(=O)OCC(O)COc2ccccc2CC=C,C=C(C)C(=O)OCCOCCOCCOCCOCCOCCOCCOCCOCCOCCOCCOCCOCCOCCOCCOCCOCCOCCOCCOCCOC(=O)C(=C)C
147,C=C(C)C(=O)OCCOCCOCCOCCOCCOCCOCCOCCOCCOCCOCCOCCOCCOCCOCCOCCOCCOC(=O)C(=C)C,C=C(C)C(=O)OCCOCCOCCOCCOCCOCCOCCOCCOCCOCCOCCOCCOCCOCCOCCOCCOCCOCCOCCOCCOC(=O)C(=C)C,"Here is a TSMP designed for Tg â‰ˆ 50Â°C and Er â‰ˆ 20Mpa:
Monomer 1: C=C(C)C(=O)OCCOCCOCCOCCOCCOCCOCCOCCOCCOCCOCCOCCOCCOCCOCCOCCOCCOC(=O)C(=C)C
Monomer 2: C=C(C)C(=O)OCCOCCOCCOCCOCCOCCOCCOCCOCCOCCOCCOCCOCCOCCOCCOCCOCCOCCOCCOCCOC(=O)C(=C)C",N/A,N/A,0.3,50,20,Suggest a polymer system for Tg â‰ˆ 50Â°C and Er â‰ˆ 20 MPa.,C=C(C)C(=O)OCCOCCOCCOCCOCCOCCOCCOCCOCCOCCOCCOCCOCCOCCOCCOCCOCCOC(=O)C(=C)C,C=C(C)C(=O)OCCOCCOCCOCCOCCOCCOCCOCCOCCOCCOCCOCCOCCOCCOCCOCCOCCOCCOCCOCCOC(=O)C(=C)C
148,C=C(C)C(=O)OCCOCCOCCOCCOCCOCCOCCOCCOCCOCCOCCOCCOCCOCCOCCOCCOCCOC(=O)C(C)=O,C=C(C)C(=O)OCCOCCOCCOCCOCCOCCOCCOCCOCCOCCOCCOCCOC(=O)C(=C)C,"Here is a TSMP designed for Tg â‰ˆ 50Â°C and Er â‰ˆ 20Mpa:
Monomer 1: C=C(C)C(=O)OCCOCCOCCOCCOCCOCCOCCOCCOCCOCCOCCOCCOCCOCCOCCOCCOCCOC(=O)C(C)=O
Monomer 2: C=C(C)C(=O)OCCOCCOCCOCCOCCOCCOCCOCCOCCOCCOCCOCCOC(=O)C(=C)C",N/A,N/A,0.3,50,20,Suggest a polymer system for Tg â‰ˆ 50Â°C and Er â‰ˆ 20 MPa.,C=C(C)C(=O)OCCOCCOCCOCCOCCOCCOCCOCCOCCOCCOCCOCCOCCOCCOCCOCCOCCOC(=O)C(C)=O,C=C(C)C(=O)OCCOCCOCCOCCOCCOCCOCCOCCOCCOCCOCCOCCOC(=O)C(=C)C
149,C=CCc1ccccc1OCC(O)COC(=O)CCCCC(=O)OCC(O)COc2ccccc2CC=C,C=C(C)C(=O)OCCOCCOCCOCCOCCOCCOCCOCCOCCOCCOCCOCCOC(=O)C(=C)C,"Here is a TSMP designed for Tg â‰ˆ 50Â°C and Er â‰ˆ 20Mpa:
Monomer 1: C=CCc1ccccc1OCC(O)COC(=O)CCCCC(=O)OCC(O)COc2ccccc2CC=C
Monomer 2: C=C(C)C(=O)OCCOCCOCCOCCOCCOCCOCCOCCOCCOCCOCCOCCOC(=O)C(=C)C",N/A,N/A,0.3,50,20,Suggest a polymer system for Tg â‰ˆ 50Â°C and Er â‰ˆ 20 MPa.,C=CCc1ccccc1OCC(O)COC(=O)CCCCC(=O)OCC(O)COc2ccccc2CC=C,C=C(C)C(=O)OCCOCCOCCOCCOCCOCCOCCOCCOCCOCCOCCOCCOC(=O)C(=C)C
150,C=CCc1ccccc1OCC(O)COC(=O)CCCCC(=O)OCC(O)COc2ccccc2CC=C,C=C(C)C(=O)OCCOCCOCCOCCOCCOCCOCCOCCOCCOCCOCCOCCOCCOCCOCCOCCOCCOCCOCCOCCOC(=O)C(=C)C,"Here is a TSMP designed for Tg â‰ˆ 50Â°C and Er â‰ˆ 20Mpa:
Monomer 1: C=CCc1ccccc1OCC(O)COC(=O)CCCCC(=O)OCC(O)COc2ccccc2CC=C
Monomer 2: C=C(C)C(=O)OCCOCCOCCOCCOCCOCCOCCOCCOCCOCCOCCOCCOCCOCCOCCOCCOCCOCCOCCOCCOC(=O)C(=C)C",N/A,N/A,0.3,50,20,Suggest a polymer system for Tg â‰ˆ 50Â°C and Er â‰ˆ 20 MPa.,C=CCc1ccccc1OCC(O)COC(=O)CCCCC(=O)OCC(O)COc2ccccc2CC=C,C=C(C)C(=O)OCCOCCOCCOCCOCCOCCOCCOCCOCCOCCOCCOCCOCCOCCOCCOCCOCCOCCOCCOCCOC(=O)C(=C)C
151,CC(C)(c2ccc(OCCOCCOCCOCC1CO1)cc2)c4ccc(OCCOCCOCCOCC3CO3)cc4,Nc2ccc(Cc1ccc(N)cc1)cc2,"Here is a TSMP designed for Tg â‰ˆ 100Â°C and Er â‰ˆ 40Mpa:
Monomer 1: CC(C)(c2ccc(OCCOCCOCCOCC1CO1)cc2)c4ccc(OCCOCCOCCOCC3CO3)cc4
Monomer 2: Nc2ccc(Cc1ccc(N)cc1)cc2",N/A,N/A,0.5,100,40,Generate a thermoset shape memory polymer with Tg = 100Â°C and Er = 40 MPa.,CC(C)(c2ccc(OCCOCCOCCOCC1CO1)cc2)c4ccc(OCCOCCOCCOCC3CO3)cc4,Nc2ccc(Cc1ccc(N)cc1)cc2
152,C=CCc1ccccc1OCC(O)COC(=O)CCCCC(=O)OCC(O)COc2ccccc2CC=C,C=C(C)C(=O)OCCOCCOCCOCCOCCOCCOCCOCCOCCOCCOCCOCCOCCOCCOCCOCCOCCOCCOCCOCCOC(=O)C(=C)C,"Here is a TSMP designed for Tg â‰ˆ 100Â°C and Er â‰ˆ 40Mpa:
Monomer 1: C=CCc1ccccc1OCC(O)COC(=O)CCCCC(=O)OCC(O)COc2ccccc2CC=C
Monomer 2: C=C(C)C(=O)OCCOCCOCCOCCOCCOCCOCCOCCOCCOCCOCCOCCOCCOCCOCCOCCOCCOCCOCCOCCOC(=O)C(=C)C",N/A,N/A,0.5,100,40,Generate a thermoset shape memory polymer with Tg = 100Â°C and Er = 40 MPa.,C=CCc1ccccc1OCC(O)COC(=O)CCCCC(=O)OCC(O)COc2ccccc2CC=C,C=C(C)C(=O)OCCOCCOCCOCCOCCOCCOCCOCCOCCOCCOCCOCCOCCOCCOCCOCCOCCOCCOCCOCCOC(=O)C(=C)C
153,C=CCn1c(=O)n(CC=C)c(=O)n(CC=C)c1=O,C=C(C)C(=O)OCCOCCOCCOCCOCCOCCOCCOCCOCCOCCOCCOCCOCCOCCOCCOCCOCCOCCOCCOCCOC(=O)C(=C)C,"Here is a TSMP designed for Tg â‰ˆ 100Â°C and Er â‰ˆ 40Mpa:
Monomer 1: C=CCn1c(=O)n(CC=C)c(=O)n(CC=C)c1=O
Monomer 2: C=C(C)C(=O)OCCOCCOCCOCCOCCOCCOCCOCCOCCOCCOCCOCCOCCOCCOCCOCCOCCOCCOCCOCCOC(=O)C(=C)C",N/A,N/A,0.5,100,40,Generate a thermoset shape memory polymer with Tg = 100Â°C and Er = 40 MPa.,C=CCn1c(=O)n(CC=C)c(=O)n(CC=C)c1=O,C=C(C)C(=O)OCCOCCOCCOCCOCCOCCOCCOCCOCCOCCOCCOCCOCCOCCOCCOCCOCCOCCOCCOCCOC(=O)C(=C)C
154,C=CC(=O)OC(C)(C)C,C=C(C)C(=O)OCCOCCOCCOCCOCCOCCOCCOCCOCCOCCOCCOCCOCCOCCOCCOCCOCCOCCOCCOCCOC(=O)C(=C)C,"Here is a TSMP designed for Tg â‰ˆ 100Â°C and Er â‰ˆ 40Mpa:
Monomer 1: C=CC(=O)OC(C)(C)C
Monomer 2: C=C(C)C(=O)OCCOCCOCCOCCOCCOCCOCCOCCOCCOCCOCCOCCOCCOCCOCCOCCOCCOCCOCCOCCOC(=O)C(=C)C",N/A,N/A,0.5,100,40,Generate a thermoset shape memory polymer with Tg = 100Â°C and Er = 40 MPa.,C=CC(=O)OC(C)(C)C,C=C(C)C(=O)OCCOCCOCCOCCOCCOCCOCCOCCOCCOCCOCCOCCOCCOCCOCCOCCOCCOCCOCCOCCOC(=O)C(=C)C
155,C=C(C)C(=O)OCCOCCOCCOCCOCCOCCOCCOCCOCCOCCOCCOCCOCCOCCOCCOCCOCCOCCOCCOCCOC(=O)C(=C)C,C=C(C)C(=O)OCCOCCOCCOCCOCCOCCOCCOCCOCCOCCOCCOCCOC(=O)C(=C)C,"Here is a TSMP designed for Tg â‰ˆ 100Â°C and Er â‰ˆ 40Mpa:
Monomer 1: C=C(C)C(=O)OCCOCCOCCOCCOCCOCCOCCOCCOCCOCCOCCOCCOCCOCCOCCOCCOCCOCCOCCOCCOC(=O)C(=C)C
Monomer 2: C=C(C)C(=O)OCCOCCOCCOCCOCCOCCOCCOCCOCCOCCOCCOCCOC(=O)C(=C)C",N/A,N/A,0.5,100,40,Generate a thermoset shape memory polymer with Tg = 100Â°C and Er = 40 MPa.,C=C(C)C(=O)OCCOCCOCCOCCOCCOCCOCCOCCOCCOCCOCCOCCOCCOCCOCCOCCOCCOCCOCCOCCOC(=O)C(=C)C,C=C(C)C(=O)OCCOCCOCCOCCOCCOCCOCCOCCOCCOCCOCCOCCOC(=O)C(=C)C
156,C=CCc4ccc(OCC1CO1)c(c2cc(CC=C)ccc2OCC3CO3)c4,CC(N)COCC(C)OCC(C)OCC(C)OCC(C)OCC(C)OCC(C)N,"Here is a TSMP designed for Tg â‰ˆ 150Â°C and Er â‰ˆ 30Mpa:
Monomer 1: C=CCc4ccc(OCC1CO1)c(c2cc(CC=C)ccc2OCC3CO3)c4
Monomer 2: CC(N)COCC(C)OCC(C)OCC(C)OCC(C)OCC(C)OCC(C)N",N/A,N/A,0.5,150,30,Design a TSMP with a glass transition temperature of 150Â°C and an recovery stress of 30 MPa.,C=CCc4ccc(OCC1CO1)c(c2cc(CC=C)ccc2OCC3CO3)c4,CC(N)COCC(C)OCC(C)OCC(C)OCC(C)OCC(C)OCC(C)N
157,C=CCn1c(=O)n(CC=C)c(=O)n(CC=C)c1=O,C=C(C)C(=O)OCCOCCOCCOCCOCCOCCOCCOCCOCCOCCOCCOCCOCCOCCOCCOCCOCCOCCOCCOCCOC(=O)C(=C)C,"Here is a TSMP designed for Tg â‰ˆ 150Â°C and Er â‰ˆ 30Mpa:
Monomer 1: C=CCn1c(=O)n(CC=C)c(=O)n(CC=C)c1=O
Monomer 2: C=C(C)C(=O)OCCOCCOCCOCCOCCOCCOCCOCCOCCOCCOCCOCCOCCOCCOCCOCCOCCOCCOCCOCCOC(=O)C(=C)C",N/A,N/A,0.5,150,30,Design a TSMP with a glass transition temperature of 150Â°C and an recovery stress of 30 MPa.,C=CCn1c(=O)n(CC=C)c(=O)n(CC=C)c1=O,C=C(C)C(=O)OCCOCCOCCOCCOCCOCCOCCOCCOCCOCCOCCOCCOCCOCCOCCOCCOCCOCCOCCOCCOC(=O)C(=C)C
158,Cc3cc(c2cc(C)c(OCC1CO1)c(C(C)(C)C)c2)cc(C(C)(C)C)c3OCC4CO4,CC(N)COCC(C)OCC(C)OCC(C)N,"Here is a TSMP designed for Tg â‰ˆ 150Â°C and Er â‰ˆ 30Mpa:
Monomer 1: Cc3cc(c2cc(C)c(OCC1CO1)c(C(C)(C)C)c2)cc(C(C)(C)C)c3OCC4CO4
Monomer 2: CC(N)COCC(C)OCC(C)OCC(C)N",N/A,N/A,0.5,150,30,Design a TSMP with a glass transition temperature of 150Â°C and an recovery stress of 30 MPa.,Cc3cc(c2cc(C)c(OCC1CO1)c(C(C)(C)C)c2)cc(C(C)(C)C)c3OCC4CO4,CC(N)COCC(C)OCC(C)OCC(C)N
159,c3cc(N(CC1CO1)CC2CO2)ccc3Cc6ccc(N(CC4CO4)CC5CO5)cc6,Nc2ccc(Cc1ccc(N)cc1)cc2,"Here is a TSMP designed for Tg â‰ˆ 150Â°C and Er â‰ˆ 30Mpa:
Monomer 1: c3cc(N(CC1CO1)CC2CO2)ccc3Cc6ccc(N(CC4CO4)CC5CO5)cc6
Monomer 2: Nc2ccc(Cc1ccc(N)cc1)cc2",N/A,N/A,0.5,150,30,Design a TSMP with a glass transition temperature of 150Â°C and an recovery stress of 30 MPa.,c3cc(N(CC1CO1)CC2CO2)ccc3Cc6ccc(N(CC4CO4)CC5CO5)cc6,Nc2ccc(Cc1ccc(N)cc1)cc2
160,C=CC(=O)OC(C)(C)C,C=C(C)C(=O)OCCOCCOCCOCCOCCOCCOCCOCCOCCOC(=O)C(=C)C,"Here is a TSMP designed for Tg â‰ˆ 150Â°C and Er â‰ˆ 30Mpa:
Monomer 1: C=CC(=O)OC(C)(C)C
Monomer 2: C=C(C)C(=O)OCCOCCOCCOCCOCCOCCOCCOCCOCCOC(=O)C(=C)C",N/A,N/A,0.5,150,30,Design a TSMP with a glass transition temperature of 150Â°C and an recovery stress of 30 MPa.,C=CC(=O)OC(C)(C)C,C=C(C)C(=O)OCCOCCOCCOCCOCCOCCOCCOCCOCCOC(=O)C(=C)C
161,C=CCc1ccccc1OCC(O)COC(=O)Cc3ccc(C(=O)OCC(O)COc2ccccc2CC=C)cc3,C=C(CCS)OCCn1c(=O)n(CCOC(=O)CCS)c(=O)n(CCOC(=O)CCS)c1=O,"Here is a TSMP designed for Tg â‰ˆ 200Â°C and Er â‰ˆ 27Mpa:
Monomer 1: C=CCc1ccccc1OCC(O)COC(=O)Cc3ccc(C(=O)OCC(O)COc2ccccc2CC=C)cc3
Monomer 2: C=C(CCS)OCCn1c(=O)n(CCOC(=O)CCS)c(=O)n(CCOC(=O)CCS)c1=O",N/A,N/A,0.5,200,27,Design a TSMP with a glass transition temperature of 200Â°C and an recovery stress of 27 MPa.,C=CCc1ccccc1OCC(O)COC(=O)Cc3ccc(C(=O)OCC(O)COc2ccccc2CC=C)cc3,C=C(CCS)OCCn1c(=O)n(CCOC(=O)CCS)c(=O)n(CCOC(=O)CCS)c1=O
162,Cc3cc(c2cc(C)c(OCC1CO1)c(C)c2)cc(C)c3OCC4CO4,CC(N)COCC(C)OCC(C)OCC(C)OCCOCCOCCOCCOCCOCCOCCOCCOCCOCCOCCOCCOCC(C)OCC(C)OCC(C)N,"Here is a TSMP designed for Tg â‰ˆ 200Â°C and Er â‰ˆ 27Mpa:
Monomer 1: Cc3cc(c2cc(C)c(OCC1CO1)c(C)c2)cc(C)c3OCC4CO4
Monomer 2: CC(N)COCC(C)OCC(C)OCC(C)OCCOCCOCCOCCOCCOCCOCCOCCOCCOCCOCCOCCOCC(C)OCC(C)OCC(C)N",N/A,N/A,0.5,200,27,Design a TSMP with a glass transition temperature of 200Â°C and an recovery stress of 27 MPa.,Cc3cc(c2cc(C)c(OCC1CO1)c(C)c2)cc(C)c3OCC4CO4,CC(N)COCC(C)OCC(C)OCC(C)OCCOCCOCCOCCOCCOCCOCCOCCOCCOCCOCCOCCOCC(C)OCC(C)OCC(C)N
163,c1ccc3c(c1)c2ccccc2C3(c5ccc(OCCOCC4CO4)cc5)c7ccc(OCCOCC6CO6)cc7,COCCOCCOCCOCCOCCOCCOCCOCCOCCOCCOCCOCCOCCOCCOCCOCCOCCOCCOCCOCCOCCOCCOCCOCCOCCOCCOCCOCCOCCOCCOCCOCCOCCOCC(C)OCC(C)OCC(C)OCC(C)OCC(C)OCC(C)OCC(C)OCC(C)OCC(C)OCC(C)N,"Here is a TSMP designed for Tg â‰ˆ 200Â°C and Er â‰ˆ 27Mpa:
Monomer 1: c1ccc3c(c1)c2ccccc2C3(c5ccc(OCCOCC4CO4)cc5)c7ccc(OCCOCC6CO6)cc7
Monomer 2: COCCOCCOCCOCCOCCOCCOCCOCCOCCOCCOCCOCCOCCOCCOCCOCCOCCOCCOCCOCCOCCOCCOCCOCCOCCOCCOCCOCCOCCOCCOCCOCCOCCOCC(C)OCC(C)OCC(C)OCC(C)OCC(C)OCC(C)OCC(C)OCC(C)OCC(C)OCC(C)N",N/A,N/A,0.5,200,27,Design a TSMP with a glass transition temperature of 200Â°C and an recovery stress of 27 MPa.,c1ccc3c(c1)c2ccccc2C3(c5ccc(OCCOCC4CO4)cc5)c7ccc(OCCOCC6CO6)cc7,COCCOCCOCCOCCOCCOCCOCCOCCOCCOCCOCCOCCOCCOCCOCCOCCOCCOCCOCCOCCOCCOCCOCCOCCOCCOCCOCCOCCOCCOCCOCCOCCOCCOCC(C)OCC(C)OCC(C)OCC(C)OCC(C)OCC(C)OCC(C)OCC(C)OCC(C)OCC(C)N
164,C=C(C)C(=O)OCCOCCOCCOCCOCCOCCOCCOCCOC(=O)C(=C)C,C=C(C)C(=O)OCCOCCOCCOCCOCCOCCOCCOCCOCCOCCOCCOCCOCCOCCOCCOCCOCCOC(=O)C(=C)C,"To achieve Tg of 200Â°C and Er of 27Mpa, consider this monomer combination:
Monomer 1: C=C(C)C(=O)OCCOCCOCCOCCOCCOCCOCCOCCOC(=O)C(=C)C
Monomer 2: C=C(C)C(=O)OCCOCCOCCOCCOCCOCCOCCOCCOCCOCCOCCOCCOCCOCCOCCOCCOCCOC(=O)C(=C)C",N/A,N/A,0.5,200,27,Design a TSMP with a glass transition temperature of 200Â°C and an recovery stress of 27 MPa.,C=C(C)C(=O)OCCOCCOCCOCCOCCOCCOCCOCCOC(=O)C(=C)C,C=C(C)C(=O)OCCOCCOCCOCCOCCOCCOCCOCCOCCOCCOCCOCCOCCOCCOCCOCCOCCOC(=O)C(=C)C
165,C=C(C)C(=O)OCCOCCOCCOCCOCCOCCOCCOCCOCCOCCOCCOCCOCCOCCOCCOCCOCCOC(=O)C(C)=O,C=C(C)C(=O)OCCOCCOCCOCCOCCOCCOCCOCCOCCOCCOCCOCCOCCOCCOCCOCCOCCOCCOCCOCCOC(=O)C(=C)C,"Here is a TSMP designed for Tg â‰ˆ 200Â°C and Er â‰ˆ 27Mpa:
Monomer 1: C=C(C)C(=O)OCCOCCOCCOCCOCCOCCOCCOCCOCCOCCOCCOCCOCCOCCOCCOCCOCCOC(=O)C(C)=O
Monomer 2: C=C(C)C(=O)OCCOCCOCCOCCOCCOCCOCCOCCOCCOCCOCCOCCOCCOCCOCCOCCOCCOCCOCCOCCOC(=O)C(=C)C",N/A,N/A,0.5,200,27,Design a TSMP with a glass transition temperature of 200Â°C and an recovery stress of 27 MPa.,C=C(C)C(=O)OCCOCCOCCOCCOCCOCCOCCOCCOCCOCCOCCOCCOCCOCCOCCOCCOCCOC(=O)C(C)=O,C=C(C)C(=O)OCCOCCOCCOCCOCCOCCOCCOCCOCCOCCOCCOCCOCCOCCOCCOCCOCCOCCOCCOCCOC(=O)C(=C)C
166,CC(C)(c2ccc(OCCOCCOCCOC1CO1)cc2)c4ccc(OCCOCCOCCC3CO3)cc4,CC(N)COCC(C)OCC(C)OCC(C)OCC(C)OCC(C)OCC(C)OCCOCCOCCOCCOCCOCCOCCOCCOCCOCCOCCOCCOCCOCCOCCOCCOCCOCCOCCOCCOCCOCCOCCOCCOCCOCCOCCOCCOCC(C)OCC(C)OCC(C)OCC(C)OCC(C)N,"Here is a TSMP designed for Tg â‰ˆ 100Â°C and Er â‰ˆ 100Mpa:
Monomer 1: CC(C)(c2ccc(OCCOCCOCCOC1CO1)cc2)c4ccc(OCCOCCOCCC3CO3)cc4
Monomer 2: CC(N)COCC(C)OCC(C)OCC(C)OCC(C)OCC(C)OCC(C)OCCOCCOCCOCCOCCOCCOCCOCCOCCOCCOCCOCCOCCOCCOCCOCCOCCOCCOCCOCCOCCOCCOCCOCCOCCOCCOCCOCCOCC(C)OCC(C)OCC(C)OCC(C)OCC(C)N",N/A,N/A,0.5,100,100,Generate a thermoset shape memory polymer with Tg = 100Â°C and Er = 100 MPa.,CC(C)(c2ccc(OCCOCCOCCOC1CO1)cc2)c4ccc(OCCOCCOCCC3CO3)cc4,CC(N)COCC(C)OCC(C)OCC(C)OCC(C)OCC(C)OCC(C)OCCOCCOCCOCCOCCOCCOCCOCCOCCOCCOCCOCCOCCOCCOCCOCCOCCOCCOCCOCCOCCOCCOCCOCCOCCOCCOCCOCCOCC(C)OCC(C)OCC(C)OCC(C)OCC(C)N
167,c3cc(N(CC1CO1)CC2CO2)ccc3OCC4CO4,CCCCCCCCCN,"Here is a TSMP designed for Tg â‰ˆ 100Â°C and Er â‰ˆ 100Mpa:
Monomer 1: c3cc(N(CC1CO1)CC2CO2)ccc3OCC4CO4
Monomer 2: CCCCCCCCCN",N/A,N/A,0.5,100,100,Generate a thermoset shape memory polymer with Tg = 100Â°C and Er = 100 MPa.,c3cc(N(CC1CO1)CC2CO2)ccc3OCC4CO4,CCCCCCCCCN
168,C=CCc4ccc(OCC1CO1)c(c2cc(CC=C)ccc2OCC3CO3)c4,CC(N)COCC(C)OCC(C)OCC(C)OCC(C)OCC(C)OCC(C)N,"Here is a TSMP designed for Tg â‰ˆ 100Â°C and Er â‰ˆ 100Mpa:
Monomer 1: C=CCc4ccc(OCC1CO1)c(c2cc(CC=C)ccc2OCC3CO3)c4
Monomer 2: CC(N)COCC(C)OCC(C)OCC(C)OCC(C)OCC(C)OCC(C)N",N/A,N/A,0.5,100,100,Generate a thermoset shape memory polymer with Tg = 100Â°C and Er = 100 MPa.,C=CCc4ccc(OCC1CO1)c(c2cc(CC=C)ccc2OCC3CO3)c4,CC(N)COCC(C)OCC(C)OCC(C)OCC(C)OCC(C)OCC(C)N
169,C=C(C)C(=O)OCCOCCOCCOCCOCCOCCOCCOCCOCCOCCOCCOCCOCCOCCOCCOCCOCCOCCOCCOCCOC(=O)C(=C)C,C=C(C)C(=O)OCCOCCOCCOCCOCCOCCOCCOCCOCCOCCOCCOCCOCCOCCOCCOCCOCCOCCOCCOCCOC(=O)C(=C)C,"Here is a TSMP designed for Tg â‰ˆ 100Â°C and Er â‰ˆ 100Mpa:
Monomer 1: C=C(C)C(=O)OCCOCCOCCOCCOCCOCCOCCOCCOCCOCCOCCOCCOCCOCCOCCOCCOCCOCCOCCOCCOC(=O)C(=C)C
Monomer 2: C=C(C)C(=O)OCCOCCOCCOCCOCCOCCOCCOCCOCCOCCOCCOCCOCCOCCOCCOCCOCCOCCOCCOCCOC(=O)C(=C)C",N/A,N/A,0.5,100,100,Generate a thermoset shape memory polymer with Tg = 100Â°C and Er = 100 MPa.,C=C(C)C(=O)OCCOCCOCCOCCOCCOCCOCCOCCOCCOCCOCCOCCOCCOCCOCCOCCOCCOCCOCCOCCOC(=O)C(=C)C,C=C(C)C(=O)OCCOCCOCCOCCOCCOCCOCCOCCOCCOCCOCCOCCOCCOCCOCCOCCOCCOCCOCCOCCOC(=O)C(=C)C
170,CC(C)(c2ccc(OCCOCCOCCOCC1CO1)cc2)c4ccc(OCCOCCOCCOCC3CO3)cc4,CC(N)COCC(C)OCC(C)OCC(C)OCC(C)OCC(C)OCC(C)OCCOCCOCCOCCOCCOCCOCCOCCOCCOCCOCCOCCOCCOCCOCCOCCOCCOCCOCCOCCOCCOCCOCCOCCOCCOCCOCCOCCOCC(C)OCC(C)OCC(C)OCC(C)OCC(C)N,"Here is a TSMP designed for Tg â‰ˆ 100Â°C and Er â‰ˆ 100Mpa:
Monomer 1: CC(C)(c2ccc(OCCOCCOCCOCC1CO1)cc2)c4ccc(OCCOCCOCCOCC3CO3)cc4
Monomer 2: CC(N)COCC(C)OCC(C)OCC(C)OCC(C)OCC(C)OCC(C)OCCOCCOCCOCCOCCOCCOCCOCCOCCOCCOCCOCCOCCOCCOCCOCCOCCOCCOCCOCCOCCOCCOCCOCCOCCOCCOCCOCCOCC(C)OCC(C)OCC(C)OCC(C)OCC(C)N",N/A,N/A,0.5,100,100,Generate a thermoset shape memory polymer with Tg = 100Â°C and Er = 100 MPa.,CC(C)(c2ccc(OCCOCCOCCOCC1CO1)cc2)c4ccc(OCCOCCOCCOCC3CO3)cc4,CC(N)COCC(C)OCC(C)OCC(C)OCC(C)OCC(C)OCC(C)OCCOCCOCCOCCOCCOCCOCCOCCOCCOCCOCCOCCOCCOCCOCCOCCOCCOCCOCCOCCOCCOCCOCCOCCOCCOCCOCCOCCOCC(C)OCC(C)OCC(C)OCC(C)OCC(C)N
171,C=C(C)C(=O)OCCOCCOCCOCCOCCOCCOCCOCCOCCOCCOCCOCCOCCOCCOCCOCCOCCOCCOCCOCCOC(=O)C(=C)C,C=C(C)C(=O)OCCOCCOCCOCCOCCOCCOCCOCCOCCOCCOCCOCCOCCOCCOCCOCCOCCOCCOCCOCCOC(=O)C(=C)C,"Here is a TSMP designed for Tg â‰ˆ 50Â°C and Er â‰ˆ 20Mpa:
Monomer 1: C=C(C)C(=O)OCCOCCOCCOCCOCCOCCOCCOCCOCCOCCOCCOCCOCCOCCOCCOCCOCCOCCOCCOCCOC(=O)C(=C)C
Monomer 2: C=C(C)C(=O)OCCOCCOCCOCCOCCOCCOCCOCCOCCOCCOCCOCCOCCOCCOCCOCCOCCOCCOCCOCCOC(=O)C(=C)C",N/A,N/A,0.5,50,20,Generate a thermoset shape memory polymer with Tg = 50Â°C and Er = 20 MPa.,C=C(C)C(=O)OCCOCCOCCOCCOCCOCCOCCOCCOCCOCCOCCOCCOCCOCCOCCOCCOCCOCCOCCOCCOC(=O)C(=C)C,C=C(C)C(=O)OCCOCCOCCOCCOCCOCCOCCOCCOCCOCCOCCOCCOCCOCCOCCOCCOCCOCCOCCOCCOC(=O)C(=C)C
172,C=CCc4ccc(OCC1CO1)c(c2cc(CC=C)ccc2OCC3CO3)c4,C=C(C)C(=O)OCCOCCOCCOCCOCCOCCOCCOCCOCCOCCOCCOCCOCCOCCOCCOCCOCCOCCOCCOCCOC(=O)C(=C)C,"Here is a TSMP designed for Tg â‰ˆ 50Â°C and Er â‰ˆ 20Mpa:
Monomer 1: C=CCc4ccc(OCC1CO1)c(c2cc(CC=C)ccc2OCC3CO3)c4
Monomer 2: C=C(C)C(=O)OCCOCCOCCOCCOCCOCCOCCOCCOCCOCCOCCOCCOCCOCCOCCOCCOCCOCCOCCOCCOC(=O)C(=C)C",N/A,N/A,0.5,50,20,Generate a thermoset shape memory polymer with Tg = 50Â°C and Er = 20 MPa.,C=CCc4ccc(OCC1CO1)c(c2cc(CC=C)ccc2OCC3CO3)c4,C=C(C)C(=O)OCCOCCOCCOCCOCCOCCOCCOCCOCCOCCOCCOCCOCCOCCOCCOCCOCCOCCOCCOCCOC(=O)C(=C)C
173,C=C(C)C(=O)OCCOCCOCCOCCOCCOCCOCCOCCOCCOCCOCCOCCOCCOCCOCCOCCOCCOC(=O)C(=C)C,C=C(C)C(=O)OCCOCCOCCOCCOCCOCCOCCOCCOCCOC(=O)C(=C)C,"Here is a TSMP designed for Tg â‰ˆ 50Â°C and Er â‰ˆ 20Mpa:
Monomer 1: C=C(C)C(=O)OCCOCCOCCOCCOCCOCCOCCOCCOCCOCCOCCOCCOCCOCCOCCOCCOCCOC(=O)C(=C)C
Monomer 2: C=C(C)C(=O)OCCOCCOCCOCCOCCOCCOCCOCCOCCOC(=O)C(=C)C",N/A,N/A,0.5,50,20,Generate a thermoset shape memory polymer with Tg = 50Â°C and Er = 20 MPa.,C=C(C)C(=O)OCCOCCOCCOCCOCCOCCOCCOCCOCCOCCOCCOCCOCCOCCOCCOCCOCCOC(=O)C(=C)C,C=C(C)C(=O)OCCOCCOCCOCCOCCOCCOCCOCCOCCOC(=O)C(=C)C
174,CC(C)(c2ccc(OCCOCCOCCOCC1CO1)cc2)c4ccc(OCCOCCOCCOCC3CO3)cc4,Nc2ccc(SSc1ccc(N)cc1)cc2,"Here is a TSMP designed for Tg â‰ˆ 50Â°C and Er â‰ˆ 20Mpa:
Monomer 1: CC(C)(c2ccc(OCCOCCOCCOCC1CO1)cc2)c4ccc(OCCOCCOCCOCC3CO3)cc4
Monomer 2: Nc2ccc(SSc1ccc(N)cc1)cc2",N/A,N/A,0.5,50,20,Generate a thermoset shape memory polymer with Tg = 50Â°C and Er = 20 MPa.,CC(C)(c2ccc(OCCOCCOCCOCC1CO1)cc2)c4ccc(OCCOCCOCCOCC3CO3)cc4,Nc2ccc(SSc1ccc(N)cc1)cc2
175,C=C(C)C(=O)OCCOCCOCCOCCOCCOCCOCCOCCOCCOCCOCCOCCOCCOCCOCCOCCOCCOC(=O)C(=C)C,C=CCOCC(COCC=C)(COCC=C)COC(=O)NCC1(C)CC(NC(=O)OCC(COCC=C)(COCC=C)COCC=C)CC(C)(C)C1,"Here is a TSMP designed for Tg â‰ˆ 50Â°C and Er â‰ˆ 20Mpa:
Monomer 1: C=C(C)C(=O)OCCOCCOCCOCCOCCOCCOCCOCCOCCOCCOCCOCCOCCOCCOCCOCCOCCOC(=O)C(=C)C
Monomer 2: C=CCOCC(COCC=C)(COCC=C)COC(=O)NCC1(C)CC(NC(=O)OCC(COCC=C)(COCC=C)COCC=C)CC(C)(C)C1",N/A,N/A,0.5,50,20,Generate a thermoset shape memory polymer with Tg = 50Â°C and Er = 20 MPa.,C=C(C)C(=O)OCCOCCOCCOCCOCCOCCOCCOCCOCCOCCOCCOCCOCCOCCOCCOCCOCCOC(=O)C(=C)C,C=CCOCC(COCC=C)(COCC=C)COC(=O)NCC1(C)CC(NC(=O)OCC(COCC=C)(COCC=C)COCC=C)CC(C)(C)C1
176,C=CC(=O)OC(C)(C)C,C=C(CCS)OCCn1c(=O)n(CCOC(=O)CCS)c(=O)n(CCOC(=O)CCS)c1=O,"Here is a TSMP designed for Tg â‰ˆ 100Â°C and Er â‰ˆ 40Mpa:
Monomer 1: C=CC(=O)OC(C)(C)C
Monomer 2: C=C(CCS)OCCn1c(=O)n(CCOC(=O)CCS)c(=O)n(CCOC(=O)CCS)c1=O",N/A,N/A,0.7,100,40,Design a TSMP with a glass transition temperature of 100Â°C and an recovery stress of 40 MPa.,C=CC(=O)OC(C)(C)C,C=C(CCS)OCCn1c(=O)n(CCOC(=O)CCS)c(=O)n(CCOC(=O)CCS)c1=O
177,CC(C)(C4CCC(OCC(O)COC3CCC(C(C)(C)C2CCC(OCC1CO1)CC2)CC3)CC4)C6CCC(OCC5CO5)CC6,CCCCCCCCCCCCCCCN,"Here is a TSMP designed for Tg â‰ˆ 100Â°C and Er â‰ˆ 40Mpa:
Monomer 1: CC(C)(C4CCC(OCC(O)COC3CCC(C(C)(C)C2CCC(OCC1CO1)CC2)CC3)CC4)C6CCC(OCC5CO5)CC6
Monomer 2: CCCCCCCCCCCCCCCN",N/A,N/A,0.7,100,40,Design a TSMP with a glass transition temperature of 100Â°C and an recovery stress of 40 MPa.,CC(C)(C4CCC(OCC(O)COC3CCC(C(C)(C)C2CCC(OCC1CO1)CC2)CC3)CC4)C6CCC(OCC5CO5)CC6,CCCCCCCCCCCCCCCN
178,C=C(C)C(=O)OCCOCCOCCOCCOCCOCCOCCOCCOCCOCCOCCOCCOCCOCCOCCOCCOCCOC(=O)C(C)=O,C=C(C)C(=O)OCCOCCOCCOCCOCCOCCOCCOCCOCCOCCOCCOCCOCCOCCOCCOCCOCCOCCOCCOCCOC(=O)C(=C)C,"Here is a TSMP designed for Tg â‰ˆ 100Â°C and Er â‰ˆ 40Mpa:
Monomer 1: C=C(C)C(=O)OCCOCCOCCOCCOCCOCCOCCOCCOCCOCCOCCOCCOCCOCCOCCOCCOCCOC(=O)C(C)=O
Monomer 2: C=C(C)C(=O)OCCOCCOCCOCCOCCOCCOCCOCCOCCOCCOCCOCCOCCOCCOCCOCCOCCOCCOCCOCCOC(=O)C(=C)C",N/A,N/A,0.7,100,40,Design a TSMP with a glass transition temperature of 100Â°C and an recovery stress of 40 MPa.,C=C(C)C(=O)OCCOCCOCCOCCOCCOCCOCCOCCOCCOCCOCCOCCOCCOCCOCCOCCOCCOC(=O)C(C)=O,C=C(C)C(=O)OCCOCCOCCOCCOCCOCCOCCOCCOCCOCCOCCOCCOCCOCCOCCOCCOCCOCCOCCOCCOC(=O)C(=C)C
179,c1ccc3c(c1)c2ccccc2C3(c5ccc(OCCOCC4CO4)cc5)c7ccc(OCCOCC6CO6)cc7,CC(N)COCC(C)OCC(C)OCC(C)OCC(C)OCC(C)OCC(C)N,"To achieve Tg of 100Â°C and Er of 40Mpa, consider this monomer combination:
Monomer 1: c1ccc3c(c1)c2ccccc2C3(c5ccc(OCCOCC4CO4)cc5)c7ccc(OCCOCC6CO6)cc7
Monomer 2: CC(N)COCC(C)OCC(C)OCC(C)OCC(C)OCC(C)OCC(C)N",N/A,N/A,0.7,100,40,Design a TSMP with a glass transition temperature of 100Â°C and an recovery stress of 40 MPa.,c1ccc3c(c1)c2ccccc2C3(c5ccc(OCCOCC4CO4)cc5)c7ccc(OCCOCC6CO6)cc7,CC(N)COCC(C)OCC(C)OCC(C)OCC(C)OCC(C)OCC(C)N
180,CC(C)(c4ccc(OCC(O)COc3ccc(C(C)(C)c2ccc(OCC1CO1)cc2)cc3)cc4)c6ccc(OCC5CO5)cc6,Nc2ccc(Cc1ccc(N)cc1)cc2,"Here is a TSMP designed for Tg â‰ˆ 100Â°C and Er â‰ˆ 40Mpa:
Monomer 1: CC(C)(c4ccc(OCC(O)COc3ccc(C(C)(C)c2ccc(OCC1CO1)cc2)cc3)cc4)c6ccc(OCC5CO5)cc6
Monomer 2: Nc2ccc(Cc1ccc(N)cc1)cc2",N/A,N/A,0.7,100,40,Design a TSMP with a glass transition temperature of 100Â°C and an recovery stress of 40 MPa.,CC(C)(c4ccc(OCC(O)COc3ccc(C(C)(C)c2ccc(OCC1CO1)cc2)cc3)cc4)c6ccc(OCC5CO5)cc6,Nc2ccc(Cc1ccc(N)cc1)cc2
181,CC(C)(c4ccc(OCC(O)COc3ccc(C(C)(C)c2ccc(OCC1CO1)cc2)cc3)cc4)c6ccc(OCC5CO5)cc6,CC(N)COCC(C)OCC(C)OCC(C)OCC(C)OCC(C)OCC(C)OCCOCCOCCOCCOCCOCCOCCOCCOCCOCCOCCOCCOCCOCCOCCOCCOCCOCCOCCOCCOCCOCCOCCOCCOCCOCCOCCOCCOCC(C)OCC(C)OCC(C)OCC(C)OCC(C)N,"Here is a TSMP designed for Tg â‰ˆ 150Â°C and Er â‰ˆ 30Mpa:
Monomer 1: CC(C)(c4ccc(OCC(O)COc3ccc(C(C)(C)c2ccc(OCC1CO1)cc2)cc3)cc4)c6ccc(OCC5CO5)cc6
Monomer 2: CC(N)COCC(C)OCC(C)OCC(C)OCC(C)OCC(C)OCC(C)OCCOCCOCCOCCOCCOCCOCCOCCOCCOCCOCCOCCOCCOCCOCCOCCOCCOCCOCCOCCOCCOCCOCCOCCOCCOCCOCCOCCOCC(C)OCC(C)OCC(C)OCC(C)OCC(C)N",N/A,N/A,0.7,150,30,Design a TSMP with a glass transition temperature of 150Â°C and an recovery stress of 30 MPa.,CC(C)(c4ccc(OCC(O)COc3ccc(C(C)(C)c2ccc(OCC1CO1)cc2)cc3)cc4)c6ccc(OCC5CO5)cc6,CC(N)COCC(C)OCC(C)OCC(C)OCC(C)OCC(C)OCC(C)OCCOCCOCCOCCOCCOCCOCCOCCOCCOCCOCCOCCOCCOCCOCCOCCOCCOCCOCCOCCOCCOCCOCCOCCOCCOCCOCCOCCOCC(C)OCC(C)OCC(C)OCC(C)OCC(C)N
182,CC(C)(c2ccc(OCCOCCOCCOCC1CO1)cc2)c4ccc(OCCOCCOCCOCC3CO3)cc4,Nc2ccc(Cc1ccc(N)cc1)cc2,"Sure! Here's a TSMP that matches your request:
Monomer 1: CC(C)(c2ccc(OCCOCCOCCOCC1CO1)cc2)c4ccc(OCCOCCOCCOCC3CO3)cc4
Monomer 2: Nc2ccc(Cc1ccc(N)cc1)cc2",N/A,N/A,0.7,150,30,Design a TSMP with a glass transition temperature of 150Â°C and an recovery stress of 30 MPa.,CC(C)(c2ccc(OCCOCCOCCOCC1CO1)cc2)c4ccc(OCCOCCOCCOCC3CO3)cc4,Nc2ccc(Cc1ccc(N)cc1)cc2
183,CC(C)(c2ccc(OCCOCC1CO1)cc2)c4ccc(OCCOCC3CO3)cc4,NCCNCCN,"Here is a TSMP designed for Tg â‰ˆ 150Â°C and Er â‰ˆ 30Mpa:
Monomer 1: CC(C)(c2ccc(OCCOCC1CO1)cc2)c4ccc(OCCOCC3CO3)cc4
Monomer 2: NCCNCCN",N/A,N/A,0.7,150,30,Design a TSMP with a glass transition temperature of 150Â°C and an recovery stress of 30 MPa.,CC(C)(c2ccc(OCCOCC1CO1)cc2)c4ccc(OCCOCC3CO3)cc4,NCCNCCN
184,C=C(C)C(=O)OCCOCCOCCOCCOCCOCCOCCOCCOCCOCCOCCOCCOCCOCCOCCOCCOCCOC(=O)C(=C)C,C=CCc1ccccc1OCC(O)COC(=O)Cc3ccc(C(=O)OCC(O)COc2ccccc2CC=C)cc3,"Here is a TSMP designed for Tg â‰ˆ 150Â°C and Er â‰ˆ 30Mpa:
Monomer 1: C=C(C)C(=O)OCCOCCOCCOCCOCCOCCOCCOCCOCCOCCOCCOCCOCCOCCOCCOCCOCCOC(=O)C(=C)C
Monomer 2: C=CCc1ccccc1OCC(O)COC(=O)Cc3ccc(C(=O)OCC(O)COc2ccccc2CC=C)cc3",N/A,N/A,0.7,150,30,Design a TSMP with a glass transition temperature of 150Â°C and an recovery stress of 30 MPa.,C=C(C)C(=O)OCCOCCOCCOCCOCCOCCOCCOCCOCCOCCOCCOCCOCCOCCOCCOCCOCCOC(=O)C(=C)C,C=CCc1ccccc1OCC(O)COC(=O)Cc3ccc(C(=O)OCC(O)COc2ccccc2CC=C)cc3
185,C=CCc4ccc(OCC1CO1)c(c2cc(CC=C)ccc2OCC3CO3)c4,NCCNCCN,"Here is a TSMP designed for Tg â‰ˆ 150Â°C and Er â‰ˆ 30Mpa:
Monomer 1: C=CCc4ccc(OCC1CO1)c(c2cc(CC=C)ccc2OCC3CO3)c4
Monomer 2: NCCNCCN",N/A,N/A,0.7,150,30,Design a TSMP with a glass transition temperature of 150Â°C and an recovery stress of 30 MPa.,C=CCc4ccc(OCC1CO1)c(c2cc(CC=C)ccc2OCC3CO3)c4,NCCNCCN
186,C=CCn1c(=O)n(CC=C)c(=O)n(CC=C)c1=O,C=C(C)C(=O)OCCOCCOCCOCCOCCOCCOCCOCCOCCOCCOCCOCCOCCOCCOCCOCCOCCOCCOCCOCCOC(=O)C(=C)C,"Here is a TSMP designed for Tg â‰ˆ 200Â°C and Er â‰ˆ 27Mpa:
Monomer 1: C=CCn1c(=O)n(CC=C)c(=O)n(CC=C)c1=O
Monomer 2: C=C(C)C(=O)OCCOCCOCCOCCOCCOCCOCCOCCOCCOCCOCCOCCOCCOCCOCCOCCOCCOCCOCCOCCOC(=O)C(=C)C",N/A,N/A,0.7,200,27,Suggest a polymer system for Tg â‰ˆ 200Â°C and Er â‰ˆ 27 MPa.,C=CCn1c(=O)n(CC=C)c(=O)n(CC=C)c1=O,C=C(C)C(=O)OCCOCCOCCOCCOCCOCCOCCOCCOCCOCCOCCOCCOCCOCCOCCOCCOCCOCCOCCOCCOC(=O)C(=C)C
187,c3cc(N(CC1CO1)CC2CO2)ccc3OCC4CO4,COCCOCCOCCOCCOCCOCCOCCOCCOCCOCCOCCOCCOCCOCCOCCOCCOCCOCCOCCOCCOCC(C)N,"Here's a TSMP designed for Tg â‰ˆ 200Â°C and Er â‰ˆ 27Mpa:
Monomer 1: c3cc(N(CC1CO1)CC2CO2)ccc3OCC4CO4
Monomer 2: COCCOCCOCCOCCOCCOCCOCCOCCOCCOCCOCCOCCOCCOCCOCCOCCOCCOCCOCCOCCOCC(C)N",N/A,N/A,0.7,200,27,Suggest a polymer system for Tg â‰ˆ 200Â°C and Er â‰ˆ 27 MPa.,c3cc(N(CC1CO1)CC2CO2)ccc3OCC4CO4,COCCOCCOCCOCCOCCOCCOCCOCCOCCOCCOCCOCCOCCOCCOCCOCCOCCOCCOCCOCCOCC(C)N
188,C=CC(=O)OC(C)(C)C,C=C(C)C(=O)OCCOCCOCCOCCOCCOCCOCCOCCOCCOC(=O)C(=C)C,"Great choice of properties and groups. Here's a compatible monomer pair:
Monomer 1: C=CC(=O)OC(C)(C)C
Monomer 2: C=C(C)C(=O)OCCOCCOCCOCCOCCOCCOCCOCCOCCOC(=O)C(=C)C",N/A,N/A,0.7,200,27,Suggest a polymer system for Tg â‰ˆ 200Â°C and Er â‰ˆ 27 MPa.,C=CC(=O)OC(C)(C)C,C=C(C)C(=O)OCCOCCOCCOCCOCCOCCOCCOCCOCCOC(=O)C(=C)C
189,C=CC(=O)OC(C)(C)C,C=C(C)C(=O)OCCOCCOCCOCCOCCOCCOCCOCCOCCOCCOCCOCCOCCOCCOCCOCCOCCOCCOCCOCCOC(=O)C(=C)C,"To achieve Tg of 200Â°C and Er of 27Mpa, consider this monomer combination:
Monomer 1: C=CC(=O)OC(C)(C)C
Monomer 2: C=C(C)C(=O)OCCOCCOCCOCCOCCOCCOCCOCCOCCOCCOCCOCCOCCOCCOCCOCCOCCOCCOCCOCCOC(=O)C(=C)C",N/A,N/A,0.7,200,27,Suggest a polymer system for Tg â‰ˆ 200Â°C and Er â‰ˆ 27 MPa.,C=CC(=O)OC(C)(C)C,C=C(C)C(=O)OCCOCCOCCOCCOCCOCCOCCOCCOCCOCCOCCOCCOCCOCCOCCOCCOCCOCCOCCOCCOC(=O)C(=C)C
190,Cc3cc(c2cc(C)c(OCC1CO1)c(C(C)(C)C)c2)cc(C(C)(C)C)c3OCC4CO4,Nc2ccc(SSc1ccc(N)cc1)cc2,"To achieve Tg of 200Â°C and Er of 27Mpa, consider this monomer combination:
Monomer 1: Cc3cc(c2cc(C)c(OCC1CO1)c(C(C)(C)C)c2)cc(C(C)(C)C)c3OCC4CO4
Monomer 2: Nc2ccc(SSc1ccc(N)cc1)cc2",N/A,N/A,0.7,200,27,Suggest a polymer system for Tg â‰ˆ 200Â°C and Er â‰ˆ 27 MPa.,Cc3cc(c2cc(C)c(OCC1CO1)c(C(C)(C)C)c2)cc(C(C)(C)C)c3OCC4CO4,Nc2ccc(SSc1ccc(N)cc1)cc2
191,C=C(C)C(=O)OCCOCCOCCOCCOCCOCCOCCOCCOCCOCCOCCOCCOCCOCCOCCOCCOCCOCCOCCOCCOC(=O)C(=C)C,O=c1n(CCS)c(=O)n(CCS)c(=O)n1CCS,"Here is a TSMP designed for Tg â‰ˆ 100Â°C and Er â‰ˆ 100Mpa:
Monomer 1: C=C(C)C(=O)OCCOCCOCCOCCOCCOCCOCCOCCOCCOCCOCCOCCOCCOCCOCCOCCOCCOCCOCCOCCOC(=O)C(=C)C
Monomer 2: O=c1n(CCS)c(=O)n(CCS)c(=O)n1CCS",N/A,N/A,0.7,100,100,Design a TSMP with a glass transition temperature of 100Â°C and an recovery stress of 100 MPa.,C=C(C)C(=O)OCCOCCOCCOCCOCCOCCOCCOCCOCCOCCOCCOCCOCCOCCOCCOCCOCCOCCOCCOCCOC(=O)C(=C)C,O=c1n(CCS)c(=O)n(CCS)c(=O)n1CCS
192,C=C(C)C(=O)OCCOCCOCCOCCOCCOCCOCCOCCOC(=O)C(=C)C,C=C(C)C(=O)OCCOCCOCCOCCOCCOC(=O)C(C)=O,"Great choice of properties and groups. Here's a compatible monomer pair:
Monomer 1: C=C(C)C(=O)OCCOCCOCCOCCOCCOCCOCCOCCOC(=O)C(=C)C
Monomer 2: C=C(C)C(=O)OCCOCCOCCOCCOCCOC(=O)C(C)=O",N/A,N/A,0.7,100,100,Design a TSMP with a glass transition temperature of 100Â°C and an recovery stress of 100 MPa.,C=C(C)C(=O)OCCOCCOCCOCCOCCOCCOCCOCCOC(=O)C(=C)C,C=C(C)C(=O)OCCOCCOCCOCCOCCOC(=O)C(C)=O
193,C=CCOCC(COCC=C)(COCC=C)COC(=O)NCC1(C)CC(NC(=O)OCC(COCC=C)(COCC=C)COCC=C)CC(C)(C)C1,O=c1ccc(=O)n1c4ccc(Cc3ccc(n2c(=O)ccc2=O)cc3)cc4,"Sure! Here's a TSMP that matches your request:
Monomer 1: C=CCOCC(COCC=C)(COCC=C)COC(=O)NCC1(C)CC(NC(=O)OCC(COCC=C)(COCC=C)COCC=C)CC(C)(C)C1
Monomer 2: O=c1ccc(=O)n1c4ccc(Cc3ccc(n2c(=O)ccc2=O)cc3)cc4",N/A,N/A,0.7,100,100,Design a TSMP with a glass transition temperature of 100Â°C and an recovery stress of 100 MPa.,C=CCOCC(COCC=C)(COCC=C)COC(=O)NCC1(C)CC(NC(=O)OCC(COCC=C)(COCC=C)COCC=C)CC(C)(C)C1,O=c1ccc(=O)n1c4ccc(Cc3ccc(n2c(=O)ccc2=O)cc3)cc4
194,C=CCc4ccc(OCC1CO1)c(c2cc(CC=C)ccc2OCC3CO3)c4,C=C(C)C(=O)OCCOCCOCCOCCOCCOCCOCCOCCOCCOCCOCCOCCOCCOCCOCCOCCOCCOCCOCCOCCOC(=O)C(=C)C,"Great choice of properties and groups. Here's a compatible monomer pair:
Monomer 1: C=CCc4ccc(OCC1CO1)c(c2cc(CC=C)ccc2OCC3CO3)c4
Monomer 2: C=C(C)C(=O)OCCOCCOCCOCCOCCOCCOCCOCCOCCOCCOCCOCCOCCOCCOCCOCCOCCOCCOCCOCCOC(=O)C(=C)C",N/A,N/A,0.7,100,100,Design a TSMP with a glass transition temperature of 100Â°C and an recovery stress of 100 MPa.,C=CCc4ccc(OCC1CO1)c(c2cc(CC=C)ccc2OCC3CO3)c4,C=C(C)C(=O)OCCOCCOCCOCCOCCOCCOCCOCCOCCOCCOCCOCCOCCOCCOCCOCCOCCOCCOCCOCCOC(=O)C(=C)C
195,C=CCc1ccccc1OCC(O)COC(=O)Cc3ccc(C(=O)OCC(O)COc2ccccc2CC=C)cc3,O=c1ccc(=O)n1c4ccc(Cc3ccc(n2c(=O)ccc2=O)cc3)cc4,"Here is a TSMP designed for Tg â‰ˆ 100Â°C and Er â‰ˆ 100Mpa:
Monomer 1: C=CCc1ccccc1OCC(O)COC(=O)Cc3ccc(C(=O)OCC(O)COc2ccccc2CC=C)cc3
Monomer 2: O=c1ccc(=O)n1c4ccc(Cc3ccc(n2c(=O)ccc2=O)cc3)cc4",N/A,N/A,0.7,100,100,Design a TSMP with a glass transition temperature of 100Â°C and an recovery stress of 100 MPa.,C=CCc1ccccc1OCC(O)COC(=O)Cc3ccc(C(=O)OCC(O)COc2ccccc2CC=C)cc3,O=c1ccc(=O)n1c4ccc(Cc3ccc(n2c(=O)ccc2=O)cc3)cc4
196,C=C(C)C(=O)OCCOCCOCCOCCOCCOCCOCCOCCOCCOCCOCCOCCOCCOCCOCCOCCOCCOC(=O)C(C)=O,C=CCOCC(CO)(COCC=C)COCC=C,"Sure! Here's a TSMP that matches your request:
Monomer 1: C=C(C)C(=O)OCCOCCOCCOCCOCCOCCOCCOCCOCCOCCOCCOCCOCCOCCOCCOCCOCCOC(=O)C(C)=O
Monomer 2: C=CCOCC(CO)(COCC=C)COCC=C",N/A,N/A,0.7,50,20,Generate a thermoset shape memory polymer with Tg = 50Â°C and Er = 20 MPa.,C=C(C)C(=O)OCCOCCOCCOCCOCCOCCOCCOCCOCCOCCOCCOCCOCCOCCOCCOCCOCCOC(=O)C(C)=O,C=CCOCC(CO)(COCC=C)COCC=C
197,C=C(C)C(=O)OCCOCCOCCOCCOCCOCCOCCOCCOCCOCCOCCOCCOCCOCCOCCOCCOCCOC(=O)C(C)=O,C=CC(=O)OCCCC,"Here is a TSMP designed for Tg â‰ˆ 50Â°C and Er â‰ˆ 20Mpa:
Monomer 1: C=C(C)C(=O)OCCOCCOCCOCCOCCOCCOCCOCCOCCOCCOCCOCCOCCOCCOCCOCCOCCOC(=O)C(C)=O
Monomer 2: C=CC(=O)OCCCC",N/A,N/A,0.7,50,20,Generate a thermoset shape memory polymer with Tg = 50Â°C and Er = 20 MPa.,C=C(C)C(=O)OCCOCCOCCOCCOCCOCCOCCOCCOCCOCCOCCOCCOCCOCCOCCOCCOCCOC(=O)C(C)=O,C=CC(=O)OCCCC
198,CC(C)(c2ccc(OCCOCCOCCOC1CO1)cc2)c4ccc(OCCOCCOCCC3CO3)cc4,Nc1cccc(N)c1,"Here is a TSMP designed for Tg â‰ˆ 50Â°C and Er â‰ˆ 20Mpa:
Monomer 1: CC(C)(c2ccc(OCCOCCOCCOC1CO1)cc2)c4ccc(OCCOCCOCCC3CO3)cc4
Monomer 2: Nc1cccc(N)c1",N/A,N/A,0.7,50,20,Generate a thermoset shape memory polymer with Tg = 50Â°C and Er = 20 MPa.,CC(C)(c2ccc(OCCOCCOCCOC1CO1)cc2)c4ccc(OCCOCCOCCC3CO3)cc4,Nc1cccc(N)c1
199,C=C(C)C(=O)OCCOCCOCCOCCOCCOCCOCCOCCOCCOCCOCCOCCOCCOCCOCCOCCOCCOCCOCCOCCOC(=O)C(=C)C,C=C(C)C(=O)OCCOCCOCCOCCOCCOCCOCCOCCOCCOCCOCCOCCOCCOCCOCCOCCOCCOCCOCCOCCOC(=O)C(=C)C,"Here is a TSMP designed for Tg â‰ˆ 50Â°C and Er â‰ˆ 20Mpa:
Monomer 1: C=C(C)C(=O)OCCOCCOCCOCCOCCOCCOCCOCCOCCOCCOCCOCCOCCOCCOCCOCCOCCOCCOCCOCCOC(=O)C(=C)C
Monomer 2: C=C(C)C(=O)OCCOCCOCCOCCOCCOCCOCCOCCOCCOCCOCCOCCOCCOCCOCCOCCOCCOCCOCCOCCOC(=O)C(=C)C",N/A,N/A,0.7,50,20,Generate a thermoset shape memory polymer with Tg = 50Â°C and Er = 20 MPa.,C=C(C)C(=O)OCCOCCOCCOCCOCCOCCOCCOCCOCCOCCOCCOCCOCCOCCOCCOCCOCCOCCOCCOCCOC(=O)C(=C)C,C=C(C)C(=O)OCCOCCOCCOCCOCCOCCOCCOCCOCCOCCOCCOCCOCCOCCOCCOCCOCCOCCOCCOCCOC(=O)C(=C)C
200,C=C(C)C(=O)OCCOCCOCCOCCOCCOCCOCCOCCOCCOCCOCCOCCOCCOCCOCCOCCOCCOC(=O)C(C)=O,O=c1n(CCS)c(=O)n(CCS)c(=O)n1CCS,"Here is a TSMP designed for Tg â‰ˆ 50Â°C and Er â‰ˆ 20Mpa:
Monomer 1: C=C(C)C(=O)OCCOCCOCCOCCOCCOCCOCCOCCOCCOCCOCCOCCOCCOCCOCCOCCOCCOC(=O)C(C)=O
Monomer 2: O=c1n(CCS)c(=O)n(CCS)c(=O)n1CCS",N/A,N/A,0.7,50,20,Generate a thermoset shape memory polymer with Tg = 50Â°C and Er = 20 MPa.,C=C(C)C(=O)OCCOCCOCCOCCOCCOCCOCCOCCOCCOCCOCCOCCOCCOCCOCCOCCOCCOC(=O)C(C)=O,O=c1n(CCS)c(=O)n(CCS)c(=O)n1CCS
201,C=C(C)C(=O)OCCOCCOCCOCCOCCOCCOCCOCCOCCOCCOCCOCCOCCOCCOCCOCCOCCOC(=O)C(=C)C,C=C(C)C(=O)OCCOCCOCCOCCOCCOCCOCCOCCOCCOC(=O)C(C)=O,"Here is a TSMP designed for Tg â‰ˆ 100Â°C and Er â‰ˆ 40Mpa:
Monomer 1: C=C(C)C(=O)OCCOCCOCCOCCOCCOCCOCCOCCOCCOCCOCCOCCOCCOCCOCCOCCOCCOC(=O)C(=C)C
Monomer 2: C=C(C)C(=O)OCCOCCOCCOCCOCCOCCOCCOCCOCCOC(=O)C(C)=O",N/A,N/A,0.9,100,40,Suggest a polymer system for Tg â‰ˆ 100Â°C and Er â‰ˆ 40 MPa.,C=C(C)C(=O)OCCOCCOCCOCCOCCOCCOCCOCCOCCOCCOCCOCCOCCOCCOCCOCCOCCOC(=O)C(=C)C,C=C(C)C(=O)OCCOCCOCCOCCOCCOCCOCCOCCOCCOC(=O)C(C)=O
202,C=CC(=O)OC(C)(C)C,C=C(C)C(=O)OCCOCCOCCOCCOCCOCCOCCOCCOCCOC(=O)C(=C)C,"To achieve Tg of 100Â°C and Er of 40Mpa, consider this monomer combination:
Monomer 1: C=CC(=O)OC(C)(C)C
Monomer 2: C=C(C)C(=O)OCCOCCOCCOCCOCCOCCOCCOCCOCCOC(=O)C(=C)C",N/A,N/A,0.9,100,40,Suggest a polymer system for Tg â‰ˆ 100Â°C and Er â‰ˆ 40 MPa.,C=CC(=O)OC(C)(C)C,C=C(C)C(=O)OCCOCCOCCOCCOCCOCCOCCOCCOCCOC(=O)C(=C)C
203,C=CC(=O)OC(C)(C)C,C=C(C)C(=O)OCCOCCOCCOCCOCCOCCOCCOCCOCCOCCOCCOCCOC(=O)C(=C)C,"Here is a TSMP designed for Tg â‰ˆ 100Â°C and Er â‰ˆ 40Mpa:
Monomer 1: C=CC(=O)OC(C)(C)C
Monomer 2: C=C(C)C(=O)OCCOCCOCCOCCOCCOCCOCCOCCOCCOCCOCCOCCOC(=O)C(=C)C",N/A,N/A,0.9,100,40,Suggest a polymer system for Tg â‰ˆ 100Â°C and Er â‰ˆ 40 MPa.,C=CC(=O)OC(C)(C)C,C=C(C)C(=O)OCCOCCOCCOCCOCCOCCOCCOCCOCCOCCOCCOCCOC(=O)C(=C)C
204,C=C(C)C(=O)OCCOCCOCCOCCOCCOCCOCCOCCOCCOCCOCCOCCOC(=O)C(=C)C,C=CC(=O)OCCCC,"Here is a TSMP designed for Tg â‰ˆ 100Â°C and Er â‰ˆ 40Mpa:
Monomer 1: C=C(C)C(=O)OCCOCCOCCOCCOCCOCCOCCOCCOCCOCCOCCOCCOC(=O)C(=C)C
Monomer 2: C=CC(=O)OCCCC",N/A,N/A,0.9,100,40,Suggest a polymer system for Tg â‰ˆ 100Â°C and Er â‰ˆ 40 MPa.,C=C(C)C(=O)OCCOCCOCCOCCOCCOCCOCCOCCOCCOCCOCCOCCOC(=O)C(=C)C,C=CC(=O)OCCCC
205,C=C(C)C(=O)OCCOCCOCCOCCOCCOCCOCCOCCOCCOCCOCCOCCOCCOCCOCCOCCOCCOC(=O)C(=C)C,C=C(CCS)OCC(COC(=O)CCS)(COC(=O)CCS)COC(=O)CCSC(=O)NCC1(C)CC(NC(=O)SCCC(=O)OCC(COC(=O)CCS)(COC(=O)CCS)COC(=O)CCS)CC(C)(C)C1,"To achieve Tg of 100Â°C and Er of 40Mpa, consider this monomer combination:
Monomer 1: C=C(C)C(=O)OCCOCCOCCOCCOCCOCCOCCOCCOCCOCCOCCOCCOCCOCCOCCOCCOCCOC(=O)C(=C)C
Monomer 2: C=C(CCS)OCC(COC(=O)CCS)(COC(=O)CCS)COC(=O)CCSC(=O)NCC1(C)CC(NC(=O)SCCC(=O)OCC(COC(=O)CCS)(COC(=O)CCS)COC(=O)CCS)CC(C)(C)C1",N/A,N/A,0.9,100,40,Suggest a polymer system for Tg â‰ˆ 100Â°C and Er â‰ˆ 40 MPa.,C=C(C)C(=O)OCCOCCOCCOCCOCCOCCOCCOCCOCCOCCOCCOCCOCCOCCOCCOCCOCCOC(=O)C(=C)C,C=C(CCS)OCC(COC(=O)CCS)(COC(=O)CCS)COC(=O)CCSC(=O)NCC1(C)CC(NC(=O)SCCC(=O)OCC(COC(=O)CCS)(COC(=O)CCS)COC(=O)CCS)CC(C)(C)C1
206,CCCCCCCCC1OC1CCCCCCCC(=O)OCC(COC(=O)CCCCCCCC2OC2CC3OC3CC4OC4CC)OC(=O)CCCCCCCC5OC5CC6OC6CC7OC7CC,CC1COCC1COC3COC4C(=O)NCCS(C(=O)OCC5CO5)C(=O)NCCS(C(=O)OCC6CO6)C1=O,"Sure! Here's a TSMP that matches your request:
Monomer 1: CCCCCCCCC1OC1CCCCCCCC(=O)OCC(COC(=O)CCCCCCCC2OC2CC3OC3CC4OC4CC)OC(=O)CCCCCCCC5OC5CC6OC6CC7OC7CC
Monomer 2: CC1COCC1COC3COC4C(=O)NCCS(C(=O)OCC5CO5)C(=O)NCCS(C(=O)OCC6CO6)C1=O",N/A,N/A,0.9,150,30,Generate a thermoset shape memory polymer with Tg = 150Â°C and Er = 30 MPa.,Not found,Not found
207,CCCCCCCCC1OC1CCCCCCCC(=O)OCC(COC(=O)CCCCCCCC2OC2CC3OC3CC4OC4CC)OC(=O)CCCCCCCC5OC5CC6OC6CC7OC7CC,CC1(C)CC(N(CC2CO2)CC3CC(CC3CC2)N)CC1,"Here is a TSMP designed for Tg â‰ˆ 150Â°C and Er â‰ˆ 30Mpa:
Monomer 1: CCCCCCCCC1OC1CCCCCCCC(=O)OCC(COC(=O)CCCCCCCC2OC2CC3OC3CC4OC4CC)OC(=O)CCCCCCCC5OC5CC6OC6CC7OC7CC
Monomer 2: CC1(C)CC(N(CC2CO2)CC3CC(CC3CC2)N)CC1",N/A,N/A,0.9,150,30,Generate a thermoset shape memory polymer with Tg = 150Â°C and Er = 30 MPa.,Not found,Not found
208,C1OC1COC3COC4C(OC2CO2)COC34,CC(N)COCC(C)OCC(C)OCC(C)OCCOCCOCCOCCOCCOCCOCCOCCOCCOCCOCCOCCOCC(C)OCC(C)OCC(C)N,"Sure! Here's a TSMP that matches your request:
Monomer 1: C1OC1COC3COC4C(OC2CO2)COC34
Monomer 2: CC(N)COCC(C)OCC(C)OCC(C)OCCOCCOCCOCCOCCOCCOCCOCCOCCOCCOCCOCCOCC(C)OCC(C)OCC(C)N",N/A,N/A,0.9,150,30,Generate a thermoset shape memory polymer with Tg = 150Â°C and Er = 30 MPa.,C1OC1COC3COC4C(OC2CO2)COC34,CC(N)COCC(C)OCC(C)OCC(C)OCCOCCOCCOCCOCCOCCOCCOCCOCCOCCOCCOCCOCC(C)OCC(C)OCC(C)N
209,C=C(C)C(=C)OCOCCOC(=O)C(=C)C,C=CCc1ccccc1OCC(O)COC(=O)CCCCC(=O)OCC(O)COc2ccccc2CC=C,"Sure! Here's a TSMP that matches your request:
Monomer 1: C=C(C)C(=C)OCOCCOC(=O)C(=C)C
Monomer 2: C=CCc1ccccc1OCC(O)COC(=O)CCCCC(=O)OCC(O)COc2ccccc2CC=C",N/A,N/A,0.9,150,30,Generate a thermoset shape memory polymer with Tg = 150Â°C and Er = 30 MPa.,C=C(C)C(=C)OCOCCOC(=O)C(=C)C,C=CCc1ccccc1OCC(O)COC(=O)CCCCC(=O)OCC(O)COc2ccccc2CC=C
210,C=C(C)C(=O)OCCOCCOCCOCCOCCOCCOCCOCCOC(=O)C(C)=O,C=C(C)C(=O)OCCOCCOCCOCCOCCOCCOCCOCCOCCOCCOCCOCCOC(=O)C(=C)C,"Here is a TSMP designed for Tg â‰ˆ 150Â°C and Er â‰ˆ 30Mpa:
Monomer 1: C=C(C)C(=O)OCCOCCOCCOCCOCCOCCOCCOCCOC(=O)C(C)=O
Monomer 2: C=C(C)C(=O)OCCOCCOCCOCCOCCOCCOCCOCCOCCOCCOCCOCCOC(=O)C(=C)C",N/A,N/A,0.9,150,30,Generate a thermoset shape memory polymer with Tg = 150Â°C and Er = 30 MPa.,C=C(C)C(=O)OCCOCCOCCOCCOCCOCCOCCOCCOC(=O)C(C)=O,C=C(C)C(=O)OCCOCCOCCOCCOCCOCCOCCOCCOCCOCCOCCOCCOC(=O)C(=C)C
211,c3cc(N(CC1CO1)CC2CO2)ccc3Cc6ccc(N(CC4CO4)CC5CO5)cc6,COCCOCCOCCOCCOCCOCCOCCOCCOCCOCCOCCOCCOCCOCCOCCOCCOCCOCCOCCOCCOCCOCCOCCOCCOCCOCCOCCOCCOCCOCCOCCOCCOCCOCC(C)OCC(C)OCC(C)OCC(C)OCC(C)OCC(C)OCC(C)OCC(C)OCC(C)OCC(C)N,"Here is a TSMP designed for Tg â‰ˆ 200Â°C and Er â‰ˆ 27Mpa:
Monomer 1: c3cc(N(CC1CO1)CC2CO2)ccc3Cc6ccc(N(CC4CO4)CC5CO5)cc6
Monomer 2: COCCOCCOCCOCCOCCOCCOCCOCCOCCOCCOCCOCCOCCOCCOCCOCCOCCOCCOCCOCCOCCOCCOCCOCCOCCOCCOCCOCCOCCOCCOCCOCCOCCOCC(C)OCC(C)OCC(C)OCC(C)OCC(C)OCC(C)OCC(C)OCC(C)OCC(C)OCC(C)N",N/A,N/A,0.9,200,27,Suggest a polymer system for Tg â‰ˆ 200Â°C and Er â‰ˆ 27 MPa.,c3cc(N(CC1CO1)CC2CO2)ccc3Cc6ccc(N(CC4CO4)CC5CO5)cc6,COCCOCCOCCOCCOCCOCCOCCOCCOCCOCCOCCOCCOCCOCCOCCOCCOCCOCCOCCOCCOCCOCCOCCOCCOCCOCCOCCOCCOCCOCCOCCOCCOCCOCC(C)OCC(C)OCC(C)OCC(C)OCC(C)OCC(C)OCC(C)OCC(C)OCC(C)OCC(C)N
212,c3cc(N(CC1CO1)CC2CO2)ccc3Cc6ccc(N(CC4CO4)CC5CO5)cc6,Nc2ccc(S(=O)(=O)c1ccc(N)cc1)cc2,"Here is a TSMP designed for Tg â‰ˆ 200Â°C and Er â‰ˆ 27Mpa:
Monomer 1: c3cc(N(CC1CO1)CC2CO2)ccc3Cc6ccc(N(CC4CO4)CC5CO5)cc6
Monomer 2: Nc2ccc(S(=O)(=O)c1ccc(N)cc1)cc2",N/A,N/A,0.9,200,27,Suggest a polymer system for Tg â‰ˆ 200Â°C and Er â‰ˆ 27 MPa.,c3cc(N(CC1CO1)CC2CO2)ccc3Cc6ccc(N(CC4CO4)CC5CO5)cc6,Nc2ccc(S(=O)(=O)c1ccc(N)cc1)cc2
213,CC(C)(C4CCC(OCC(O)COC3CCC(C(C)(C)C2CCC(OCC1CO1)CC2)CC3)CC4)C6CCC(OCC5CO5)CC6,CC(CN)CCCN,"To achieve Tg of 200Â°C and Er of 27Mpa, consider this monomer combination:
Monomer 1: CC(C)(C4CCC(OCC(O)COC3CCC(C(C)(C)C2CCC(OCC1CO1)CC2)CC3)CC4)C6CCC(OCC5CO5)CC6
Monomer 2: CC(CN)CCCN",N/A,N/A,0.9,200,27,Suggest a polymer system for Tg â‰ˆ 200Â°C and Er â‰ˆ 27 MPa.,CC(C)(C4CCC(OCC(O)COC3CCC(C(C)(C)C2CCC(OCC1CO1)CC2)CC3)CC4)C6CCC(OCC5CO5)CC6,CC(CN)CCCN
214,CC(C)(c2ccc(OC1CO1)cc2)c4ccc(OC3CO3)cc4,CCc1cc(C)c(N)c(CC)c1N,"Here is a TSMP designed for Tg â‰ˆ 200Â°C and Er â‰ˆ 27Mpa:
Monomer 1: CC(C)(c2ccc(OC1CO1)cc2)c4ccc(OC3CO3)cc4
Monomer 2: CCc1cc(C)c(N)c(CC)c1N",N/A,N/A,0.9,200,27,Suggest a polymer system for Tg â‰ˆ 200Â°C and Er â‰ˆ 27 MPa.,CC(C)(c2ccc(OC1CO1)cc2)c4ccc(OC3CO3)cc4,CCc1cc(C)c(N)c(CC)c1N
215,Cc3cc(c2cc(C)c(OCC1CO1)c(C(C)(C)C)c2)cc(C(C)(C)C)c3OCC4CO4,COCCOCCOCCOCCOCCOCCOCCOCCOCCOCCOCCOCCOCCOCCOCCOCCOCCOCCOCCOCCOCCOCCOCCOCCOCCOCCOCCOCCOCCOCCOCCOCCOCCOCC(C)OCC(C)OCC(C)OCC(C)OCC(C)OCC(C)OCC(C)OCC(C)OCC(C)OCC(C)N,"Here is a TSMP designed for Tg â‰ˆ 200Â°C and Er â‰ˆ 27Mpa:
Monomer 1: Cc3cc(c2cc(C)c(OCC1CO1)c(C(C)(C)C)c2)cc(C(C)(C)C)c3OCC4CO4
Monomer 2: COCCOCCOCCOCCOCCOCCOCCOCCOCCOCCOCCOCCOCCOCCOCCOCCOCCOCCOCCOCCOCCOCCOCCOCCOCCOCCOCCOCCOCCOCCOCCOCCOCCOCC(C)OCC(C)OCC(C)OCC(C)OCC(C)OCC(C)OCC(C)OCC(C)OCC(C)OCC(C)N",N/A,N/A,0.9,200,27,Suggest a polymer system for Tg â‰ˆ 200Â°C and Er â‰ˆ 27 MPa.,Cc3cc(c2cc(C)c(OCC1CO1)c(C(C)(C)C)c2)cc(C(C)(C)C)c3OCC4CO4,COCCOCCOCCOCCOCCOCCOCCOCCOCCOCCOCCOCCOCCOCCOCCOCCOCCOCCOCCOCCOCCOCCOCCOCCOCCOCCOCCOCCOCCOCCOCCOCCOCCOCC(C)OCC(C)OCC(C)OCC(C)OCC(C)OCC(C)OCC(C)OCC(C)OCC(C)OCC(C)N
216,C=CCOCC(CO)(COCC=C)COCC=C,C=C(C)C(=O)OCCOCCOCCOCCOCCOCCOCCOCCOCCOC(=O)C(=C)C,"Here is a TSMP designed for Tg â‰ˆ 100Â°C and Er â‰ˆ 100Mpa:
Monomer 1: C=CCOCC(CO)(COCC=C)COCC=C
Monomer 2: C=C(C)C(=O)OCCOCCOCCOCCOCCOCCOCCOCCOCCOC(=O)C(=C)C",N/A,N/A,0.9,100,100,Design a TSMP with a glass transition temperature of 100Â°C and an recovery stress of 100 MPa.,C=CCOCC(CO)(COCC=C)COCC=C,C=C(C)C(=O)OCCOCCOCCOCCOCCOCCOCCOCCOCCOC(=O)C(=C)C
217,C=C(C)C(=O)OCCOCCOCCOCCOCCOCCOCCOCCOCCOC(=O)C(=C)C,O=c1ccc(=O)n1c4ccc(Cc3ccc(n2c(=O)ccc2=O)cc3)cc4,"Here is a TSMP designed for Tg â‰ˆ 100Â°C and Er â‰ˆ 100MPa:
Monomer 1: C=C(C)C(=O)OCCOCCOCCOCCOCCOCCOCCOCCOCCOC(=O)C(=C)C
Monomer 2: O=c1ccc(=O)n1c4ccc(Cc3ccc(n2c(=O)ccc2=O)cc3)cc4",N/A,N/A,0.9,100,100,Design a TSMP with a glass transition temperature of 100Â°C and an recovery stress of 100 MPa.,C=C(C)C(=O)OCCOCCOCCOCCOCCOCCOCCOCCOCCOC(=O)C(=C)C,O=c1ccc(=O)n1c4ccc(Cc3ccc(n2c(=O)ccc2=O)cc3)cc4
218,CC(COc3ccc(C(C)(C)c2ccc(OCC(C)OCC1CO1)cc2)cc3)OCC4CO4,Nc2ccc(SSc1ccc(N)cc1)cc2,"Here is a TSMP designed for Tg â‰ˆ 100Â°C and Er â‰ˆ 100Mpa:
Monomer 1: CC(COc3ccc(C(C)(C)c2ccc(OCC(C)OCC1CO1)cc2)cc3)OCC4CO4
Monomer 2: Nc2ccc(SSc1ccc(N)cc1)cc2",N/A,N/A,0.9,100,100,Design a TSMP with a glass transition temperature of 100Â°C and an recovery stress of 100 MPa.,CC(COc3ccc(C(C)(C)c2ccc(OCC(C)OCC1CO1)cc2)cc3)OCC4CO4,Nc2ccc(SSc1ccc(N)cc1)cc2
219,C=C(C)C(=O)OCCOCCOCCOCCOCCOCCOCCOCCOC(=O)C(C)=O,C=CCOCC(CO)(COCC=C)COCC=C,"Here is a TSMP designed for Tg â‰ˆ 100Â°C and Er â‰ˆ 100Mpa:
Monomer 1: C=C(C)C(=O)OCCOCCOCCOCCOCCOCCOCCOCCOC(=O)C(C)=O
Monomer 2: C=CCOCC(CO)(COCC=C)COCC=C",N/A,N/A,0.9,100,100,Design a TSMP with a glass transition temperature of 100Â°C and an recovery stress of 100 MPa.,C=C(C)C(=O)OCCOCCOCCOCCOCCOCCOCCOCCOC(=O)C(C)=O,C=CCOCC(CO)(COCC=C)COCC=C
220,C=CCc1ccccc1OCC(O)COC(=O)CCCCC(=O)OCC(O)COc2ccccc2CC=C,C=C(C)C(=O)OCCOCCOCCOCCOCCOCCOCCOCCOCCOC(=O)C(=C)C,"To achieve Tg of 100Â°C and Er of 100Mpa, consider this monomer combination:
Monomer 1: C=CCc1ccccc1OCC(O)COC(=O)CCCCC(=O)OCC(O)COc2ccccc2CC=C
Monomer 2: C=C(C)C(=O)OCCOCCOCCOCCOCCOCCOCCOCCOCCOC(=O)C(=C)C",N/A,N/A,0.9,100,100,Design a TSMP with a glass transition temperature of 100Â°C and an recovery stress of 100 MPa.,C=CCc1ccccc1OCC(O)COC(=O)CCCCC(=O)OCC(O)COc2ccccc2CC=C,C=C(C)C(=O)OCCOCCOCCOCCOCCOCCOCCOCCOCCOC(=O)C(=C)C
221,C=C(C)C(=O)OCCCC,C=C(C)C(=O)OCCOCCOCCOCCOCCOCCOCCOCCOCCOCCOCCOCCOCCOCCOCCOCCOCCOCCOCCOCCOC(=O)C(=C)C,"Sure! Here's a TSMP that matches your request:
Monomer 1: C=C(C)C(=O)OCCCC
Monomer 2: C=C(C)C(=O)OCCOCCOCCOCCOCCOCCOCCOCCOCCOCCOCCOCCOCCOCCOCCOCCOCCOCCOCCOCCOC(=O)C(=C)C",N/A,N/A,0.9,50,20,Suggest a polymer system for Tg â‰ˆ 50Â°C and Er â‰ˆ 20 MPa.,C=C(C)C(=O)OCCCC,C=C(C)C(=O)OCCOCCOCCOCCOCCOCCOCCOCCOCCOCCOCCOCCOCCOCCOCCOCCOCCOCCOCCOCCOC(=O)C(=C)C
222,C=C(C)C(=O)OCCOCCOCCOCCOCCOCCOCCOCCOCCOCCOCCOCCOCCOCCOCCOCCOCCOCCOCCOCCOC(=O)C(=C)C,C=C(C)C(=O)OCCOCCOCCOCCOCCOCCOCCOCCOCCOCCOCCOCCOCCOC(=O)C(=C)C,"Here is a TSMP designed for Tg â‰ˆ 50Â°C and Er â‰ˆ 20Mpa:
Monomer 1: C=C(C)C(=O)OCCOCCOCCOCCOCCOCCOCCOCCOCCOCCOCCOCCOCCOCCOCCOCCOCCOCCOCCOCCOC(=O)C(=C)C
Monomer 2: C=C(C)C(=O)OCCOCCOCCOCCOCCOCCOCCOCCOCCOCCOCCOCCOCCOC(=O)C(=C)C",N/A,N/A,0.9,50,20,Suggest a polymer system for Tg â‰ˆ 50Â°C and Er â‰ˆ 20 MPa.,C=C(C)C(=O)OCCOCCOCCOCCOCCOCCOCCOCCOCCOCCOCCOCCOCCOCCOCCOCCOCCOCCOCCOCCOC(=O)C(=C)C,C=C(C)C(=O)OCCOCCOCCOCCOCCOCCOCCOCCOCCOCCOCCOCCOCCOC(=O)C(=C)C
223,C=CCn1c(=O)n(CC=C)c(=O)n(CC=C)c1=O,O=c1n(CCS)c(=O)n(CCS)c(=O)n1CCS,"Here is a TSMP designed for Tg â‰ˆ 50Â°C and Er â‰ˆ 20Mpa:
Monomer 1: C=CCn1c(=O)n(CC=C)c(=O)n(CC=C)c1=O
Monomer 2: O=c1n(CCS)c(=O)n(CCS)c(=O)n1CCS",N/A,N/A,0.9,50,20,Suggest a polymer system for Tg â‰ˆ 50Â°C and Er â‰ˆ 20 MPa.,C=CCn1c(=O)n(CC=C)c(=O)n(CC=C)c1=O,O=c1n(CCS)c(=O)n(CCS)c(=O)n1CCS
224,CC(C)(c4ccc(OCC(O)COc3ccc(C(C)(C)c2ccc(OCC1CO1)cc2)cc3)cc4)c6ccc(OCC5CO5)cc6,COCCOCCOCCOCCOCCOCCOCCOCCOCCOCCOCCOCCOCCOCCOCCOCCOCCOCCOCCOCCOCCOCCOCCOCCOCCOCCOCCOCCOCCOCCOCCOCCOCCOCC(C)OCC(C)OCC(C)OCC(C)OCC(C)OCC(C)OCC(C)OCC(C)OCC(C)OCC(C)N,"Here is a TSMP designed for Tg â‰ˆ 50Â°C and Er â‰ˆ 20Mpa:
Monomer 1: CC(C)(c4ccc(OCC(O)COc3ccc(C(C)(C)c2ccc(OCC1CO1)cc2)cc3)cc4)c6ccc(OCC5CO5)cc6
Monomer 2: COCCOCCOCCOCCOCCOCCOCCOCCOCCOCCOCCOCCOCCOCCOCCOCCOCCOCCOCCOCCOCCOCCOCCOCCOCCOCCOCCOCCOCCOCCOCCOCCOCCOCC(C)OCC(C)OCC(C)OCC(C)OCC(C)OCC(C)OCC(C)OCC(C)OCC(C)OCC(C)N",N/A,N/A,0.9,50,20,Suggest a polymer system for Tg â‰ˆ 50Â°C and Er â‰ˆ 20 MPa.,CC(C)(c4ccc(OCC(O)COc3ccc(C(C)(C)c2ccc(OCC1CO1)cc2)cc3)cc4)c6ccc(OCC5CO5)cc6,COCCOCCOCCOCCOCCOCCOCCOCCOCCOCCOCCOCCOCCOCCOCCOCCOCCOCCOCCOCCOCCOCCOCCOCCOCCOCCOCCOCCOCCOCCOCCOCCOCCOCC(C)OCC(C)OCC(C)OCC(C)OCC(C)OCC(C)OCC(C)OCC(C)OCC(C)OCC(C)N
225,C=C(C)C(=O)OCCOCCOCCOCCOCCOCCOCCOCCOC(=O)C(=C)C,C=C(C)C(=O)OCCOCCOCCOCCOCCOCCOCCOCCOCCOCCOCCOCCOC(=O)C(=C)C,"Great choice of properties and groups. Here's a compatible monomer pair:
Monomer 1: C=C(C)C(=O)OCCOCCOCCOCCOCCOCCOCCOCCOC(=O)C(=C)C
Monomer 2: C=C(C)C(=O)OCCOCCOCCOCCOCCOCCOCCOCCOCCOCCOCCOCCOC(=O)C(=C)C",N/A,N/A,0.9,50,20,Suggest a polymer system for Tg â‰ˆ 50Â°C and Er â‰ˆ 20 MPa.,C=C(C)C(=O)OCCOCCOCCOCCOCCOCCOCCOCCOC(=O)C(=C)C,C=C(C)C(=O)OCCOCCOCCOCCOCCOCCOCCOCCOCCOCCOCCOCCOC(=O)C(=C)C
226,CC(C)(C4CCC(OCC(O)COC3CCC(C(C)(C)C2CCC(OCC1CO1)CC2)CC3)CC4)C6CCC(OCC5CO5)CC6,Nc1cccc(N)c1,"Sure! Here's a TSMP that matches your request:
Monomer 1: CC(C)(C4CCC(OCC(O)COC3CCC(C(C)(C)C2CCC(OCC1CO1)CC2)CC3)CC4)C6CCC(OCC5CO5)CC6
Monomer 2: Nc1cccc(N)c1",N/A,N/A,1,100,40,Suggest a polymer system for Tg â‰ˆ 100Â°C and Er â‰ˆ 40 MPa.,CC(C)(C4CCC(OCC(O)COC3CCC(C(C)(C)C2CCC(OCC1CO1)CC2)CC3)CC4)C6CCC(OCC5CO5)CC6,Nc1cccc(N)c1
227,CC(C)(c2ccc(OCCOCCOCCOC1CO1)cc2)c4ccc(OCCOCCOCCC3CO3)cc4,CCCCCCCCCN,"Here's a TSMP designed for Tg â‰ˆ 100Â°C and Er â‰ˆ 40Mpa:
Monomer 1: CC(C)(c2ccc(OCCOCCOCCOC1CO1)cc2)c4ccc(OCCOCCOCCC3CO3)cc4
Monomer 2: CCCCCCCCCN",N/A,N/A,1,100,40,Suggest a polymer system for Tg â‰ˆ 100Â°C and Er â‰ˆ 40 MPa.,CC(C)(c2ccc(OCCOCCOCCOC1CO1)cc2)c4ccc(OCCOCCOCCC3CO3)cc4,CCCCCCCCCN
228,CC(C/C=C\\CC(=O)OCC(O)COc3ccc(C(C)(C)c2ccc(OCC1CO1)cc2)cc3)C(=O)OCC(O)COc6ccc(C(C)(C)c5ccc(OCC4CO4)cc5)cc6,Nc2ccc(SSc1ccc(N)cc1)cc2,"Here is a TSMP designed for Tg â‰ˆ 100Â°C and Er â‰ˆ 40Mpa:
Monomer 1: CC(C/C=C\CC(=O)OCC(O)COc3ccc(C(C)(C)c2ccc(OCC1CO1)cc2)cc3)C(=O)OCC(O)COc6ccc(C(C)(C)c5ccc(OCC4CO4)cc5)cc6
Monomer 2: Nc2ccc(SSc1ccc(N)cc1)cc2",N/A,N/A,1,100,40,Suggest a polymer system for Tg â‰ˆ 100Â°C and Er â‰ˆ 40 MPa.,CC(C/C=C\\CC(=O)OCC(O)COc3ccc(C(C)(C)c2ccc(OCC1CO1)cc2)cc3)C(=O)OCC(O)COc6ccc(C(C)(C)c5ccc(OCC4CO4)cc5)cc6,Nc2ccc(SSc1ccc(N)cc1)cc2
229,c1ccc3c(c1)c2ccccc2C3(c5ccc(OCCOCC4CO4)cc5)c7ccc(OCCOCC6CO6)cc7,COCCOCCOCCOCCOCCOCCOCCOCCOCCOCCOCCOCCOCCOCCOCCOCCOCCOCCOCCOCCOCC(C)N,"Based on your requirements, I suggest the following monomers:
Monomer 1: c1ccc3c(c1)c2ccccc2C3(c5ccc(OCCOCC4CO4)cc5)c7ccc(OCCOCC6CO6)cc7
Monomer 2: COCCOCCOCCOCCOCCOCCOCCOCCOCCOCCOCCOCCOCCOCCOCCOCCOCCOCCOCCOCCOCC(C)N",N/A,N/A,1,100,40,Suggest a polymer system for Tg â‰ˆ 100Â°C and Er â‰ˆ 40 MPa.,c1ccc3c(c1)c2ccccc2C3(c5ccc(OCCOCC4CO4)cc5)c7ccc(OCCOCC6CO6)cc7,COCCOCCOCCOCCOCCOCCOCCOCCOCCOCCOCCOCCOCCOCCOCCOCCOCCOCCOCCOCCOCC(C)N
230,C=CCn1c(=O)n(CC=C)c(=O)n(CC=C)c1=O,CCC(COCC(C)COCC(C)N)(COCC(C)OCC(C)N)COCC(C)OCC(C)N,"Great choice of properties and groups. Here's a compatible monomer pair:
Monomer 1: C=CCn1c(=O)n(CC=C)c(=O)n(CC=C)c1=O
Monomer 2: CCC(COCC(C)COCC(C)N)(COCC(C)OCC(C)N)COCC(C)OCC(C)N",N/A,N/A,1,100,40,Suggest a polymer system for Tg â‰ˆ 100Â°C and Er â‰ˆ 40 MPa.,C=CCn1c(=O)n(CC=C)c(=O)n(CC=C)c1=O,CCC(COCC(C)COCC(C)N)(COCC(C)OCC(C)N)COCC(C)OCC(C)N
231,Cc3cc(c2cc(C)c(OCC1CO1)c(C(C)(C)C)c2)cc(C(C)(C)C)c3OCC4CO4,Nc1cccc(N)c1,"Here is a TSMP designed for Tg â‰ˆ 150Â°C and Er â‰ˆ 30Mpa:
Monomer 1: Cc3cc(c2cc(C)c(OCC1CO1)c(C(C)(C)C)c2)cc(C(C)(C)C)c3OCC4CO4
Monomer 2: Nc1cccc(N)c1",N/A,N/A,1,150,30,Suggest a polymer system for Tg â‰ˆ 150Â°C and Er â‰ˆ 30 MPa.,Cc3cc(c2cc(C)c(OCC1CO1)c(C(C)(C)C)c2)cc(C(C)(C)C)c3OCC4CO4,Nc1cccc(N)c1
232,Nc2ccc(Oc1ccc(N)cc1)cc2,CC(C)(C)CCS,"Great choice of properties and groups. Here's a compatible monomer pair:
Monomer 1: Nc2ccc(Oc1ccc(N)cc1)cc2
Monomer 2: CC(C)(C)C CS",N/A,N/A,1,150,30,Suggest a polymer system for Tg â‰ˆ 150Â°C and Er â‰ˆ 30 MPa.,Nc2ccc(Oc1ccc(N)cc1)cc2,CC(C)(C)CCS
233,CC(C)(C4CCC(OCC(O)COC3CCC(C(C)(C)C2CCC(OCC1CO1)CC2)CC3)CC4)C6CCC(OCC5CO5)CC6,CC(N)COCC(C)OCC(C)OCC(C)N,"Here's a TSMP designed for Tg â‰ˆ 150Â°C and Er â‰ˆ 30Mpa:
Monomer 1: CC(C)(C4CCC(OCC(O)COC3CCC(C(C)(C)C2CCC(OCC1CO1)CC2)CC3)CC4)C6CCC(OCC5CO5)CC6
Monomer 2: CC(N)COCC(C)OCC(C)OCC(C)N",N/A,N/A,1,150,30,Suggest a polymer system for Tg â‰ˆ 150Â°C and Er â‰ˆ 30 MPa.,CC(C)(C4CCC(OCC(O)COC3CCC(C(C)(C)C2CCC(OCC1CO1)CC2)CC3)CC4)C6CCC(OCC5CO5)CC6,CC(N)COCC(C)OCC(C)OCC(C)N
234,C=CCc1ccccc1OCC(O)COC(=O)Cc3ccc(C(=O)OCC(O)COc2ccccc2CC=C)cc3,C=C(C)C(=O)OCCOCCOCCOC(=O)C(=C)C,"Here is a TSMP designed for Tg â‰ˆ 150Â°C and Er â‰ˆ 30 MPa:
Monomer 1: C=CCc1ccccc1OCC(O)COC(=O)Cc3ccc(C(=O)OCC(O)COc2ccccc2CC=C)cc3
Monomer 2: C=C(C)C(=O)OCCOCCOCCOC(=O)C(=C)C",N/A,N/A,1,150,30,Suggest a polymer system for Tg â‰ˆ 150Â°C and Er â‰ˆ 30 MPa.,C=CCc1ccccc1OCC(O)COC(=O)Cc3ccc(C(=O)OCC(O)COc2ccccc2CC=C)cc3,C=C(C)C(=O)OCCOCCOCCOC(=O)C(=C)C
235,C=C(C)C(=O)OCC(O)COc2ccc(C(C)(C)c1ccc(OCC(O)COC(=O)C(=C)C)cc1)cc2,C=CC(=O)OCCCC,"Here's a TSMP designed for Tg â‰ˆ 150Â°C and Er â‰ˆ 30Mpa:
Monomer 1: C=C(C)C(=O)OCC(O)COc2ccc(C(C)(C)c1ccc(OCC(O)COC(=O)C(=C)C)cc1)cc2
Monomer 2: C=CC(=O)OCCCC",N/A,N/A,1,150,30,Suggest a polymer system for Tg â‰ˆ 150Â°C and Er â‰ˆ 30 MPa.,C=C(C)C(=O)OCC(O)COc2ccc(C(C)(C)c1ccc(OCC(O)COC(=O)C(=C)C)cc1)cc2,C=CC(=O)OCCCC
236,Cc3cc(c2cc(C)c(OCC1CO1)c(C(C)(C)C)c2)cc(C(C)(C)C)c3OCC4CO4,Nc1cccc(N)c1,"Here is a TSMP designed for Tg â‰ˆ 200Â°C and Er â‰ˆ 27Mpa:
Monomer 1: Cc3cc(c2cc(C)c(OCC1CO1)c(C(C)(C)C)c2)cc(C(C)(C)C)c3OCC4CO4
Monomer 2: Nc1cccc(N)c1",N/A,N/A,1,200,27,Generate a thermoset shape memory polymer with Tg = 200Â°C and Er = 27 MPa.,Cc3cc(c2cc(C)c(OCC1CO1)c(C(C)(C)C)c2)cc(C(C)(C)C)c3OCC4CO4,Nc1cccc(N)c1
237,C=C(C)C(=O)OC,CC(=O)OCCOCCOCCOCCOCCOCCOCCOCCOCCOCCOC(=O)C(C)=O,"Here is a TSMP designed for Tg â‰ˆ 200Â°C and Er â‰ˆ 27Mpa:
Monomer 1: C=C(C)C(=O)OC
Monomer 2: CC(=O)OCCOCCOCCOCCOCCOCCOCCOCCOCCOCCOC(=O)C(C)=O",N/A,N/A,1,200,27,Generate a thermoset shape memory polymer with Tg = 200Â°C and Er = 27 MPa.,C=C(C)C(=O)OC,CC(=O)OCCOCCOCCOCCOCCOCCOCCOCCOCCOCCOC(=O)C(C)=O
238,Cc3cc(c2cc(C)c(OCC1CO1)c(C)c2)cc(C)c3OCC4CO4,Nc1cccc(N)c1,"Great choice of properties and groups. Here's a compatible monomer pair:
Monomer 1: Cc3cc(c2cc(C)c(OCC1CO1)c(C)c2)cc(C)c3OCC4CO4
Monomer 2: Nc1cccc(N)c1",N/A,N/A,1,200,27,Generate a thermoset shape memory polymer with Tg = 200Â°C and Er = 27 MPa.,Cc3cc(c2cc(C)c(OCC1CO1)c(C)c2)cc(C)c3OCC4CO4,Nc1cccc(N)c1
239,CC(C)(c4ccc(OCC(O)COc3ccc(C(C)(C)c2ccc(OCC1CO1)cc2)cc3)cc4)c6ccc(OCC5CO5)cc6,NCCNCCN(CCNCCC(CN)CCN)CCN(CCNCCN)CCN(CCN)CCN,"To achieve Tg of 200Â°C and Er of 27Mpa, consider this monomer combination:
Monomer 1: CC(C)(c4ccc(OCC(O)COc3ccc(C(C)(C)c2ccc(OCC1CO1)cc2)cc3)cc4)c6ccc(OCC5CO5)cc6
Monomer 2: NCCNCCN(CCNCCC(CN)CCN)CCN(CCNCCN)CCN(CCN)CCN",N/A,N/A,1,200,27,Generate a thermoset shape memory polymer with Tg = 200Â°C and Er = 27 MPa.,CC(C)(c4ccc(OCC(O)COc3ccc(C(C)(C)c2ccc(OCC1CO1)cc2)cc3)cc4)c6ccc(OCC5CO5)cc6,NCCNCCN(CCNCCC(CN)CCN)CCN(CCNCCN)CCN(CCN)CCN
240,CC(C)(c2ccc(OC1CO1)cc2)c4ccc(OC3CO3)cc4,CCc1cc(C)c(N)c(CC)c1N,"Here is a TSMP designed for Tg â‰ˆ 200Â°C and Er â‰ˆ 27Mpa:
Monomer 1: CC(C)(c2ccc(OC1CO1)cc2)c4ccc(OC3CO3)cc4
Monomer 2: CCc1cc(C)c(N)c(CC)c1N",N/A,N/A,1,200,27,Generate a thermoset shape memory polymer with Tg = 200Â°C and Er = 27 MPa.,CC(C)(c2ccc(OC1CO1)cc2)c4ccc(OC3CO3)cc4,CCc1cc(C)c(N)c(CC)c1N
241,CC(COc3ccc(C(C)(C)c2ccc(OCC(C)OCC1CO1)cc2)cc3)OCC4CO4,CCC(COCC(C)OCC(C)N)(COCC(C)OCC(C)N)COCC(C)OCC(C)N,"Here is a TSMP designed for Tg â‰ˆ 100Â°C and Er â‰ˆ 100MPa:
Monomer 1: CC(COc3ccc(C(C)(C)c2ccc(OCC(C)OCC1CO1)cc2)cc3)OCC4CO4
Monomer 2: CCC(COCC(C)OCC(C)N)(COCC(C)OCC(C)N)COCC(C)OCC(C)N",N/A,N/A,1,100,100,Generate a thermoset shape memory polymer with Tg = 100Â°C and Er = 100 MPa.,CC(COc3ccc(C(C)(C)c2ccc(OCC(C)OCC1CO1)cc2)cc3)OCC4CO4,CCC(COCC(C)OCC(C)N)(COCC(C)OCC(C)N)COCC(C)OCC(C)N
242,CC(C)(c2ccc(OCC1CO1)cc2)c4ccc(OCC3CO3)cc4,COCCOCCOCCOCCOCCOCCOCCOCCOCCOCCOCCOCCOCCOCCOCCOCCOCCOCCOCCOCCOCCOCCOCCOCCOCCOCCOCCOCCOCCOCCOCCOCCOCCOCC(C)OCC(C)OCC(C)OCC(C)OCC(C)OCC(C)OCC(C)OCC(C)OCC(C)OCC(C)N,"Sure! Here's a TSMP that matches your request:
Monomer 1: CC(C)(c2ccc(OCC1CO1)cc2)c4ccc(OCC3CO3)cc4
Monomer 2: COCCOCCOCCOCCOCCOCCOCCOCCOCCOCCOCCOCCOCCOCCOCCOCCOCCOCCOCCOCCOCCOCCOCCOCCOCCOCCOCCOCCOCCOCCOCCOCCOCCOCC(C)OCC(C)OCC(C)OCC(C)OCC(C)OCC(C)OCC(C)OCC(C)OCC(C)OCC(C)N",N/A,N/A,1,100,100,Generate a thermoset shape memory polymer with Tg = 100Â°C and Er = 100 MPa.,CC(C)(c2ccc(OCC1CO1)cc2)c4ccc(OCC3CO3)cc4,COCCOCCOCCOCCOCCOCCOCCOCCOCCOCCOCCOCCOCCOCCOCCOCCOCCOCCOCCOCCOCCOCCOCCOCCOCCOCCOCCOCCOCCOCCOCCOCCOCCOCC(C)OCC(C)OCC(C)OCC(C)OCC(C)OCC(C)OCC(C)OCC(C)OCC(C)OCC(C)N
243,c1ccc3c(c1)c2ccccc2C3(c5ccc(OCCOCC4CO4)cc5)c7ccc(OCCOCC6CO6)cc7,NCCNCCN(CCNCCC(CN)CCN)CCN(CCNCCN)CCN(CCN)CCN,"Here is a TSMP designed for Tg â‰ˆ 100Â°C and Er â‰ˆ 100Mpa:
Monomer 1: c1ccc3c(c1)c2ccccc2C3(c5ccc(OCCOCC4CO4)cc5)c7ccc(OCCOCC6CO6)cc7
Monomer 2: NCCNCCN(CCNCCC(CN)CCN)CCN(CCNCCN)CCN(CCN)CCN",N/A,N/A,1,100,100,Generate a thermoset shape memory polymer with Tg = 100Â°C and Er = 100 MPa.,c1ccc3c(c1)c2ccccc2C3(c5ccc(OCCOCC4CO4)cc5)c7ccc(OCCOCC6CO6)cc7,NCCNCCN(CCNCCC(CN)CCN)CCN(CCNCCN)CCN(CCN)CCN
244,C=C(C)C(=O)OCCOCCOCCOCCOCCOCCOCCOCCOCCOCCOCCOCCOCCOCCOCCOCCOCCOCCOCCOCCOC(=O)C(=C)C,C=C(C)C(=O)OCCOCCOCCOCCOCCOC(=O)C(C)=O,"Here is a TSMP designed for Tg â‰ˆ 100Â°C and Er â‰ˆ 100Mpa:
Monomer 1: C=C(C)C(=O)OCCOCCOCCOCCOCCOCCOCCOCCOCCOCCOCCOCCOCCOCCOCCOCCOCCOCCOCCOCCOC(=O)C(=C)C
Monomer 2: C=C(C)C(=O)OCCOCCOCCOCCOCCOC(=O)C(C)=O",N/A,N/A,1,100,100,Generate a thermoset shape memory polymer with Tg = 100Â°C and Er = 100 MPa.,C=C(C)C(=O)OCCOCCOCCOCCOCCOCCOCCOCCOCCOCCOCCOCCOCCOCCOCCOCCOCCOCCOCCOCCOC(=O)C(=C)C,C=C(C)C(=O)OCCOCCOCCOCCOCCOC(=O)C(C)=O
245,C=C(C)C(=O)OCCOCCOCCOCCOCCOCCOCCOCCOC(=O)C(C)=O,C=CCn1c(=O)n(CC=C)c(=O)n(CC=C)c1=O,"Here is a TSMP designed for Tg â‰ˆ 100Â°C and Er â‰ˆ 100Mpa:
Monomer 1: C=C(C)C(=O)OCCOCCOCCOCCOCCOCCOCCOCCOC(=O)C(C)=O
Monomer 2: C=CCn1c(=O)n(CC=C)c(=O)n(CC=C)c1=O",N/A,N/A,1,100,100,Generate a thermoset shape memory polymer with Tg = 100Â°C and Er = 100 MPa.,C=C(C)C(=O)OCCOCCOCCOCCOCCOCCOCCOCCOC(=O)C(C)=O,C=CCn1c(=O)n(CC=C)c(=O)n(CC=C)c1=O
246,CC(C)(c2ccc(OCCOCCOCCOCC1CO1)cc2)c4ccc(OCCOCCOCCOCC3CO3)cc4,CCC(COCC(C)COCC(C)N)(COCC(C)OCC(C)N)COCC(C)OCC(C)N,"Here is a TSMP designed for Tg â‰ˆ 50Â°C and Er â‰ˆ 20Mpa:
Monomer 1: CC(C)(c2ccc(OCCOCCOCCOCC1CO1)cc2)c4ccc(OCCOCCOCCOCC3CO3)cc4
Monomer 2: CCC(COCC(C)COCC(C)N)(COCC(C)OCC(C)N)COCC(C)OCC(C)N",N/A,N/A,1,50,20,Generate a thermoset shape memory polymer with Tg = 50Â°C and Er = 20 MPa.,CC(C)(c2ccc(OCCOCCOCCOCC1CO1)cc2)c4ccc(OCCOCCOCCOCC3CO3)cc4,CCC(COCC(C)COCC(C)N)(COCC(C)OCC(C)N)COCC(C)OCC(C)N
247,C=C(C)C(=O)OC,C=C(C)C(=O)OCCOCCOCCOCCOCCOCCOCCOCCOCCOCCOCCOCCOCCOCCOCCOCCOCCOC(=O)C(=C)C,"To achieve Tg of 50Â°C and Er of 20Mpa, consider this monomer combination:
Monomer 1: C=C(C)C(=O)OC
Monomer 2: C=C(C)C(=O)OCCOCCOCCOCCOCCOCCOCCOCCOCCOCCOCCOCCOCCOCCOCCOCCOCCOC(=O)C(=C)C",N/A,N/A,1,50,20,Generate a thermoset shape memory polymer with Tg = 50Â°C and Er = 20 MPa.,C=C(C)C(=O)OC,C=C(C)C(=O)OCCOCCOCCOCCOCCOCCOCCOCCOCCOCCOCCOCCOCCOCCOCCOCCOCCOC(=O)C(=C)C
248,C=CCOC(CC)(CO)CO,C=C(C)C(=O)OCCCC,"Sure! Here's a TSMP that matches your request:
Monomer 1: C=CCOC(CC)(CO)CO
Monomer 2: C=C(C)C(=O)OCCCC",N/A,N/A,1,50,20,Generate a thermoset shape memory polymer with Tg = 50Â°C and Er = 20 MPa.,C=CCOC(CC)(CO)CO,C=C(C)C(=O)OCCCC
249,c3cc(N(CC1CC1)CC2CO2)ccc3OCC4CO4,CC(N)COCC(C)OCC(C)OCC(C)OCC(C)OCC(C)OCC(C)OCCOCCOCCOCCOCCOCCOCCOCCOCCOCCOCCOCCOCCOCCOCCOCCOCCOCCOCCOCCOCCOCCOCCOCCOCCOCCOCCOCCOCC(C)OCC(C)OCC(C)OCC(C)OCC(C)N,"Here is a TSMP designed for Tg â‰ˆ 50Â°C and Er â‰ˆ 20Mpa:
Monomer 1: c3cc(N(CC1CC1)CC2CO2)ccc3OCC4CO4
Monomer 2: CC(N)COCC(C)OCC(C)OCC(C)OCC(C)OCC(C)OCC(C)OCCOCCOCCOCCOCCOCCOCCOCCOCCOCCOCCOCCOCCOCCOCCOCCOCCOCCOCCOCCOCCOCCOCCOCCOCCOCCOCCOCCOCC(C)OCC(C)OCC(C)OCC(C)OCC(C)N",N/A,N/A,1,50,20,Generate a thermoset shape memory polymer with Tg = 50Â°C and Er = 20 MPa.,c3cc(N(CC1CC1)CC2CO2)ccc3OCC4CO4,CC(N)COCC(C)OCC(C)OCC(C)OCC(C)OCC(C)OCC(C)OCCOCCOCCOCCOCCOCCOCCOCCOCCOCCOCCOCCOCCOCCOCCOCCOCCOCCOCCOCCOCCOCCOCCOCCOCCOCCOCCOCCOCC(C)OCC(C)OCC(C)OCC(C)OCC(C)N
250,CC(COc3ccc(C(C)(C)c2ccc(OCC(C)OCC1CO1)cc2)cc3)OCC4CO4,COCCOCCOCCOCCOCCOCCOCCOCCOCCOCCOCCOCCOCCOCCOCCOCCOCCOCCOCCOCCOCCOCCOCCOCCOCCOCCOCCOCCOCCOCCOCCOCCOCCOCC(C)OCC(C)OCC(C)OCC(C)OCC(C)OCC(C)OCC(C)OCC(C)OCC(C)OCC(C)N,"Here is a TSMP designed for Tg â‰ˆ 50Â°C and Er â‰ˆ 20Mpa:
Monomer 1: CC(COc3ccc(C(C)(C)c2ccc(OCC(C)OCC1CO1)cc2)cc3)OCC4CO4
Monomer 2: COCCOCCOCCOCCOCCOCCOCCOCCOCCOCCOCCOCCOCCOCCOCCOCCOCCOCCOCCOCCOCCOCCOCCOCCOCCOCCOCCOCCOCCOCCOCCOCCOCCOCC(C)OCC(C)OCC(C)OCC(C)OCC(C)OCC(C)OCC(C)OCC(C)OCC(C)OCC(C)N",N/A,N/A,1,50,20,Generate a thermoset shape memory polymer with Tg = 50Â°C and Er = 20 MPa.,CC(COc3ccc(C(C)(C)c2ccc(OCC(C)OCC1CO1)cc2)cc3)OCC4CO4,COCCOCCOCCOCCOCCOCCOCCOCCOCCOCCOCCOCCOCCOCCOCCOCCOCCOCCOCCOCCOCCOCCOCCOCCOCCOCCOCCOCCOCCOCCOCCOCCOCCOCC(C)OCC(C)OCC(C)OCC(C)OCC(C)OCC(C)OCC(C)OCC(C)OCC(C)OCC(C)N
251,CC(C)(c2ccc(OCC1CO1)cc2)c4ccc(OCC3CO3)cc4,NCCNCCN(CCNCCC(CN)CCN)CCN(CCNCCN)CCN(CCN)CCN,"Here's a TSMP that matches your request:
Monomer 1 (rich in C1OC1): CC(C)(c2ccc(OCC1CO1)cc2)c4ccc(OCC3CO3)cc4
Monomer 2 (rich in NC): NCCNCCN(CCNCCC(CN)CCN)CCN(CCNCCN)CCN(CCN)CCN",epoxy(C1OC1),imine(NC),0.3,100,40,"Suggest a TSMP system that satisfies Tg = 100Â°C and Er = 40 MPa, incorporating epoxy(C1OC1) and imine(NC) functionalities.",CC(C)(c2ccc(OCC1CO1)cc2)c4ccc(OCC3CO3)cc4,NCCNCCN(CCNCCC(CN)CCN)CCN(CCNCCN)CCN(CCN)CCN
252,CC(C)(c2ccc(OCCOCCOCCOC1CO1)cc2)c4ccc(OCCOCCOCCC3CO3)cc4,CC(N)COCC(C)OCC(C)OCC(C)OCC(C)OCC(C)OCC(C)N,"Here's a pair of monomers fulfilling the criteria of Tg = 100Â°C, Er = 40Mpa, and containing C1OC1/NC groups:
Monomer 1: CC(C)(c2ccc(OCCOCCOCCOC1CO1)cc2)c4ccc(OCCOCCOCCC3CO3)cc4
Monomer 2: CC(N)COCC(C)OCC(C)OCC(C)OCC(C)OCC(C)OCC(C)N",epoxy(C1OC1),imine(NC),0.3,100,40,"Suggest a TSMP system that satisfies Tg = 100Â°C and Er = 40 MPa, incorporating epoxy(C1OC1) and imine(NC) functionalities.",CC(C)(c2ccc(OCCOCCOCCOC1CO1)cc2)c4ccc(OCCOCCOCCC3CO3)cc4,CC(N)COCC(C)OCC(C)OCC(C)OCC(C)OCC(C)OCC(C)N
253,CC(C)(c2ccc(OCCOCCOCCOC1CO1)cc2)c4ccc(OCCOCCOCCC3CO3)cc4,NCCNCCN(CCNCCC(CN)CCN)CCN(CCNCCN)CCN(CCN)CCN,"Here's a pair of monomers fulfilling the criteria of Tg = 100Â°C, Er = 40Mpa, and containing C1OC1/NC groups:
Monomer 1: CC(C)(c2ccc(OCCOCCOCCOC1CO1)cc2)c4ccc(OCCOCCOCCC3CO3)cc4
Monomer 2: NCCNCCN(CCNCCC(CN)CCN)CCN(CCNCCN)CCN(CCN)CCN",epoxy(C1OC1),imine(NC),0.3,100,40,"Suggest a TSMP system that satisfies Tg = 100Â°C and Er = 40 MPa, incorporating epoxy(C1OC1) and imine(NC) functionalities.",CC(C)(c2ccc(OCCOCCOCCOC1CO1)cc2)c4ccc(OCCOCCOCCC3CO3)cc4,NCCNCCN(CCNCCC(CN)CCN)CCN(CCNCCN)CCN(CCN)CCN
254,CC(C)(c2ccc(OCCOCCOCCOC1CO1)cc2)c4ccc(OCCOCCOCCC3CO3)cc4,CC(N)COCC(C)OCC(C)OCC(C)OCC(C)OCC(C)OCC(C)N,"Here's a pair of monomers fulfilling the criteria of Tg = 100Â°C, Er = 40Mpa, and containing C1OC1/NC groups:
Monomer 1: CC(C)(c2ccc(OCCOCCOCCOC1CO1)cc2)c4ccc(OCCOCCOCCC3CO3)cc4
Monomer 2: CC(N)COCC(C)OCC(C)OCC(C)OCC(C)OCC(C)OCC(C)N",epoxy(C1OC1),imine(NC),0.3,100,40,"Suggest a TSMP system that satisfies Tg = 100Â°C and Er = 40 MPa, incorporating epoxy(C1OC1) and imine(NC) functionalities.",CC(C)(c2ccc(OCCOCCOCCOC1CO1)cc2)c4ccc(OCCOCCOCCC3CO3)cc4,CC(N)COCC(C)OCC(C)OCC(C)OCC(C)OCC(C)OCC(C)N
255,CC(C)(c2ccc(OCCOCCOCCOCC1CO1)cc2)c4ccc(OCCOCCOCCOCC3CO3)cc4,CC(N)COCC(C)OCC(C)OCC(C)OCC(C)OCC(C)OCC(C)N,"Here's a pair of monomers fulfilling the criteria of Tg = 100Â°C, Er = 40Mpa, and containing C1OC1/NC groups:
Monomer 1: CC(C)(c2ccc(OCCOCCOCCOCC1CO1)cc2)c4ccc(OCCOCCOCCOCC3CO3)cc4
Monomer 2: CC(N)COCC(C)OCC(C)OCC(C)OCC(C)OCC(C)OCC(C)N",epoxy(C1OC1),imine(NC),0.3,100,40,"Suggest a TSMP system that satisfies Tg = 100Â°C and Er = 40 MPa, incorporating epoxy(C1OC1) and imine(NC) functionalities.",CC(C)(c2ccc(OCCOCCOCCOCC1CO1)cc2)c4ccc(OCCOCCOCCOCC3CO3)cc4,CC(N)COCC(C)OCC(C)OCC(C)OCC(C)OCC(C)OCC(C)N
256,C=C(C)C(=O)OCCOCCOCCOCCOCCOCCOCCOCCOCCOCCOCCOCCOCCOCCOCCOCCOCCOCCOCCOCCOC(=O)C(=C)C,C=C(CCS)OCCn1c(=O)n(CCOC(=O)CCS)c(=O)n(CCOC(=O)CCS)c1=O,"Here's a pair of monomers fulfilling the criteria of Tg = 150Â°C, Er = 30Mpa, and containing C=C/CCS groups:
Monomer 1: C=C(C)C(=O)OCCOCCOCCOCCOCCOCCOCCOCCOCCOCCOCCOCCOCCOCCOCCOCCOCCOCCOCCOCCOC(=O)C(=C)C
Monomer 2: C=C(CCS)OCCn1c(=O)n(CCOC(=O)CCS)c(=O)n(CCOC(=O)CCS)c1=O",vinyl(C=C),thiol(CCS),0.3,150,30,"Generate a TSMP with Tg = 150Â°C and Er = 30 MPa, using functional groups vinyl(C=C) and thiol(CCS).",C=C(C)C(=O)OCCOCCOCCOCCOCCOCCOCCOCCOCCOCCOCCOCCOCCOCCOCCOCCOCCOCCOCCOCCOC(=O)C(=C)C,C=C(CCS)OCCn1c(=O)n(CCOC(=O)CCS)c(=O)n(CCOC(=O)CCS)c1=O
257,C=CCc1ccccc1OCC(O)COC(=O)CCCCC(=O)OCC(O)COc2ccccc2CC=C,C=C(CCS)OCC(COC(=O)CCS)(COC(=O)CCS)COC(=O)CCSC(=O)NCC1(C)CC(NC(=O)SCCC(=O)OCC(COC(=O)CCS)(COC(=O)CCS)COC(=O)CCS)CC(C)(C)C1,"Here's a pair of monomers fulfilling the criteria of Tg = 150Â°C, Er = 30Mpa, and containing C=C/CCS groups:
Monomer 1: C=CCc1ccccc1OCC(O)COC(=O)CCCCC(=O)OCC(O)COc2ccccc2CC=C
Monomer 2: C=C(CCS)OCC(COC(=O)CCS)(COC(=O)CCS)COC(=O)CCSC(=O)NCC1(C)CC(NC(=O)SCCC(=O)OCC(COC(=O)CCS)(COC(=O)CCS)COC(=O)CCS)CC(C)(C)C1",vinyl(C=C),thiol(CCS),0.3,150,30,"Generate a TSMP with Tg = 150Â°C and Er = 30 MPa, using functional groups vinyl(C=C) and thiol(CCS).",C=CCc1ccccc1OCC(O)COC(=O)CCCCC(=O)OCC(O)COc2ccccc2CC=C,C=C(CCS)OCC(COC(=O)CCS)(COC(=O)CCS)COC(=O)CCSC(=O)NCC1(C)CC(NC(=O)SCCC(=O)OCC(COC(=O)CCS)(COC(=O)CCS)COC(=O)CCS)CC(C)(C)C1
258,C=C(C)C(=O)OCCOCCOCCOCCOCCOCCOCCOCCOCCOCCOCCOCCOCCOCCOCCOCCOCCOCCOCCOCCOC(=O)C(=C)C,C=C(CCS)OCC(COC(=O)CCS)(COC(=O)CCS)COC(=O)CCSC(=O)NCC1(C)CC(NC(=O)SCCC(=O)OCC(COC(=O)CCS)(COC(=O)CCS)COC(=O)CCS)CC(C)(C)C1,"Here's a pair of monomers fulfilling the criteria of Tg = 150Â°C, Er = 30Mpa, and containing C=C/CCS groups:
Monomer 1: C=C(C)C(=O)OCCOCCOCCOCCOCCOCCOCCOCCOCCOCCOCCOCCOCCOCCOCCOCCOCCOCCOCCOCCOC(=O)C(=C)C
Monomer 2: C=C(CCS)OCC(COC(=O)CCS)(COC(=O)CCS)COC(=O)CCSC(=O)NCC1(C)CC(NC(=O)SCCC(=O)OCC(COC(=O)CCS)(COC(=O)CCS)COC(=O)CCS)CC(C)(C)C1",vinyl(C=C),thiol(CCS),0.3,150,30,"Generate a TSMP with Tg = 150Â°C and Er = 30 MPa, using functional groups vinyl(C=C) and thiol(CCS).",C=C(C)C(=O)OCCOCCOCCOCCOCCOCCOCCOCCOCCOCCOCCOCCOCCOCCOCCOCCOCCOCCOCCOCCOC(=O)C(=C)C,C=C(CCS)OCC(COC(=O)CCS)(COC(=O)CCS)COC(=O)CCSC(=O)NCC1(C)CC(NC(=O)SCCC(=O)OCC(COC(=O)CCS)(COC(=O)CCS)COC(=O)CCS)CC(C)(C)C1
259,C=C(C)C(=O)OCCOCCOCCOCCOCCOCCOCCOCCOCCOCCOCCOCCOCCOCCOCCOCCOCCOCCOCCOCCOC(=O)C(=C)C,C=C(CCS)OCCn1c(=O)n(CCOC(=O)CCS)c(=O)n(CCOC(=O)CCS)c1=O,"Here's a pair of monomers fulfilling the criteria of Tg = 150Â°C, Er = 30Mpa, and containing vinyl(C=C)/thiol(CCS):
Monomer 1: C=C(C)C(=O)OCCOCCOCCOCCOCCOCCOCCOCCOCCOCCOCCOCCOCCOCCOCCOCCOCCOCCOCCOCCOC(=O)C(=C)C
Monomer 2: C=C(CCS)OCCn1c(=O)n(CCOC(=O)CCS)c(=O)n(CCOC(=O)CCS)c1=O",vinyl(C=C),thiol(CCS),0.3,150,30,"Generate a TSMP with Tg = 150Â°C and Er = 30 MPa, using functional groups vinyl(C=C) and thiol(CCS).",C=C(C)C(=O)OCCOCCOCCOCCOCCOCCOCCOCCOCCOCCOCCOCCOCCOCCOCCOCCOCCOCCOCCOCCOC(=O)C(=C)C,C=C(CCS)OCCn1c(=O)n(CCOC(=O)CCS)c(=O)n(CCOC(=O)CCS)c1=O
260,C=C(C)C(=O)OCCOCCOCCOCCOCCOCCOCCOCCOCCOCCOCCOCCOCCOCCOCCOCCOCCOCCOCCOCCOC(=O)C(=C)C,C=C(CCS)OCCn1c(=O)n(CCOC(=O)CCS)c(=O)n(CCOC(=O)CCS)c1=O,"Here's a pair of monomers fulfilling the criteria of Tg = 150Â°C, Er = 30Mpa, and containing C=C/CCS groups:
Monomer 1: C=C(C)C(=O)OCCOCCOCCOCCOCCOCCOCCOCCOCCOCCOCCOCCOCCOCCOCCOCCOCCOCCOCCOCCOC(=O)C(=C)C
Monomer 2: C=C(CCS)OCCn1c(=O)n(CCOC(=O)CCS)c(=O)n(CCOC(=O)CCS)c1=O",vinyl(C=C),thiol(CCS),0.3,150,30,"Generate a TSMP with Tg = 150Â°C and Er = 30 MPa, using functional groups vinyl(C=C) and thiol(CCS).",C=C(C)C(=O)OCCOCCOCCOCCOCCOCCOCCOCCOCCOCCOCCOCCOCCOCCOCCOCCOCCOCCOCCOCCOC(=O)C(=C)C,C=C(CCS)OCCn1c(=O)n(CCOC(=O)CCS)c(=O)n(CCOC(=O)CCS)c1=O
261,C=C(C)C(=O)OCCOCCOCCOCCOCCOCCOCCOCCOCCOCCOCCOCCOCCOCCOCCOCCOCCOCCOCCOCCOC(=O)C(=C)C,C=C(C)C(=O)OCCOCCOCCOCCOCCOCCOCCOCCOCCOCCOCCOCCOCCOCCOCCOCCOCCOCCOCCOCCOCC(C)C(=O)OCCOCCOCCOCCOCCOCCOCCOCCOCCOCCOCCOCCOCCOCCOCCOCCOCCOCCOCCOCCOCC(C)C(=O)OCCOCCOCCOCCOCCOCCOCCOCCOCCOCCOCCOCCOCCOCCOCCOCCOCCOCCOCCOCCOCC(C)C(=O)OCCOCCOCCOCCOCCO,"Here's a TSMP that matches your request:
Monomer 1 (contains C=C): C=C(C)C(=O)OCCOCCOCCOCCOCCOCCOCCOCCOCCOCCOCCOCCOCCOCCOCCOCCOCCOCCOCCOCCOC(=O)C(=C)C
Monomer 2 (contains C=C): C=C(C)C(=O)OCCOCCOCCOCCOCCOCCOCCOCCOCCOCCOCCOCCOCCOCCOCCOCCOCCOCCOCCOCCOCC(C)C(=O)OCCOCCOCCOCCOCCOCCOCCOCCOCCOCCOCCOCCOCCOCCOCCOCCOCCOCCOCCOCCOCC(C)C(=O)OCCOCCOCCOCCOCCOCCOCCOCCOCCOCCOCCOCCOCCOCCOCCOCCOCCOCCOCCOCCOCC(C)C(=O)OCCOCCOCCOCCOCCO",vinyl(C=C),vinyl(C=C),0.3,200,27,"Suggest a TSMP system that satisfies Tg = 200Â°C and Er = 27 MPa, incorporating vinyl(C=C) and vinyl(C=C) functionalities.",C=C(C)C(=O)OCCOCCOCCOCCOCCOCCOCCOCCOCCOCCOCCOCCOCCOCCOCCOCCOCCOCCOCCOCCOC(=O)C(=C)C,C=C(C)C(=O)OCCOCCOCCOCCOCCOCCOCCOCCOCCOCCOCCOCCOCCOCCOCCOCCOCCOCCOCCOCCOCC(C)C(=O)OCCOCCOCCOCCOCCOCCOCCOCCOCCOCCOCCOCCOCCOCCOCCOCCOCCOCCOCCOCCOCC(C)C(=O)OCCOCCOCCOCCOCCOCCOCCOCCOCCOCCOCCOCCOCCOCCOCCOCCOCCOCCOCCOCCOCC(C)C(=O)OCCOCCOCCOCCOCCO
262,C=C(C)C(=O)OCCOCCOCCOCCOCCOCCOCCOCCOCCOCCOCCOCCOCCOCCOCCOCCOCCOC(=O)C(=C)C,C=C(C)C(=O)OCCOCCOCCOCCOCCOCCOCCOCCOCCOCCOCCOCCOCCOCCOCCOCCOCCOCCOCCOCCOC(=O)C(=C)C,"Here's a pair of monomers fulfilling the criteria of Tg = 200Â°C, Er = 27Mpa, and containing C=C groups:
Monomer 1: C=C(C)C(=O)OCCOCCOCCOCCOCCOCCOCCOCCOCCOCCOCCOCCOCCOCCOCCOCCOCCOC(=O)C(=C)C
Monomer 2: C=C(C)C(=O)OCCOCCOCCOCCOCCOCCOCCOCCOCCOCCOCCOCCOCCOCCOCCOCCOCCOCCOCCOCCOC(=O)C(=C)C",vinyl(C=C),vinyl(C=C),0.3,200,27,"Suggest a TSMP system that satisfies Tg = 200Â°C and Er = 27 MPa, incorporating vinyl(C=C) and vinyl(C=C) functionalities.",C=C(C)C(=O)OCCOCCOCCOCCOCCOCCOCCOCCOCCOCCOCCOCCOCCOCCOCCOCCOCCOC(=O)C(=C)C,C=C(C)C(=O)OCCOCCOCCOCCOCCOCCOCCOCCOCCOCCOCCOCCOCCOCCOCCOCCOCCOCCOCCOCCOC(=O)C(=C)C
263,C=C(C)C(=O)OCCOCCOCCOCCOCCOCCOCCOCCOCCOCCOCCOCCOCCOCCOCCOCCOCCOC(=O)C(=C)C,C=C(C)C(=C)OCOCCOC(=O)C(=C)C,"Here's a TSMP that matches your request:
Monomer 1 (rich in C=C): C=C(C)C(=O)OCCOCCOCCOCCOCCOCCOCCOCCOCCOCCOCCOCCOCCOCCOCCOCCOCCOC(=O)C(=C)C
Monomer 2 (rich in C=C): C=C(C)C(=C)OCOCCOC(=O)C(=C)C",vinyl(C=C),vinyl(C=C),0.3,200,27,"Suggest a TSMP system that satisfies Tg = 200Â°C and Er = 27 MPa, incorporating vinyl(C=C) and vinyl(C=C) functionalities.",C=C(C)C(=O)OCCOCCOCCOCCOCCOCCOCCOCCOCCOCCOCCOCCOCCOCCOCCOCCOCCOC(=O)C(=C)C,C=C(C)C(=C)OCOCCOC(=O)C(=C)C
264,C=C(C)C(=O)OCCOCCOCCOCCOCCOCCOCCOCCOCCOCCOCCOCCOCCOCCOCCOCCOCCOCCOCCOCCOC(=O)C(=C)C,C=C(C)C(=O)OCCOCCOCCOCCOCCOCCOCCOCCOCCOCCOCCOCCOCCOCCOCCOCCOCCOCCOCCOCCOC(=O)C(=C)C,"Here's a pair of monomers fulfilling the criteria of Tg = 200Â°C, Er = 27Mpa, and containing C=C groups:
Monomer 1: C=C(C)C(=O)OCCOCCOCCOCCOCCOCCOCCOCCOCCOCCOCCOCCOCCOCCOCCOCCOCCOCCOCCOCCOC(=O)C(=C)C
Monomer 2: C=C(C)C(=O)OCCOCCOCCOCCOCCOCCOCCOCCOCCOCCOCCOCCOCCOCCOCCOCCOCCOCCOCCOCCOC(=O)C(=C)C",vinyl(C=C),vinyl(C=C),0.3,200,27,"Suggest a TSMP system that satisfies Tg = 200Â°C and Er = 27 MPa, incorporating vinyl(C=C) and vinyl(C=C) functionalities.",C=C(C)C(=O)OCCOCCOCCOCCOCCOCCOCCOCCOCCOCCOCCOCCOCCOCCOCCOCCOCCOCCOCCOCCOC(=O)C(=C)C,C=C(C)C(=O)OCCOCCOCCOCCOCCOCCOCCOCCOCCOCCOCCOCCOCCOCCOCCOCCOCCOCCOCCOCCOC(=O)C(=C)C
265,C=C(C)C(=O)OCCOCCOCCOCCOCCOCCOCCOCCOCCOCCOCCOCCOCCOCCOCCOCCOCCOCCOCCOCCOC(=O)C(=C)C,C=C(C)C(=O)OCCOCCOCCOCCOCCOCCOCCOCCOCCOCCOCCOCCOCCOCCOCCOCCOCCOCCOCCOCCOCC(C)C(=O)OCCOCCOCCOCCOCCOCCOCCOCCOCCOCCOCCOCCOCCOCCOCCOCCOCCOCCOCCOCCOCC(C)C(=O)OCCOCCOCCOCCOCCOCCOCCOCCOCCOCCOCCOCCOCCOCCOCCOCCOCCOCCOCCOCCOCC(C),"Here's a pair of monomers fulfilling the criteria of Tg = 200Â°C, Er = 27Mpa, and containing C=C groups:
Monomer 1: C=C(C)C(=O)OCCOCCOCCOCCOCCOCCOCCOCCOCCOCCOCCOCCOCCOCCOCCOCCOCCOCCOCCOCCOC(=O)C(=C)C
Monomer 2: C=C(C)C(=O)OCCOCCOCCOCCOCCOCCOCCOCCOCCOCCOCCOCCOCCOCCOCCOCCOCCOCCOCCOCCOCC(C)C(=O)OCCOCCOCCOCCOCCOCCOCCOCCOCCOCCOCCOCCOCCOCCOCCOCCOCCOCCOCCOCCOCC(C)C(=O)OCCOCCOCCOCCOCCOCCOCCOCCOCCOCCOCCOCCOCCOCCOCCOCCOCCOCCOCCOCCOCC(C)",vinyl(C=C),vinyl(C=C),0.3,200,27,"Suggest a TSMP system that satisfies Tg = 200Â°C and Er = 27 MPa, incorporating vinyl(C=C) and vinyl(C=C) functionalities.",C=C(C)C(=O)OCCOCCOCCOCCOCCOCCOCCOCCOCCOCCOCCOCCOCCOCCOCCOCCOCCOCCOCCOCCOC(=O)C(=C)C,C=C(C)C(=O)OCCOCCOCCOCCOCCOCCOCCOCCOCCOCCOCCOCCOCCOCCOCCOCCOCCOCCOCCOCCOCC(C)C(=O)OCCOCCOCCOCCOCCOCCOCCOCCOCCOCCOCCOCCOCCOCCOCCOCCOCCOCCOCCOCCOCC(C)C(=O)OCCOCCOCCOCCOCCOCCOCCOCCOCCOCCOCCOCCOCCOCCOCCOCCOCCOCCOCCOCCOCC(C)
266,C=C(C)C(=O)OCCOCCOCCOCCOCCOCCOCCOCCOCCOCCOCCOCCOCCOCCOCCOCCOCCOC(=O)C(=C)C,C=Cc1cccc(C=C)c1,"Here's a pair of monomers fulfilling the criteria of Tg = 100Â°C, Er = 100Mpa, and containing C=C(C=O)/C=C groups:
Monomer 1: C=C(C)C(=O)OCCOCCOCCOCCOCCOCCOCCOCCOCCOCCOCCOCCOCCOCCOCCOCCOCCOC(=O)C(=C)C
Monomer 2: C=Cc1cccc(C=C)c1",acrylate(C=C(C=O)),vinyl(C=C),0.3,100,100,Design a shape memory polymer with Tg â‰ˆ 100Â°C and Er â‰ˆ 100 MPa that includes acrylate(C=C(C=O)) and vinyl(C=C) groups.,C=C(C)C(=O)OCCOCCOCCOCCOCCOCCOCCOCCOCCOCCOCCOCCOCCOCCOCCOCCOCCOC(=O)C(=C)C,C=Cc1cccc(C=C)c1
267,C=C(C)C(=O)OCCOCCOCCOCCOCCOCCOCCOCCOCCOCCOCCOCCOCCOCCOCCOCCOCCOC(=O)C(=C)C,C=C(C)C(=O)OCCOCCOCCOCCOCCOCCOCCOCCOCCOCCOCCOCCOCCOCCOCCOCCOCCOCCOCCOCCOC(=O)C(=C)C,"Here's a pair of monomers fulfilling the criteria of Tg = 100Â°C, Er = 100Mpa, and containing C=C(C=O)/C=C groups:
Monomer 1: C=C(C)C(=O)OCCOCCOCCOCCOCCOCCOCCOCCOCCOCCOCCOCCOCCOCCOCCOCCOCCOC(=O)C(=C)C
Monomer 2: C=C(C)C(=O)OCCOCCOCCOCCOCCOCCOCCOCCOCCOCCOCCOCCOCCOCCOCCOCCOCCOCCOCCOCCOC(=O)C(=C)C",acrylate(C=C(C=O)),vinyl(C=C),0.3,100,100,Design a shape memory polymer with Tg â‰ˆ 100Â°C and Er â‰ˆ 100 MPa that includes acrylate(C=C(C=O)) and vinyl(C=C) groups.,C=C(C)C(=O)OCCOCCOCCOCCOCCOCCOCCOCCOCCOCCOCCOCCOCCOCCOCCOCCOCCOC(=O)C(=C)C,C=C(C)C(=O)OCCOCCOCCOCCOCCOCCOCCOCCOCCOCCOCCOCCOCCOCCOCCOCCOCCOCCOCCOCCOC(=O)C(=C)C
268,C=C(C)C(=O)OCCOCCOCCOCCOCCOCCOCCOCCOCCOCCOCCOCCOCCOCCOCCOCCOCCOCCOCCOCCOC(=O)C(=C)C,C=Cc1cccc(C=C)c1,"Here's a pair of monomers fulfilling the criteria of Tg = 100Â°C, Er = 100Mpa, and containing C=C(C=O)/C=C groups:
Monomer 1: C=C(C)C(=O)OCCOCCOCCOCCOCCOCCOCCOCCOCCOCCOCCOCCOCCOCCOCCOCCOCCOCCOCCOCCOC(=O)C(=C)C
Monomer 2: C=Cc1cccc(C=C)c1",acrylate(C=C(C=O)),vinyl(C=C),0.3,100,100,Design a shape memory polymer with Tg â‰ˆ 100Â°C and Er â‰ˆ 100 MPa that includes acrylate(C=C(C=O)) and vinyl(C=C) groups.,C=C(C)C(=O)OCCOCCOCCOCCOCCOCCOCCOCCOCCOCCOCCOCCOCCOCCOCCOCCOCCOCCOCCOCCOC(=O)C(=C)C,C=Cc1cccc(C=C)c1
269,C=C(C)C(=O)OCCOCCOCCOCCOCCOCCOCCOCCOCCOCCOCCOCCOCCOCCOCCOCCOCCOCCOCCOCCOC(=O)C(=C)C, C=Cc1cccc(C=C)c1,"Here's a pair of monomers fulfilling the criteria of Tg = 100Â°C, Er = 100Mpa, and containing C=C(C=O)/C=C groups:
Monomer 1: C=C(C)C(=O)OCCOCCOCCOCCOCCOCCOCCOCCOCCOCCOCCOCCOCCOCCOCCOCCOCCOCCOCCOCCOC(=O)C(=C)C
Monomer 2: C=Cc1cccc(C=C)c1",acrylate(C=C(C=O)),vinyl(C=C),0.3,100,100,Design a shape memory polymer with Tg â‰ˆ 100Â°C and Er â‰ˆ 100 MPa that includes acrylate(C=C(C=O)) and vinyl(C=C) groups.,C=C(C)C(=O)OCCOCCOCCOCCOCCOCCOCCOCCOCCOCCOCCOCCOCCOCCOCCOCCOCCOCCOCCOCCOC(=O)C(=C)C,C=Cc1cccc(C=C)c1
270,C=C(C)C(=O)OCCOCCOCCOCCOCCOCCOCCOCCOCCOCCOCCOCCOCCOCCOCCOCCOCCOCCOCCOCCOC(=O)C(=C)C,C=CCOCC(CO)(COCC=C)COCC=C,"Here's a pair of monomers fulfilling the criteria of Tg = 100Â°C, Er = 100Mpa, and containing C=C(C=O)/C=C groups:
Monomer 1: C=C(C)C(=O)OCCOCCOCCOCCOCCOCCOCCOCCOCCOCCOCCOCCOCCOCCOCCOCCOCCOCCOCCOCCOC(=O)C(=C)C
Monomer 2: C=CCOCC(CO)(COCC=C)COCC=C",acrylate(C=C(C=O)),vinyl(C=C),0.3,100,100,Design a shape memory polymer with Tg â‰ˆ 100Â°C and Er â‰ˆ 100 MPa that includes acrylate(C=C(C=O)) and vinyl(C=C) groups.,C=C(C)C(=O)OCCOCCOCCOCCOCCOCCOCCOCCOCCOCCOCCOCCOCCOCCOCCOCCOCCOCCOCCOCCOC(=O)C(=C)C,C=CCOCC(CO)(COCC=C)COCC=C
271,C=CCc1ccccc1OCC(O)COC(=O)Cc3ccc(C(=O)OCC(O)COc2ccccc2CC=C)cc3,C=C(C)C(=O)OCCOCCOCCOCCOCCOCCOCCOCCOCCOCCOCCOCCOCCOCCOCCOCCOCCOCCOCCOCCOC(=O)C(=C)C,"Here's a TSMP that matches your request:
Monomer 1 (C=C): C=CCc1ccccc1OCC(O)COC(=O)Cc3ccc(C(=O)OCC(O)COc2ccccc2CC=C)cc3
Monomer 2 (C=C(C=O)): C=C(C)C(=O)OCCOCCOCCOCCOCCOCCOCCOCCOCCOCCOCCOCCOCCOCCOCCOCCOCCOCCOCCOCCOC(=O)C(=C)C",vinyl(C=C),hydroxyl(=O),0.3,50,20,"Suggest a TSMP system that satisfies Tg = 50Â°C and Er = 20 MPa, incorporating vinyl(C=C) and hydroxyl(=O) functionalities.",C=CCc1ccccc1OCC(O)COC(=O)Cc3ccc(C(=O)OCC(O)COc2ccccc2CC=C)cc3,C=C(C)C(=O)OCCOCCOCCOCCOCCOCCOCCOCCOCCOCCOCCOCCOCCOCCOCCOCCOCCOCCOCCOCCOC(=O)C(=C)C
272,C=C(C)C(=O)OCCOCCOCCOCCOCCOCCOCCOCCOCCOCCOCCOCCOCCOCCOCCOCCOCCOCCOCCOCCOC(=O)C(=C)C,C=C(C)C(=O)OCCOCCOCCOCCOCCOCCOCCOCCOCCOCCOCCOCCOCCOCCOCCOCCOCCOCCOCCOCCOC(=O)C(=C)C,"Here's a pair of monomers fulfilling the criteria of Tg = 50Â°C, Er = 20Mpa, and containing C=C/CO groups:
Monomer 1: C=C(C)C(=O)OCCOCCOCCOCCOCCOCCOCCOCCOCCOCCOCCOCCOCCOCCOCCOCCOCCOCCOCCOCCOC(=O)C(=C)C
Monomer 2: C=C(C)C(=O)OCCOCCOCCOCCOCCOCCOCCOCCOCCOCCOCCOCCOCCOCCOCCOCCOCCOCCOCCOCCOC(=O)C(=C)C",vinyl(C=C),hydroxyl(=O),0.3,50,20,"Suggest a TSMP system that satisfies Tg = 50Â°C and Er = 20 MPa, incorporating vinyl(C=C) and hydroxyl(=O) functionalities.",C=C(C)C(=O)OCCOCCOCCOCCOCCOCCOCCOCCOCCOCCOCCOCCOCCOCCOCCOCCOCCOCCOCCOCCOC(=O)C(=C)C,C=C(C)C(=O)OCCOCCOCCOCCOCCOCCOCCOCCOCCOCCOCCOCCOCCOCCOCCOCCOCCOCCOCCOCCOC(=O)C(=C)C
273,C=C(C)C(=O)OCC(O)COc2ccc(C(C)(C)c1ccc(OCC(O)COC(=O)C(=C)C)cc1)cc2,C=CC(=O)OCCn1c(=O)n(CCOC(=O)C=C)c(=O)n(CCOC(=O)C=C)c1=O,"Here's a pair of monomers fulfilling the criteria of Tg = 50Â°C, Er = 20Mpa, and containing C=C/CO groups:
Monomer 1: C=C(C)C(=O)OCC(O)COc2ccc(C(C)(C)c1ccc(OCC(O)COC(=O)C(=C)C)cc1)cc2
Monomer 2: C=CC(=O)OCCn1c(=O)n(CCOC(=O)C=C)c(=O)n(CCOC(=O)C=C)c1=O",vinyl(C=C),hydroxyl(=O),0.3,50,20,"Suggest a TSMP system that satisfies Tg = 50Â°C and Er = 20 MPa, incorporating vinyl(C=C) and hydroxyl(=O) functionalities.",C=C(C)C(=O)OCC(O)COc2ccc(C(C)(C)c1ccc(OCC(O)COC(=O)C(=C)C)cc1)cc2,C=CC(=O)OCCn1c(=O)n(CCOC(=O)C=C)c(=O)n(CCOC(=O)C=C)c1=O
274,C=C(C)C(=O)OCCOCCOCCOCCOCCOCCOCCOCCOCCOCCOCCOCCOCCOCCOCCOCCOCCOCCOCCOCCOC(=O)C(=C)C,C=C(C)C(=O)OCCOCCOCCOCCOCCOCCOCCOCCOCCOCCOCCOCCOC(=O)C(=C)C,"Here's a pair of monomers fulfilling the criteria of Tg = 50Â°C, Er = 20Mpa, and containing C=C/CO groups:
Monomer 1: C=C(C)C(=O)OCCOCCOCCOCCOCCOCCOCCOCCOCCOCCOCCOCCOCCOCCOCCOCCOCCOCCOCCOCCOC(=O)C(=C)C
Monomer 2: C=C(C)C(=O)OCCOCCOCCOCCOCCOCCOCCOCCOCCOCCOCCOCCOC(=O)C(=C)C",vinyl(C=C),hydroxyl(=O),0.3,50,20,"Suggest a TSMP system that satisfies Tg = 50Â°C and Er = 20 MPa, incorporating vinyl(C=C) and hydroxyl(=O) functionalities.",C=C(C)C(=O)OCCOCCOCCOCCOCCOCCOCCOCCOCCOCCOCCOCCOCCOCCOCCOCCOCCOCCOCCOCCOC(=O)C(=C)C,C=C(C)C(=O)OCCOCCOCCOCCOCCOCCOCCOCCOCCOCCOCCOCCOC(=O)C(=C)C
275,C=C(C)C(=O)OCC(O)COc2ccc(C(C)(C)c1ccc(OCC(O)COC(=O)C(=C)C)cc1)cc2,C=CC(=O)OCCn1c(=O)n(CCOC(=O)C=C)c(=O)n(CCOC(=O)C=C)c1=O,"Here's a pair of monomers fulfilling the criteria of Tg = 50Â°C, Er = 20Mpa, and containing C=C/CO groups:
Monomer 1: C=C(C)C(=O)OCC(O)COc2ccc(C(C)(C)c1ccc(OCC(O)COC(=O)C(=C)C)cc1)cc2
Monomer 2: C=CC(=O)OCCn1c(=O)n(CCOC(=O)C=C)c(=O)n(CCOC(=O)C=C)c1=O",vinyl(C=C),hydroxyl(=O),0.3,50,20,"Suggest a TSMP system that satisfies Tg = 50Â°C and Er = 20 MPa, incorporating vinyl(C=C) and hydroxyl(=O) functionalities.",C=C(C)C(=O)OCC(O)COc2ccc(C(C)(C)c1ccc(OCC(O)COC(=O)C(=C)C)cc1)cc2,C=CC(=O)OCCn1c(=O)n(CCOC(=O)C=C)c(=O)n(CCOC(=O)C=C)c1=O
276,CCCCCCCCC1OC1CCCCCCCC(=O)OCC(COC(=O)CCCCCCCC2OC2CC3OC3CC4OC4CC)OC(=O)CCCCCCCC5OC5CC6OC6CC7OC7CC,CCC(COCC(C)COCC(C)N)(COCC(C)OCC(C)N)COCC(C)OCC(C)N,"Here's a pair of monomers fulfilling the criteria of Tg = 100Â°C, Er = 40Mpa, and containing C1OC1/NC groups:
Monomer 1: CCCCCCCCC1OC1CCCCCCCC(=O)OCC(COC(=O)CCCCCCCC2OC2CC3OC3CC4OC4CC)OC(=O)CCCCCCCC5OC5CC6OC6CC7OC7CC
Monomer 2: CCC(COCC(C)COCC(C)N)(COCC(C)OCC(C)N)COCC(C)OCC(C)N",epoxy(C1OC1),imine(NC),0.5,100,40,Design a shape memory polymer with Tg â‰ˆ 100Â°C and Er â‰ˆ 40 MPa that includes epoxy(C1OC1) and imine(NC) groups.,CCCCCCCCC1OC1CCCCCCCC(=O)OCC(COC(=O)CCCCCCCC2OC2CC3OC3CC4OC4CC)OC(=O)CCCCCCCC5OC5CC6OC6CC7OC7CC,CCC(COCC(C)COCC(C)N)(COCC(C)OCC(C)N)COCC(C)OCC(C)N
277,CC(C)(c2ccc(OCCOCCOCCOCC1CO1)cc2)c4ccc(OCCOCCOCCOCC3CO3)cc4,NCCNCCN(CCNCCC(CN)CCN)CCN(CCNCCN)CCN(CCN)CCN,"Here's a pair of monomers fulfilling the criteria of Tg = 100Â°C, Er = 40Mpa, and containing C1OC1/NC groups:
Monomer 1: CC(C)(c2ccc(OCCOCCOCCOCC1CO1)cc2)c4ccc(OCCOCCOCCOCC3CO3)cc4
Monomer 2: NCCNCCN(CCNCCC(CN)CCN)CCN(CCNCCN)CCN(CCN)CCN",epoxy(C1OC1),imine(NC),0.5,100,40,Design a shape memory polymer with Tg â‰ˆ 100Â°C and Er â‰ˆ 40 MPa that includes epoxy(C1OC1) and imine(NC) groups.,CC(C)(c2ccc(OCCOCCOCCOCC1CO1)cc2)c4ccc(OCCOCCOCCOCC3CO3)cc4,NCCNCCN(CCNCCC(CN)CCN)CCN(CCNCCN)CCN(CCN)CCN
278,c3cc(N(CC1CC1)CC2CO2)ccc3OCC4CO4,CC(N)COCC(C)OCC(C)OCC(C)OCCOCCOCCOCCOCCOCCOCCOCCOCCOCCOCCOCCOCC(C)OCC(C)OCC(C)N,"Here's a pair of monomers fulfilling the criteria of Tg = 100Â°C, Er = 40Mpa, and containing C1OC1/NC groups:
Monomer 1: c3cc(N(CC1CC1)CC2CO2)ccc3OCC4CO4
Monomer 2: CC(N)COCC(C)OCC(C)OCC(C)OCCOCCOCCOCCOCCOCCOCCOCCOCCOCCOCCOCCOCC(C)OCC(C)OCC(C)N",epoxy(C1OC1),imine(NC),0.5,100,40,Design a shape memory polymer with Tg â‰ˆ 100Â°C and Er â‰ˆ 40 MPa that includes epoxy(C1OC1) and imine(NC) groups.,c3cc(N(CC1CC1)CC2CO2)ccc3OCC4CO4,CC(N)COCC(C)OCC(C)OCC(C)OCCOCCOCCOCCOCCOCCOCCOCCOCCOCCOCCOCCOCC(C)OCC(C)OCC(C)N
279,CC(C)(c2ccc(OCCOCCOCCOC1CO1)cc2)c4ccc(OCCOCCOCCC3CO3)cc4,NCCCOCCOCCCN,"Here's a pair of monomers fulfilling the criteria of Tg = 100Â°C, Er = 40Mpa, and containing C1OC1/NC groups:
Monomer 1: CC(C)(c2ccc(OCCOCCOCCOC1CO1)cc2)c4ccc(OCCOCCOCCC3CO3)cc4
Monomer 2: NCCCOCCOCCCN",epoxy(C1OC1),imine(NC),0.5,100,40,Design a shape memory polymer with Tg â‰ˆ 100Â°C and Er â‰ˆ 40 MPa that includes epoxy(C1OC1) and imine(NC) groups.,CC(C)(c2ccc(OCCOCCOCCOC1CO1)cc2)c4ccc(OCCOCCOCCC3CO3)cc4,NCCCOCCOCCCN
280,CC(COc3ccc(C(C)(C)c2ccc(OCC(C)OCC1CO1)cc2)cc3)OCC4CO4,CC(N)COCC(C)OCC(C)OCC(C)OCC(C)OCC(C)OCC(C)OCCOCCOCCOCCOCCOCCOCCOCCOCCOCCOCCOCCOCCOCCOCCOCCOCCOCCOCCOCCOCCOCCOCCOCCOCCOCCOCCOCCOCC(C)OCC(C)OCC(C)OCC(C)OCC(C)N,"Here's a pair of monomers fulfilling the criteria of Tg = 100Â°C, Er = 40Mpa, and containing C1OC1/NC groups:
Monomer 1: CC(COc3ccc(C(C)(C)c2ccc(OCC(C)OCC1CO1)cc2)cc3)OCC4CO4
Monomer 2: CC(N)COCC(C)OCC(C)OCC(C)OCC(C)OCC(C)OCC(C)OCCOCCOCCOCCOCCOCCOCCOCCOCCOCCOCCOCCOCCOCCOCCOCCOCCOCCOCCOCCOCCOCCOCCOCCOCCOCCOCCOCCOCC(C)OCC(C)OCC(C)OCC(C)OCC(C)N",epoxy(C1OC1),imine(NC),0.5,100,40,Design a shape memory polymer with Tg â‰ˆ 100Â°C and Er â‰ˆ 40 MPa that includes epoxy(C1OC1) and imine(NC) groups.,CC(COc3ccc(C(C)(C)c2ccc(OCC(C)OCC1CO1)cc2)cc3)OCC4CO4,CC(N)COCC(C)OCC(C)OCC(C)OCC(C)OCC(C)OCC(C)OCCOCCOCCOCCOCCOCCOCCOCCOCCOCCOCCOCCOCCOCCOCCOCCOCCOCCOCCOCCOCCOCCOCCOCCOCCOCCOCCOCCOCC(C)OCC(C)OCC(C)OCC(C)OCC(C)N
281,C=C(C)C(=O)OCCOCCOCCOCCOCCOCCOCCOCCOCCOCCOCCOCCOCCOCCOCCOCCOCCOCCOCCOCCOC(=O)C(=C)C,C=C(CCS)OCCn1c(=O)n(CCOC(=O)CCS)c(=O)n(CCOC(=O)CCS)c1=O,"Here's a valid monomer pair designed with the required functionalities:
Monomer 1 (rich in C=C): C=C(C)C(=O)OCCOCCOCCOCCOCCOCCOCCOCCOCCOCCOCCOCCOCCOCCOCCOCCOCCOCCOCCOCCOC(=O)C(=C)C
Monomer 2 (rich in CCS): C=C(CCS)OCCn1c(=O)n(CCOC(=O)CCS)c(=O)n(CCOC(=O)CCS)c1=O",vinyl(C=C),thiol(CCS),0.5,150,30,Design a shape memory polymer with Tg â‰ˆ 150Â°C and Er â‰ˆ 30 MPa that includes vinyl(C=C) and thiol(CCS) groups.,C=C(C)C(=O)OCCOCCOCCOCCOCCOCCOCCOCCOCCOCCOCCOCCOCCOCCOCCOCCOCCOCCOCCOCCOC(=O)C(=C)C,C=C(CCS)OCCn1c(=O)n(CCOC(=O)CCS)c(=O)n(CCOC(=O)CCS)c1=O
282,C=C(C)C(=O)OCCOCCOCCOCCOCCOCCOCCOCCOCCOCCOCCOCCOCCOCCOCCOCCOCCOCCOCCOCCOC(=O)C(=C)C,C=C(CCS)OCCn1c(=O)n(CCOC(=O)CCS)c(=O)n(CCOC(=O)CCS)c1=O,"Here's a valid monomer pair designed with the required functionalities:
Monomer 1 (rich in C=C): C=C(C)C(=O)OCCOCCOCCOCCOCCOCCOCCOCCOCCOCCOCCOCCOCCOCCOCCOCCOCCOCCOCCOCCOC(=O)C(=C)C
Monomer 2 (rich in CCS): C=C(CCS)OCCn1c(=O)n(CCOC(=O)CCS)c(=O)n(CCOC(=O)CCS)c1=O",vinyl(C=C),thiol(CCS),0.5,150,30,Design a shape memory polymer with Tg â‰ˆ 150Â°C and Er â‰ˆ 30 MPa that includes vinyl(C=C) and thiol(CCS) groups.,C=C(C)C(=O)OCCOCCOCCOCCOCCOCCOCCOCCOCCOCCOCCOCCOCCOCCOCCOCCOCCOCCOCCOCCOC(=O)C(=C)C,C=C(CCS)OCCn1c(=O)n(CCOC(=O)CCS)c(=O)n(CCOC(=O)CCS)c1=O
283,C=C(C)C(=O)OCCOCCOCCOCCOCCOCCOCCOCCOCCOCCOCCOCCOCCOCCOCCOCCOCCOCCOCCOCCOC(=O)C(=C)C,C=C(CCS)OCCn1c(=O)n(CCOC(=O)CCS)c(=O)n(CCOC(=O)CCS)c1=O,"Here's a valid monomer pair designed with the required functionalities:
Monomer 1 (rich in C=C): C=C(C)C(=O)OCCOCCOCCOCCOCCOCCOCCOCCOCCOCCOCCOCCOCCOCCOCCOCCOCCOCCOCCOCCOC(=O)C(=C)C
Monomer 2 (rich in CCS): C=C(CCS)OCCn1c(=O)n(CCOC(=O)CCS)c(=O)n(CCOC(=O)CCS)c1=O",vinyl(C=C),thiol(CCS),0.5,150,30,Design a shape memory polymer with Tg â‰ˆ 150Â°C and Er â‰ˆ 30 MPa that includes vinyl(C=C) and thiol(CCS) groups.,C=C(C)C(=O)OCCOCCOCCOCCOCCOCCOCCOCCOCCOCCOCCOCCOCCOCCOCCOCCOCCOCCOCCOCCOC(=O)C(=C)C,C=C(CCS)OCCn1c(=O)n(CCOC(=O)CCS)c(=O)n(CCOC(=O)CCS)c1=O
284,C=C(C)C(=O)OCCOCCOCCOCCOCCOCCOCCOCCOCCOCCOCCOCCOCCOCCOCCOCCOCCOCCOCCOCCOC(=O)C(=C)C,C=C(CCS)OCC(COC(=O)CCS)(COC(=O)CCS)COC(=O)CCSC(=O)NCC1(C)CC(NC(=O)SCCC(=O)OCC(COC(=O)CCS)(COC(=O)CCS)COC(=O)CCS)CC(C)(C)C1,"Here's a pair of monomers fulfilling the criteria of Tg = 150Â°C, Er = 30Mpa, and containing C=C/CCS groups:
Monomer 1: C=C(C)C(=O)OCCOCCOCCOCCOCCOCCOCCOCCOCCOCCOCCOCCOCCOCCOCCOCCOCCOCCOCCOCCOC(=O)C(=C)C
Monomer 2: C=C(CCS)OCC(COC(=O)CCS)(COC(=O)CCS)COC(=O)CCSC(=O)NCC1(C)CC(NC(=O)SCCC(=O)OCC(COC(=O)CCS)(COC(=O)CCS)COC(=O)CCS)CC(C)(C)C1",vinyl(C=C),thiol(CCS),0.5,150,30,Design a shape memory polymer with Tg â‰ˆ 150Â°C and Er â‰ˆ 30 MPa that includes vinyl(C=C) and thiol(CCS) groups.,C=C(C)C(=O)OCCOCCOCCOCCOCCOCCOCCOCCOCCOCCOCCOCCOCCOCCOCCOCCOCCOCCOCCOCCOC(=O)C(=C)C,C=C(CCS)OCC(COC(=O)CCS)(COC(=O)CCS)COC(=O)CCSC(=O)NCC1(C)CC(NC(=O)SCCC(=O)OCC(COC(=O)CCS)(COC(=O)CCS)COC(=O)CCS)CC(C)(C)C1
285,C=C(C)C(=O)OCCOCCOCCOCCOCCOCCOCCOCCOCCOCCOCCOCCOCCOCCOCCOCCOCCOCCOCCOCCOC(=O)C(=C)C,C=C(CCS)OCC(COC(=O)CCS)(COC(=O)CCS)COC(=O)CCSC(=O)NCC1(C)CC(NC(=O)SCCC(=O)OCC(COC(=O)CCS)(COC(=O)CCS)COC(=O)CCS)CC(C)(C)C1,"Here's a pair of monomers fulfilling the criteria of Tg = 150Â°C, Er = 30Mpa, and containing C=C/CCS groups:
Monomer 1: C=C(C)C(=O)OCCOCCOCCOCCOCCOCCOCCOCCOCCOCCOCCOCCOCCOCCOCCOCCOCCOCCOCCOCCOC(=O)C(=C)C
Monomer 2: C=C(CCS)OCC(COC(=O)CCS)(COC(=O)CCS)COC(=O)CCSC(=O)NCC1(C)CC(NC(=O)SCCC(=O)OCC(COC(=O)CCS)(COC(=O)CCS)COC(=O)CCS)CC(C)(C)C1",vinyl(C=C),thiol(CCS),0.5,150,30,Design a shape memory polymer with Tg â‰ˆ 150Â°C and Er â‰ˆ 30 MPa that includes vinyl(C=C) and thiol(CCS) groups.,C=C(C)C(=O)OCCOCCOCCOCCOCCOCCOCCOCCOCCOCCOCCOCCOCCOCCOCCOCCOCCOCCOCCOCCOC(=O)C(=C)C,C=C(CCS)OCC(COC(=O)CCS)(COC(=O)CCS)COC(=O)CCSC(=O)NCC1(C)CC(NC(=O)SCCC(=O)OCC(COC(=O)CCS)(COC(=O)CCS)COC(=O)CCS)CC(C)(C)C1
286,C=C(C)C(=O)OCCOCCOCCOCCOCCOCCOCCOCCOCCOCCOCCOCCOCCOCCOCCOCCOCCOCCOCCOCCOC(=O)C(=C)C,C=C(C)C(=O)OCCOCCOCCOCCOCCOCCOCCOCCOCCOCCOCCOCCOCCOCCOCCOCCOCCOCCOCCOCCOCC(C)COCC(C)OCC(C)OCC(C)OCC(C)OCC(C)OCC(C)OCC(C)OCC(C)OCC(C)OCC(C)OCC(C)OCC(C)OCC(C)OCC(C)OCC(C)OCC(C)OCC(C)OCC(C)OCC(C)OCC(C)OCC(C)OCC(C)OCC(C)OCC(C)OCC,"Here's a pair of monomers fulfilling the criteria of Tg = 200Â°C, Er = 27Mpa, and containing C=C groups:
Monomer 1: C=C(C)C(=O)OCCOCCOCCOCCOCCOCCOCCOCCOCCOCCOCCOCCOCCOCCOCCOCCOCCOCCOCCOCCOC(=O)C(=C)C
Monomer 2: C=C(C)C(=O)OCCOCCOCCOCCOCCOCCOCCOCCOCCOCCOCCOCCOCCOCCOCCOCCOCCOCCOCCOCCOCC(C)COCC(C)OCC(C)OCC(C)OCC(C)OCC(C)OCC(C)OCC(C)OCC(C)OCC(C)OCC(C)OCC(C)OCC(C)OCC(C)OCC(C)OCC(C)OCC(C)OCC(C)OCC(C)OCC(C)OCC(C)OCC(C)OCC(C)OCC(C)OCC(C)OCC",vinyl(C=C),vinyl(C=C),0.5,200,27,"Create a thermoset polymer with Tg = 200Â°C, Er = 27 MPa, and monomers featuring vinyl(C=C) in monomer1 and vinyl(C=C) in monomer2 groups.",C=C(C)C(=O)OCCOCCOCCOCCOCCOCCOCCOCCOCCOCCOCCOCCOCCOCCOCCOCCOCCOCCOCCOCCOC(=O)C(=C)C,C=C(C)C(=O)OCCOCCOCCOCCOCCOCCOCCOCCOCCOCCOCCOCCOCCOCCOCCOCCOCCOCCOCCOCCOCC(C)COCC(C)OCC(C)OCC(C)OCC(C)OCC(C)OCC(C)OCC(C)OCC(C)OCC(C)OCC(C)OCC(C)OCC(C)OCC(C)OCC(C)OCC(C)OCC(C)OCC(C)OCC(C)OCC(C)OCC(C)OCC(C)OCC(C)OCC(C)OCC(C)OCC
287,C=C(C)C(=O)OCCOCCOCCOCCOCCOCCOCCOCCOCCOCCOCCOCCOCCOCCOCCOCCOCCOCCOCCOCCOC(=O)C(=C)C, C=C(C)C(=O)OCCOCCOCCOCCOCCOCCOCCOCCOCCOCCOCCOCCOCCOCCOCCOCCOCCOCCOCCOCCOCC(C)C(=O)OCCOCCOCCOCCOCCOCCOCCOCCOCCOCCOCCOCCOCCOCCOCCOCCOCCOCCOCCOCCOCC(C)C(=O)OCCOCCOCCOCCOCCOCCOCCOCCOCCOCCOCCOCCOCCOCCOCCOCCOCCOCCOCCOCCOCC(C),"Here's a pair of monomers fulfilling the criteria of Tg = 200Â°C, Er = 27Mpa, and containing C=C groups:
Monomer 1: C=C(C)C(=O)OCCOCCOCCOCCOCCOCCOCCOCCOCCOCCOCCOCCOCCOCCOCCOCCOCCOCCOCCOCCOC(=O)C(=C)C
Monomer 2: C=C(C)C(=O)OCCOCCOCCOCCOCCOCCOCCOCCOCCOCCOCCOCCOCCOCCOCCOCCOCCOCCOCCOCCOCC(C)C(=O)OCCOCCOCCOCCOCCOCCOCCOCCOCCOCCOCCOCCOCCOCCOCCOCCOCCOCCOCCOCCOCC(C)C(=O)OCCOCCOCCOCCOCCOCCOCCOCCOCCOCCOCCOCCOCCOCCOCCOCCOCCOCCOCCOCCOCC(C)",vinyl(C=C),vinyl(C=C),0.5,200,27,"Create a thermoset polymer with Tg = 200Â°C, Er = 27 MPa, and monomers featuring vinyl(C=C) in monomer1 and vinyl(C=C) in monomer2 groups.",C=C(C)C(=O)OCCOCCOCCOCCOCCOCCOCCOCCOCCOCCOCCOCCOCCOCCOCCOCCOCCOCCOCCOCCOC(=O)C(=C)C,C=C(C)C(=O)OCCOCCOCCOCCOCCOCCOCCOCCOCCOCCOCCOCCOCCOCCOCCOCCOCCOCCOCCOCCOCC(C)C(=O)OCCOCCOCCOCCOCCOCCOCCOCCOCCOCCOCCOCCOCCOCCOCCOCCOCCOCCOCCOCCOCC(C)C(=O)OCCOCCOCCOCCOCCOCCOCCOCCOCCOCCOCCOCCOCCOCCOCCOCCOCCOCCOCCOCCOCC(C)
288,C=C(C)C(=O)OCC(O)COc2ccc(C(C)(C)c1ccc(OCC(O)COC(=O)C(=C)C)cc1)cc2,C=C(C)C(=O)OCCOCCOCCOCCOCCOCCOCCOCCOCCOCCOCCOCCOCCOCCOCCOCCOCCOCCOCCOCCOC(=O)C(=C)C,"Here's a pair of monomers fulfilling the criteria of Tg = 200Â°C, Er = 27Mpa, and containing C=C groups:
Monomer 1: C=C(C)C(=O)OCC(O)COc2ccc(C(C)(C)c1ccc(OCC(O)COC(=O)C(=C)C)cc1)cc2
Monomer 2: C=C(C)C(=O)OCCOCCOCCOCCOCCOCCOCCOCCOCCOCCOCCOCCOCCOCCOCCOCCOCCOCCOCCOCCOC(=O)C(=C)C",vinyl(C=C),vinyl(C=C),0.5,200,27,"Create a thermoset polymer with Tg = 200Â°C, Er = 27 MPa, and monomers featuring vinyl(C=C) in monomer1 and vinyl(C=C) in monomer2 groups.",C=C(C)C(=O)OCC(O)COc2ccc(C(C)(C)c1ccc(OCC(O)COC(=O)C(=C)C)cc1)cc2,C=C(C)C(=O)OCCOCCOCCOCCOCCOCCOCCOCCOCCOCCOCCOCCOCCOCCOCCOCCOCCOCCOCCOCCOC(=O)C(=C)C
289,C=C(C)C(=O)OCCOCCOCCOCCOCCOCCOCCOCCOCCOCCOCCOCCOCCOCCOCCOCCOCCOCCOCCOCCOC(=O)C(=C)C,C=C(C)C(=O)OCCOCCOCCOCCOCCOCCOCCOCCOCCOCCOCCOCCOCCOCCOCCOCCOCCOCCOCCOCCOCCOCCOCCOCCOCCOCCOCCOCCOCCOCCOCCOCCOCCOCCOCCOCCOCCOCC(C)OCC(C)OCC(C)OCC(C)OCC(C)OCC(C)N,"Here's a pair of monomers fulfilling the criteria of Tg = 200Â°C, Er = 27Mpa, and containing C=C groups:
Monomer 1: C=C(C)C(=O)OCCOCCOCCOCCOCCOCCOCCOCCOCCOCCOCCOCCOCCOCCOCCOCCOCCOCCOCCOCCOC(=O)C(=C)C
Monomer 2: C=C(C)C(=O)OCCOCCOCCOCCOCCOCCOCCOCCOCCOCCOCCOCCOCCOCCOCCOCCOCCOCCOCCOCCOCCOCCOCCOCCOCCOCCOCCOCCOCCOCCOCCOCCOCCOCCOCCOCCOCCOCC(C)OCC(C)OCC(C)OCC(C)OCC(C)OCC(C)N",vinyl(C=C),vinyl(C=C),0.5,200,27,"Create a thermoset polymer with Tg = 200Â°C, Er = 27 MPa, and monomers featuring vinyl(C=C) in monomer1 and vinyl(C=C) in monomer2 groups.",C=C(C)C(=O)OCCOCCOCCOCCOCCOCCOCCOCCOCCOCCOCCOCCOCCOCCOCCOCCOCCOCCOCCOCCOC(=O)C(=C)C,C=C(C)C(=O)OCCOCCOCCOCCOCCOCCOCCOCCOCCOCCOCCOCCOCCOCCOCCOCCOCCOCCOCCOCCOCCOCCOCCOCCOCCOCCOCCOCCOCCOCCOCCOCCOCCOCCOCCOCCOCCOCC(C)OCC(C)OCC(C)OCC(C)OCC(C)OCC(C)N
290,C=C(C)C(=O)OCC(O)COc2ccc(C(C)(C)c1ccc(OCC(O)COC(=O)C(=C)C)cc1)cc2,C=CCOCC(CO)(COCC=C)COCC=C,"Here's a pair of monomers fulfilling the criteria of Tg = 200Â°C, Er = 27Mpa, and containing C=C groups:
Monomer 1: C=C(C)C(=O)OCC(O)COc2ccc(C(C)(C)c1ccc(OCC(O)COC(=O)C(=C)C)cc1)cc2
Monomer 2: C=CCOCC(CO)(COCC=C)COCC=C",vinyl(C=C),vinyl(C=C),0.5,200,27,"Create a thermoset polymer with Tg = 200Â°C, Er = 27 MPa, and monomers featuring vinyl(C=C) in monomer1 and vinyl(C=C) in monomer2 groups.",C=C(C)C(=O)OCC(O)COc2ccc(C(C)(C)c1ccc(OCC(O)COC(=O)C(=C)C)cc1)cc2,C=CCOCC(CO)(COCC=C)COCC=C
291,CC(C)(c2ccc(OCCOCCOCCOCC1CO1)cc2)c4ccc(OCCOCCOCCOCC3CO3)cc4,CC(C)(c1ccc(C)cc1)ccc2cc(C),"Here's a pair of monomers fulfilling the criteria of Tg â‰ˆ 100Â°C, Er â‰ˆ 100Mpa, with C=C(C=O) and C=C groups:
Monomer 1 (C=C(C=O) groups): CC(C)(c2ccc(OCCOCCOCCOCC1CO1)cc2)c4ccc(OCCOCCOCCOCC3CO3)cc4
Monomer 2 (C=C groups): CC(C)(c1ccc(C)cc1)ccc2cc(C)c(cc2)c1",acrylate(C=C(C=O)),vinyl(C=C),0.5,100,100,"Propose two monomers that form a TSMP with Tg around 100Â°C, Er near 100 MPa, and containing acrylate(C=C(C=O)) in monomer1 and vinyl(C=C) in monomer2 groups.",Not found,Not found
292,C=C(C)C(=O)OCC(O)COc2ccc(C(C)(C)c1ccc(OCC(O)COC(=O)C(=C)C)cc1)cc2,C=CCOCC(CO)(COCC=C)COCC=C,"Here's a pair of monomers fulfilling the criteria of Tg â‰ˆ 100Â°C, Er â‰ˆ 100Mpa, with C=C(C=O) and C=C groups:
Monomer 1 (C=C(C=O) groups): C=C(C)C(=O)OCC(O)COc2ccc(C(C)(C)c1ccc(OCC(O)COC(=O)C(=C)C)cc1)cc2
Monomer 2 (C=C groups): C=CCOCC(CO)(COCC=C)COCC=C",acrylate(C=C(C=O)),vinyl(C=C),0.5,100,100,"Propose two monomers that form a TSMP with Tg around 100Â°C, Er near 100 MPa, and containing acrylate(C=C(C=O)) in monomer1 and vinyl(C=C) in monomer2 groups.",C=C(C)C(=O)OCC(O)COc2ccc(C(C)(C)c1ccc(OCC(O)COC(=O)C(=C)C)cc1)cc2,C=CCOCC(CO)(COCC=C)COCC=C
293,CC(C)(c2ccc(OCCOCCOCCOCC1CO1)cc2)c4ccc(OCCOCCOCCOCC3CO3)cc4,C=C(C)C(=O)OCCOCCOCCOCCOCCOCCOCCOCCOCCOCCOCCOCCOC(=O)C(=C)C,"Here's a pair of monomers fulfilling the criteria of Tg â‰ˆ 100Â°C, Er â‰ˆ 100Mpa, with C=C(C=O) and C=C groups:
Monomer 1 (C=C(C=O) groups): CC(C)(c2ccc(OCCOCCOCCOCC1CO1)cc2)c4ccc(OCCOCCOCCOCC3CO3)cc4
Monomer 2 (C=C groups): C=C(C)C(=O)OCCOCCOCCOCCOCCOCCOCCOCCOCCOCCOCCOCCOC(=O)C(=C)C",acrylate(C=C(C=O)),vinyl(C=C),0.5,100,100,"Propose two monomers that form a TSMP with Tg around 100Â°C, Er near 100 MPa, and containing acrylate(C=C(C=O)) in monomer1 and vinyl(C=C) in monomer2 groups.",CC(C)(c2ccc(OCCOCCOCCOCC1CO1)cc2)c4ccc(OCCOCCOCCOCC3CO3)cc4,C=C(C)C(=O)OCCOCCOCCOCCOCCOCCOCCOCCOCCOCCOCCOCCOC(=O)C(=C)C
294,CC(C)(c2ccc(OCCOCC1CO1)cc2)c4ccc(OCCOCC3CO3)cc4,C=Cc1cccc(C=C)c1,"Here's a pair of monomers fulfilling the criteria of Tg â‰ˆ 100Â°C, Er â‰ˆ 100Mpa, with C=C(C=O) and C=C groups:
Monomer 1 (C=C(C=O) groups): CC(C)(c2ccc(OCCOCC1CO1)cc2)c4ccc(OCCOCC3CO3)cc4
Monomer 2 (C=C groups): C=Cc1cccc(C=C)c1",acrylate(C=C(C=O)),vinyl(C=C),0.5,100,100,"Propose two monomers that form a TSMP with Tg around 100Â°C, Er near 100 MPa, and containing acrylate(C=C(C=O)) in monomer1 and vinyl(C=C) in monomer2 groups.",CC(C)(c2ccc(OCCOCC1CO1)cc2)c4ccc(OCCOCC3CO3)cc4,C=Cc1cccc(C=C)c1
295,C=C(C)C(=O)OCCOCCOCCOCCOCCOCCOCCOCCOCCOCCOCCOCCOCCOCCOCCOCCOCCOCCOCCOCCOC(=O)C(=C)C,C=Cc1cccc(C=C)c1,"Here's a pair of monomers fulfilling the criteria of Tg â‰ˆ 100Â°C, Er â‰ˆ 100Mpa, with C=C(C=O) and C=C groups:
Monomer 1 (C=C(C=O) groups): C=C(C)C(=O)OCCOCCOCCOCCOCCOCCOCCOCCOCCOCCOCCOCCOCCOCCOCCOCCOCCOCCOCCOCCOC(=O)C(=C)C
Monomer 2 (C=C groups): C=Cc1cccc(C=C)c1",acrylate(C=C(C=O)),vinyl(C=C),0.5,100,100,"Propose two monomers that form a TSMP with Tg around 100Â°C, Er near 100 MPa, and containing acrylate(C=C(C=O)) in monomer1 and vinyl(C=C) in monomer2 groups.",C=C(C)C(=O)OCCOCCOCCOCCOCCOCCOCCOCCOCCOCCOCCOCCOCCOCCOCCOCCOCCOCCOCCOCCOC(=O)C(=C)C,C=Cc1cccc(C=C)c1
296,C=C(C)C(=C)OCOCCOC(=O)C(=C)C,C=C(C)C(=O)OCCOCCOCCOCCOCCOCCOCCOCCOCCOCCOCCOCCOC(=O)C(=C)C,"Here's a pair of monomers fulfilling the criteria of Tg â‰ˆ 50Â°C, Er â‰ˆ 20Mpa, and containing C=C/CC(=O) groups:
Monomer 1: C=C(C)C(=C)OCOCCOC(=O)C(=C)C
Monomer 2: C=C(C)C(=O)OCCOCCOCCOCCOCCOCCOCCOCCOCCOCCOCCOCCOC(=O)C(=C)C",vinyl(C=C),hydroxyl(=O),0.5,50,20,Design a shape memory polymer with Tg â‰ˆ 50Â°C and Er â‰ˆ 20 MPa that includes vinyl(C=C) and hydroxyl(=O) groups.,C=C(C)C(=C)OCOCCOC(=O)C(=C)C,C=C(C)C(=O)OCCOCCOCCOCCOCCOCCOCCOCCOCCOCCOCCOCCOC(=O)C(=C)C
297,C=C(C)C(=O)OCCOCCOCCOCCOCCOCCOCCOCCOCCOCCOCCOCCOCCOCCOCCOCCOCCOCCOCCOCCOC(=O)C(=C)C,C=C(C)C(=O)OCCOCCOCCOCCOCCOCCOCCOCCOCCOCCOCCOCCOC(=O)C(=C)C,"Here's a pair of monomers fulfilling the criteria of Tg â‰ˆ 50Â°C, Er â‰ˆ 20Mpa, and containing C=C/CCS groups:
Monomer 1: C=C(C)C(=O)OCCOCCOCCOCCOCCOCCOCCOCCOCCOCCOCCOCCOCCOCCOCCOCCOCCOCCOCCOCCOC(=O)C(=C)C
Monomer 2: C=C(C)C(=O)OCCOCCOCCOCCOCCOCCOCCOCCOCCOCCOCCOCCOC(=O)C(=C)C",vinyl(C=C),hydroxyl(=O),0.5,50,20,Design a shape memory polymer with Tg â‰ˆ 50Â°C and Er â‰ˆ 20 MPa that includes vinyl(C=C) and hydroxyl(=O) groups.,C=C(C)C(=O)OCCOCCOCCOCCOCCOCCOCCOCCOCCOCCOCCOCCOCCOCCOCCOCCOCCOCCOCCOCCOC(=O)C(=C)C,C=C(C)C(=O)OCCOCCOCCOCCOCCOCCOCCOCCOCCOCCOCCOCCOC(=O)C(=C)C
298,C=C(C)C(=O)OCCOCCOCCOCCOCCOCCOCCOCCOCCOCCOCCOCCOCCOCCOCCOCCOCCOCCOCCOCCOC(=O)C(=C)C,C=C(C)C(=O)OCCOCCOCCOCCOCCOCCOCCOCCOCCOCCOCCOCCOCCOCCOCCOCCOCCOCCOCCOCCOCCOCCOCCOCCOCCOCCOCCOCCOCCOCCOCCOCCOCCOCCOCCOCCOCCOCC(C)OCC(C)OCC(C)OCC(C)OCC(C)OCC(C)N,"Here's a pair of monomers fulfilling the criteria of Tg â‰ˆ 50Â°C, Er â‰ˆ 20Mpa, and containing C=C/CO groups:
Monomer 1: C=C(C)C(=O)OCCOCCOCCOCCOCCOCCOCCOCCOCCOCCOCCOCCOCCOCCOCCOCCOCCOCCOCCOCCOC(=O)C(=C)C
Monomer 2: C=C(C)C(=O)OCCOCCOCCOCCOCCOCCOCCOCCOCCOCCOCCOCCOCCOCCOCCOCCOCCOCCOCCOCCOCCOCCOCCOCCOCCOCCOCCOCCOCCOCCOCCOCCOCCOCCOCCOCCOCCOCC(C)OCC(C)OCC(C)OCC(C)OCC(C)OCC(C)N",vinyl(C=C),hydroxyl(=O),0.5,50,20,Design a shape memory polymer with Tg â‰ˆ 50Â°C and Er â‰ˆ 20 MPa that includes vinyl(C=C) and hydroxyl(=O) groups.,C=C(C)C(=O)OCCOCCOCCOCCOCCOCCOCCOCCOCCOCCOCCOCCOCCOCCOCCOCCOCCOCCOCCOCCOC(=O)C(=C)C,C=C(C)C(=O)OCCOCCOCCOCCOCCOCCOCCOCCOCCOCCOCCOCCOCCOCCOCCOCCOCCOCCOCCOCCOCCOCCOCCOCCOCCOCCOCCOCCOCCOCCOCCOCCOCCOCCOCCOCCOCCOCC(C)OCC(C)OCC(C)OCC(C)OCC(C)OCC(C)N
299,C=C(C)C(=O)OCC(O)COc2ccc(C(C)(C)c1ccc(OCC(O)COC(=O)C(=C)C)cc1)cc2,C=C(C)C(=O)OCCOCCOCCOCCOCCOCCOCCOCCOCCOCCOCCOCCOCCOCCOCCOCCOCCOCCOCCOCCOC(=O)C(=C)C,"Here's a pair of monomers fulfilling the criteria of Tg â‰ˆ 50Â°C, Er â‰ˆ 20Mpa, and containing C=C/CCS groups:
Monomer 1: C=C(C)C(=O)OCC(O)COc2ccc(C(C)(C)c1ccc(OCC(O)COC(=O)C(=C)C)cc1)cc2
Monomer 2: C=C(C)C(=O)OCCOCCOCCOCCOCCOCCOCCOCCOCCOCCOCCOCCOCCOCCOCCOCCOCCOCCOCCOCCOC(=O)C(=C)C",vinyl(C=C),hydroxyl(=O),0.5,50,20,Design a shape memory polymer with Tg â‰ˆ 50Â°C and Er â‰ˆ 20 MPa that includes vinyl(C=C) and hydroxyl(=O) groups.,C=C(C)C(=O)OCC(O)COc2ccc(C(C)(C)c1ccc(OCC(O)COC(=O)C(=C)C)cc1)cc2,C=C(C)C(=O)OCCOCCOCCOCCOCCOCCOCCOCCOCCOCCOCCOCCOCCOCCOCCOCCOCCOCCOCCOCCOC(=O)C(=C)C
300,C=C(C)C(=O)OCCOCCOCCOCCOCCOCCOCCOCCOCCOCCOCCOCCOCCOCCOCCOCCOCCOCCOCCOCCOC(=O)C(=C)C,CCC(COC(=O)CCS)(COC(=O)CCS)COC(=O)CCS,"Here's a pair of monomers fulfilling the criteria of Tg â‰ˆ 50Â°C, Er â‰ˆ 20Mpa, and containing C=C/CCS groups:
Monomer 1: C=C(C)C(=O)OCCOCCOCCOCCOCCOCCOCCOCCOCCOCCOCCOCCOCCOCCOCCOCCOCCOCCOCCOCCOC(=O)C(=C)C
Monomer 2: CCC(COC(=O)CCS)(COC(=O)CCS)COC(=O)CCS",vinyl(C=C),hydroxyl(=O),0.5,50,20,Design a shape memory polymer with Tg â‰ˆ 50Â°C and Er â‰ˆ 20 MPa that includes vinyl(C=C) and hydroxyl(=O) groups.,C=C(C)C(=O)OCCOCCOCCOCCOCCOCCOCCOCCOCCOCCOCCOCCOCCOCCOCCOCCOCCOCCOCCOCCOC(=O)C(=C)C,CCC(COC(=O)CCS)(COC(=O)CCS)COC(=O)CCS
301,CC(C)(c2ccc(OCC1CO1)cc2)c4ccc(OCC3CO3)cc4,CC(N)COCC(C)OCC(C)OCC(C)OCCOCCOCCOCCOCCOCCOCCOCCOCCOCCOCCOCCOCC(C)OCC(C)OCC(C)N,"Here's a valid monomer pair designed with the required functionalities:
Monomer 1 (C1OC1 groups): CC(C)(c2ccc(OCC1CO1)cc2)c4ccc(OCC3CO3)cc4
Monomer 2 (NC groups): CC(N)COCC(C)OCC(C)OCC(C)OCCOCCOCCOCCOCCOCCOCCOCCOCCOCCOCCOCCOCC(C)OCC(C)OCC(C)N",epoxy(C1OC1),imine(NC),0.7,100,40,"Propose two monomers that form a TSMP with Tg around 100Â°C, Er near 40 MPa, and containing epoxy(C1OC1) in monomer1 and imine(NC) in monomer2 groups.",CC(C)(c2ccc(OCC1CO1)cc2)c4ccc(OCC3CO3)cc4,CC(N)COCC(C)OCC(C)OCC(C)OCCOCCOCCOCCOCCOCCOCCOCCOCCOCCOCCOCCOCC(C)OCC(C)OCC(C)N
302,Cc3cc(c2cc(C)c(OCC1CO1)c(C)c2)cc(C)c3OCC4CO4,CCC(COCC(C)COCC(C)N)(COCC(C)OCC(C)N)COCC(C)OCC(C)N,"Here's a TSMP that matches your request:
Monomer 1 (contains C1OC1): Cc3cc(c2cc(C)c(OCC1CO1)c(C)c2)cc(C)c3OCC4CO4
Monomer 2 (contains NC): CCC(COCC(C)COCC(C)N)(COCC(C)OCC(C)N)COCC(C)OCC(C)N",epoxy(C1OC1),imine(NC),0.7,100,40,"Propose two monomers that form a TSMP with Tg around 100Â°C, Er near 40 MPa, and containing epoxy(C1OC1) in monomer1 and imine(NC) in monomer2 groups.",Cc3cc(c2cc(C)c(OCC1CO1)c(C)c2)cc(C)c3OCC4CO4,CCC(COCC(C)COCC(C)N)(COCC(C)OCC(C)N)COCC(C)OCC(C)N
303,CC(C)(c2ccc(OCCOCCOCCOCC1CO1)cc2)c4ccc(OCCOCCOCCOCC3CO3)cc4,NCc1cccc(CN)c1,"Here's a pair of monomers fulfilling the criteria of Tg â‰ˆ 100Â°C, Er â‰ˆ 40Mpa, with epoxy and imine groups:
Monomer 1 (C1OC1): CC(C)(c2ccc(OCCOCCOCCOCC1CO1)cc2)c4ccc(OCCOCCOCCOCC3CO3)cc4
Monomer 2 (NC): NCc1cccc(CN)c1",epoxy(C1OC1),imine(NC),0.7,100,40,"Propose two monomers that form a TSMP with Tg around 100Â°C, Er near 40 MPa, and containing epoxy(C1OC1) in monomer1 and imine(NC) in monomer2 groups.",CC(C)(c2ccc(OCCOCCOCCOCC1CO1)cc2)c4ccc(OCCOCCOCCOCC3CO3)cc4,NCc1cccc(CN)c1
304,C1OC1COC3COC4C(OC2CO2)COC34,CC(N)COCC(C)OCC(C)OCC(C)OCC(C)OCC(C)OCC(C)N,"Here's a valid monomer pair designed with the required functionalities:
Monomer 1 (contains C1OC1): C1OC1COC3COC4C(OC2CO2)COC34
Monomer 2 (contains NC): CC(N)COCC(C)OCC(C)OCC(C)OCC(C)OCC(C)OCC(C)N",epoxy(C1OC1),imine(NC),0.7,100,40,"Propose two monomers that form a TSMP with Tg around 100Â°C, Er near 40 MPa, and containing epoxy(C1OC1) in monomer1 and imine(NC) in monomer2 groups.",C1OC1COC3COC4C(OC2CO2)COC34,CC(N)COCC(C)OCC(C)OCC(C)OCC(C)OCC(C)OCC(C)N
305,CC(C)(c4ccc(OCC(O)COc3ccc(C(C)(C)c2ccc(OCC1CO1)cc2)cc3)cc4)c6ccc(OCC5CO5)cc6,CC(N)COCC(C)OCC(C)OCC(C)OCCOCCOCCOCCOCCOCCOCCOCCOCCOCCOCCOCCOCC(C)OCC(C)OCC(C)N,"Here's a pair of monomers fulfilling the criteria of Tg = 100Â°C, Er = 40Mpa, and incorporating C1OC1/NC groups:
Monomer 1 (C1OC1): CC(C)(c4ccc(OCC(O)COc3ccc(C(C)(C)c2ccc(OCC1CO1)cc2)cc3)cc4)c6ccc(OCC5CO5)cc6
Monomer 2 (NC): CC(N)COCC(C)OCC(C)OCC(C)OCCOCCOCCOCCOCCOCCOCCOCCOCCOCCOCCOCCOCC(C)OCC(C)OCC(C)N",epoxy(C1OC1),imine(NC),0.7,100,40,"Propose two monomers that form a TSMP with Tg around 100Â°C, Er near 40 MPa, and containing epoxy(C1OC1) in monomer1 and imine(NC) in monomer2 groups.",CC(C)(c4ccc(OCC(O)COc3ccc(C(C)(C)c2ccc(OCC1CO1)cc2)cc3)cc4)c6ccc(OCC5CO5)cc6,CC(N)COCC(C)OCC(C)OCC(C)OCCOCCOCCOCCOCCOCCOCCOCCOCCOCCOCCOCCOCC(C)OCC(C)OCC(C)N
306,C=C(C)C(=O)OCCOCCOCCOCCOCCOCCOCCOCCOCCOCCOCCOCCOCCOCCOCCOCCOCCOCCOCCOCCOC(=O)C(=C)C,C=C(CCS)OCCn1c(=O)n(CCOC(=O)CCS)c(=O)n(CCOC(=O)CCS)c1=O,"Here's a pair of monomers fulfilling the criteria of Tg = 150Â°C, Er = 30Mpa, and involving vinyl and thiol groups:
Monomer 1 (C=C): C=C(C)C(=O)OCCOCCOCCOCCOCCOCCOCCOCCOCCOCCOCCOCCOCCOCCOCCOCCOCCOCCOCCOCCOC(=O)C(=C)C
Monomer 2 (CCS): C=C(CCS)OCCn1c(=O)n(CCOC(=O)CCS)c(=O)n(CCOC(=O)CCS)c1=O",vinyl(C=C),thiol(CCS),0.7,150,30,"Propose two monomers that form a TSMP with Tg around 150Â°C, Er near 30 MPa, and containing vinyl(C=C) in monomer1 and thiol(CCS) in monomer2 groups.",C=C(C)C(=O)OCCOCCOCCOCCOCCOCCOCCOCCOCCOCCOCCOCCOCCOCCOCCOCCOCCOCCOCCOCCOC(=O)C(=C)C,C=C(CCS)OCCn1c(=O)n(CCOC(=O)CCS)c(=O)n(CCOC(=O)CCS)c1=O
307,C=CCc1ccccc1OCC(O)COC(=O)Cc3ccc(C(=O)OCC(O)COc2ccccc2CC=C)cc3,C=C(CCS)OCCn1c(=O)n(CCOC(=O)CCS)c(=O)n(CCOC(=O)CCS)c1=O,"Here's a pair of monomers fulfilling the criteria of Tg â‰ˆ 150Â°C, Er â‰ˆ 30Mpa, and containing C=C/CCS groups:
Monomer 1 (C=C): C=CCc1ccccc1OCC(O)COC(=O)Cc3ccc(C(=O)OCC(O)COc2ccccc2CC=C)cc3
Monomer 2 (CCS): C=C(CCS)OCCn1c(=O)n(CCOC(=O)CCS)c(=O)n(CCOC(=O)CCS)c1=O",vinyl(C=C),thiol(CCS),0.7,150,30,"Propose two monomers that form a TSMP with Tg around 150Â°C, Er near 30 MPa, and containing vinyl(C=C) in monomer1 and thiol(CCS) in monomer2 groups.",C=CCc1ccccc1OCC(O)COC(=O)Cc3ccc(C(=O)OCC(O)COc2ccccc2CC=C)cc3,C=C(CCS)OCCn1c(=O)n(CCOC(=O)CCS)c(=O)n(CCOC(=O)CCS)c1=O
308,C=C(C)C(=O)OCCOCCOCCOCCOCCOCCOCCOCCOCCOCCOCCOCCOC(=O)C(=C)C,C=C(CCS)OCCn1c(=O)n(CCOC(=O)CCS)c(=O)n(CCOC(=O)CCS)c1=O,"Here's a pair of monomers fulfilling the criteria of Tg â‰ˆ 150Â°C, Er â‰ˆ 30Mpa, and containing C=C/CCS groups:
Monomer 1 (C=C): C=C(C)C(=O)OCCOCCOCCOCCOCCOCCOCCOCCOCCOCCOCCOCCOC(=O)C(=C)C
Monomer 2 (CCS): C=C(CCS)OCCn1c(=O)n(CCOC(=O)CCS)c(=O)n(CCOC(=O)CCS)c1=O",vinyl(C=C),thiol(CCS),0.7,150,30,"Propose two monomers that form a TSMP with Tg around 150Â°C, Er near 30 MPa, and containing vinyl(C=C) in monomer1 and thiol(CCS) in monomer2 groups.",C=C(C)C(=O)OCCOCCOCCOCCOCCOCCOCCOCCOCCOCCOCCOCCOC(=O)C(=C)C,C=C(CCS)OCCn1c(=O)n(CCOC(=O)CCS)c(=O)n(CCOC(=O)CCS)c1=O
309,C=C(C)C(=O)OCCOCCOCCOCCOCCOCCOCCOCCOCCOCCOCCOCCOCCOCCOCCOCCOCCOCCOCCOCCOC(=O)C(=C)C,C=C(CCS)OCC(COC(=O)CCS)(COC(=O)CCS)COC(=O)CCSC(=O)NCC1(C)CC(NC(=O)SCCC(=O)OCC(COC(=O)CCS)(COC(=O)CCS)COC(=O)CCS)CC(C)(C)C1,"Here is a pair of monomers fulfilling the criteria of Tg â‰ˆ 150Â°C, Er â‰ˆ 30Mpa, and containing C=C/CCS groups:
Monomer 1 (C=C): C=C(C)C(=O)OCCOCCOCCOCCOCCOCCOCCOCCOCCOCCOCCOCCOCCOCCOCCOCCOCCOCCOCCOCCOC(=O)C(=C)C
Monomer 2 (CCS): C=C(CCS)OCC(COC(=O)CCS)(COC(=O)CCS)COC(=O)CCSC(=O)NCC1(C)CC(NC(=O)SCCC(=O)OCC(COC(=O)CCS)(COC(=O)CCS)COC(=O)CCS)CC(C)(C)C1",vinyl(C=C),thiol(CCS),0.7,150,30,"Propose two monomers that form a TSMP with Tg around 150Â°C, Er near 30 MPa, and containing vinyl(C=C) in monomer1 and thiol(CCS) in monomer2 groups.",C=C(C)C(=O)OCCOCCOCCOCCOCCOCCOCCOCCOCCOCCOCCOCCOCCOCCOCCOCCOCCOCCOCCOCCOC(=O)C(=C)C,C=C(CCS)OCC(COC(=O)CCS)(COC(=O)CCS)COC(=O)CCSC(=O)NCC1(C)CC(NC(=O)SCCC(=O)OCC(COC(=O)CCS)(COC(=O)CCS)COC(=O)CCS)CC(C)(C)C1
310,C=CCn1c(=O)n(CC=C)c(=O)n(CC=C)c1=O,C=C(CCS)OCCn1c(=O)n(CCOC(=O)CCS)c(=O)n(CCOC(=O)CCS)c1=O,"Here's a pair of monomers fulfilling the criteria of Tg â‰ˆ 150Â°C, Er â‰ˆ 30Mpa, and containing C=C/CCS groups:
Monomer 1 (C=C): C=CCn1c(=O)n(CC=C)c(=O)n(CC=C)c1=O
Monomer 2 (CCS): C=C(CCS)OCCn1c(=O)n(CCOC(=O)CCS)c(=O)n(CCOC(=O)CCS)c1=O",vinyl(C=C),thiol(CCS),0.7,150,30,"Propose two monomers that form a TSMP with Tg around 150Â°C, Er near 30 MPa, and containing vinyl(C=C) in monomer1 and thiol(CCS) in monomer2 groups.",C=CCn1c(=O)n(CC=C)c(=O)n(CC=C)c1=O,C=C(CCS)OCCn1c(=O)n(CCOC(=O)CCS)c(=O)n(CCOC(=O)CCS)c1=O
311,C=C(C)C(=O)OCCOCCOCCOCCOCCOCCOCCOCCOCCOCCOCCOCCOCCOCCOCCOCCOCCOCCOCCOCCOC(=O)C(=C)C,C=C(C)C(=C)COC(=O)NCC1(C)CC(NC(=O)OCC(C)(C)C)CC(C)(C)C1,"Here is a valid monomer pair designed with the required functionalities:
Monomer 1 (contains C=C): C=C(C)C(=O)OCCOCCOCCOCCOCCOCCOCCOCCOCCOCCOCCOCCOCCOCCOCCOCCOCCOCCOCCOCCOC(=O)C(=C)C
Monomer 2 (contains C=C): C=C(C)C(=C)COC(=O)NCC1(C)CC(NC(=O)OCC(C)(C)C)CC(C)(C)C1",vinyl(C=C),vinyl(C=C),0.7,200,27,"Create a thermoset polymer with Tg = 200Â°C, Er = 27 MPa, and monomers featuring vinyl(C=C) in monomer1 and vinyl(C=C) in monomer2 groups.",C=C(C)C(=O)OCCOCCOCCOCCOCCOCCOCCOCCOCCOCCOCCOCCOCCOCCOCCOCCOCCOCCOCCOCCOC(=O)C(=C)C,C=C(C)C(=C)COC(=O)NCC1(C)CC(NC(=O)OCC(C)(C)C)CC(C)(C)C1
312,c3cc(N(CC1CO1)CC2CO2)ccc3OCC4CO4,CC(N)COCC(C)COCC(C)COCC(C)COCC(C)COCC(C)COCC(C)N,"Here's a valid monomer pair designed with the required functionalities:
Monomer 1 (C=C): c3cc(N(CC1CO1)CC2CO2)ccc3OCC4CO4
Monomer 2 (C=C): CC(N)COCC(C)COCC(C)COCC(C)COCC(C)COCC(C)COCC(C)N",vinyl(C=C),vinyl(C=C),0.7,200,27,"Create a thermoset polymer with Tg = 200Â°C, Er = 27 MPa, and monomers featuring vinyl(C=C) in monomer1 and vinyl(C=C) in monomer2 groups.",c3cc(N(CC1CO1)CC2CO2)ccc3OCC4CO4,CC(N)COCC(C)COCC(C)COCC(C)COCC(C)COCC(C)COCC(C)N
313,C=C(C)C(=O)OCCOCCOCCOCCOCCOCCOCCOCCOCCOCCOCCOCCOCCOCCOCCOCCOCCOCCOCCOCCOC(=O)C(=C)C,C=C(C)C(=O)OCCOCCOCCOCCOCCOCCOCCOCCOCCOCCOCCOCCOCCOCCOCCOCCOCCOCCOCCOCC(C)(C)C(=O)OCCOCCOCCOCCOCCOCCOCCOCCOCCOCCOCCOCCOCCOCCOCCOCCOCCOCCOCCOCC(C)(C)C(=O)OCCOCCOCCOCCOCCOCCOCCOCCOCCOCCOCCOCCOCCOCCOCCOCCOCCOCCOCCOCC(C)(C)C(=O)OCCOCCOCCOCCOCC,"Here is a valid monomer pair designed with the required functionalities:
Monomer 1 (C=C): C=C(C)C(=O)OCCOCCOCCOCCOCCOCCOCCOCCOCCOCCOCCOCCOCCOCCOCCOCCOCCOCCOCCOCCOC(=O)C(=C)C
Monomer 2 (C=C): C=C(C)C(=O)OCCOCCOCCOCCOCCOCCOCCOCCOCCOCCOCCOCCOCCOCCOCCOCCOCCOCCOCCOCC(C)(C)C(=O)OCCOCCOCCOCCOCCOCCOCCOCCOCCOCCOCCOCCOCCOCCOCCOCCOCCOCCOCCOCC(C)(C)C(=O)OCCOCCOCCOCCOCCOCCOCCOCCOCCOCCOCCOCCOCCOCCOCCOCCOCCOCCOCCOCC(C)(C)C(=O)OCCOCCOCCOCCOCC",vinyl(C=C),vinyl(C=C),0.7,200,27,"Create a thermoset polymer with Tg = 200Â°C, Er = 27 MPa, and monomers featuring vinyl(C=C) in monomer1 and vinyl(C=C) in monomer2 groups.",C=C(C)C(=O)OCCOCCOCCOCCOCCOCCOCCOCCOCCOCCOCCOCCOCCOCCOCCOCCOCCOCCOCCOCCOC(=O)C(=C)C,C=C(C)C(=O)OCCOCCOCCOCCOCCOCCOCCOCCOCCOCCOCCOCCOCCOCCOCCOCCOCCOCCOCCOCC(C)(C)C(=O)OCCOCCOCCOCCOCCOCCOCCOCCOCCOCCOCCOCCOCCOCCOCCOCCOCCOCCOCCOCC(C)(C)C(=O)OCCOCCOCCOCCOCCOCCOCCOCCOCCOCCOCCOCCOCCOCCOCCOCCOCCOCCOCCOCC(C)(C)C(=O)OCCOCCOCCOCCOCC
314,C=C(C)C(=O)OCCOCCOCCOCCOCCOCCOCCOCCOCCOCCOCCOCCOCCOCCOCCOCCOCCOC(=O)C(=C)C,C=C(C)C(=O)OCCOCCOCCOCCOCCOCCOCCOCCOCCOC(=O)C(=C)C,"Here's a valid monomer pair designed with the required functionalities:
Monomer 1 (contains C=C): C=C(C)C(=O)OCCOCCOCCOCCOCCOCCOCCOCCOCCOCCOCCOCCOCCOCCOCCOCCOCCOC(=O)C(=C)C
Monomer 2 (contains C=C): C=C(C)C(=O)OCCOCCOCCOCCOCCOCCOCCOCCOCCOC(=O)C(=C)C",vinyl(C=C),vinyl(C=C),0.7,200,27,"Create a thermoset polymer with Tg = 200Â°C, Er = 27 MPa, and monomers featuring vinyl(C=C) in monomer1 and vinyl(C=C) in monomer2 groups.",C=C(C)C(=O)OCCOCCOCCOCCOCCOCCOCCOCCOCCOCCOCCOCCOCCOCCOCCOCCOCCOC(=O)C(=C)C,C=C(C)C(=O)OCCOCCOCCOCCOCCOCCOCCOCCOCCOC(=O)C(=C)C
315,C=C(C)C(=O)OCCOCCOCCOCCOCCOCCOCCOCCOCCOCCOCCOCCOCCOCCOCCOCCOCCOC(=O)C(=C)C,C=Cc1cccc(C=C)c1,"I've selected monomers containing the specified reactive groups for your polymer system:
Monomer 1 (C=C): C=C(C)C(=O)OCCOCCOCCOCCOCCOCCOCCOCCOCCOCCOCCOCCOCCOCCOCCOCCOCCOC(=O)C(=C)C
Monomer 2 (C=C): C=Cc1cccc(C=C)c1",vinyl(C=C),vinyl(C=C),0.7,200,27,"Create a thermoset polymer with Tg = 200Â°C, Er = 27 MPa, and monomers featuring vinyl(C=C) in monomer1 and vinyl(C=C) in monomer2 groups.",C=C(C)C(=O)OCCOCCOCCOCCOCCOCCOCCOCCOCCOCCOCCOCCOCCOCCOCCOCCOCCOC(=O)C(=C)C,C=Cc1cccc(C=C)c1
316,C=C(C)C(=O)OCC(O)COc2ccc(C(C)(C)c1ccc(OCC(O)COC(=O)C(=C)C)cc1)cc2,C=CCOCC(CO)(COCC=C)COCC=C,"Here's a pair of monomers fulfilling the criteria of Tg â‰ˆ 100Â°C, Er â‰ˆ 100Mpa, with C=C(C=O) and C=C groups:
Monomer 1 (C=C(C=O) groups): C=C(C)C(=O)OCC(O)COc2ccc(C(C)(C)c1ccc(OCC(O)COC(=O)C(=C)C)cc1)cc2
Monomer 2 (C=C groups): C=CCOCC(CO)(COCC=C)COCC=C",acrylate(C=C(C=O)),vinyl(C=C),0.7,100,100,"Propose two monomers that form a TSMP with Tg around 100Â°C, Er near 100 MPa, and containing acrylate(C=C(C=O)) in monomer1 and vinyl(C=C) in monomer2 groups.",C=C(C)C(=O)OCC(O)COc2ccc(C(C)(C)c1ccc(OCC(O)COC(=O)C(=C)C)cc1)cc2,C=CCOCC(CO)(COCC=C)COCC=C
317,O=C(OCC1CO1)C3CC2OC2CC3C(=O)OCC4CO4,C=Cc1cccc(C=C)c1,"Here is a pair of monomers fulfilling the criteria of Tg â‰ˆ 100Â°C, Er â‰ˆ 100Mpa, with C=C(C=O) and C=C groups:
Monomer 1 (C=C(C=O) groups): O=C(OCC1CO1)C3CC2OC2CC3C(=O)OCC4CO4
Monomer 2 (C=C groups): C=Cc1cccc(C=C)c1",acrylate(C=C(C=O)),vinyl(C=C),0.7,100,100,"Propose two monomers that form a TSMP with Tg around 100Â°C, Er near 100 MPa, and containing acrylate(C=C(C=O)) in monomer1 and vinyl(C=C) in monomer2 groups.",O=C(OCC1CO1)C3CC2OC2CC3C(=O)OCC4CO4,C=Cc1cccc(C=C)c1
318,C=C(C)C(=O)OCCOCCOCCOCCOCCOCCOCCOCCOCCOCCOCCOCCOCCOCCOCCOCCOCCOCCOCCOCCOC(=O)C(=C)C,C=CCc1ccccc1OCC(O)COC(=O)Cc3ccc(C(=O)OCC(O)COc2ccccc2CC=C)cc3,"Here's a pair of monomers fulfilling the criteria of Tg â‰ˆ 100Â°C, Er â‰ˆ 100Mpa, with C=C(C=O) and C=C groups:
Monomer 1 (C=C(C=O) groups): C=C(C)C(=O)OCCOCCOCCOCCOCCOCCOCCOCCOCCOCCOCCOCCOCCOCCOCCOCCOCCOCCOCCOCCOC(=O)C(=C)C
Monomer 2 (C=C groups): C=CCc1ccccc1OCC(O)COC(=O)Cc3ccc(C(=O)OCC(O)COc2ccccc2CC=C)cc3",acrylate(C=C(C=O)),vinyl(C=C),0.7,100,100,"Propose two monomers that form a TSMP with Tg around 100Â°C, Er near 100 MPa, and containing acrylate(C=C(C=O)) in monomer1 and vinyl(C=C) in monomer2 groups.",C=C(C)C(=O)OCCOCCOCCOCCOCCOCCOCCOCCOCCOCCOCCOCCOCCOCCOCCOCCOCCOCCOCCOCCOC(=O)C(=C)C,C=CCc1ccccc1OCC(O)COC(=O)Cc3ccc(C(=O)OCC(O)COc2ccccc2CC=C)cc3
319,O=C(OCC1CO1)C3CC2OC2CC3C(=O)OCC4CO4,C=C(C)C(=O)OCCOCCOCCOCCOCCOCCOCCOCCOCCOCCOCCOCCOCCOCCOCCOCCOCCOCCOCCOCCOC(=O)C(=C)C,"Here is a valid monomer pair designed with the required functionalities:
Monomer 1 (C=C(C=O) groups): O=C(OCC1CO1)C3CC2OC2CC3C(=O)OCC4CO4
Monomer 2 (C=C groups): C=C(C)C(=O)OCCOCCOCCOCCOCCOCCOCCOCCOCCOCCOCCOCCOCCOCCOCCOCCOCCOCCOCCOCCOC(=O)C(=C)C",acrylate(C=C(C=O)),vinyl(C=C),0.7,100,100,"Propose two monomers that form a TSMP with Tg around 100Â°C, Er near 100 MPa, and containing acrylate(C=C(C=O)) in monomer1 and vinyl(C=C) in monomer2 groups.",O=C(OCC1CO1)C3CC2OC2CC3C(=O)OCC4CO4,C=C(C)C(=O)OCCOCCOCCOCCOCCOCCOCCOCCOCCOCCOCCOCCOCCOCCOCCOCCOCCOCCOCCOCCOC(=O)C(=C)C
320,C=C(C)C(=O)OCCOCCOCCOCCOCCOCCOCCOCCOCCOCCOCCOCCOCCOCCOCCOCCOCCOC(=O)C(=C)C,C=Cc1cccc(C=C)c1,"Here's a valid monomer pair designed with the required functionalities:
Monomer 1 (rich in C=C(C=O)): C=C(C)C(=O)OCCOCCOCCOCCOCCOCCOCCOCCOCCOCCOCCOCCOCCOCCOCCOCCOCCOC(=O)C(=C)C
Monomer 2 (rich in C=C): C=Cc1cccc(C=C)c1",acrylate(C=C(C=O)),vinyl(C=C),0.7,100,100,"Propose two monomers that form a TSMP with Tg around 100Â°C, Er near 100 MPa, and containing acrylate(C=C(C=O)) in monomer1 and vinyl(C=C) in monomer2 groups.",C=C(C)C(=O)OCCOCCOCCOCCOCCOCCOCCOCCOCCOCCOCCOCCOCCOCCOCCOCCOCCOC(=O)C(=C)C,C=Cc1cccc(C=C)c1
321,C=C(C)C(=O)OCC(O)COc2ccc(C(C)(C)c1ccc(OCC(O)COC(=O)C(=C)C)cc1)cc2,C=CCOCC(COCC=C)(COCC=C)COC(=O)NCC1(C)CC(NC(=O)OCC(COCC=C)(COCC=C)COCC=C)CC(C)(C)C1,"Here's a pair of monomers fulfilling the criteria of Tg = 50Â°C, Er = 20Mpa, and containing C=C/CO groups:
Monomer 1: C=C(C)C(=O)OCC(O)COc2ccc(C(C)(C)c1ccc(OCC(O)COC(=O)C(=C)C)cc1)cc2
Monomer 2: C=CCOCC(COCC=C)(COCC=C)COC(=O)NCC1(C)CC(NC(=O)OCC(COCC=C)(COCC=C)COCC=C)CC(C)(C)C1",vinyl(C=C),hydroxyl(=O),0.7,50,20,"Generate a TSMP with Tg = 50Â°C and Er = 20 MPa, using functional groups vinyl(C=C) and hydroxyl(=O).",C=C(C)C(=O)OCC(O)COc2ccc(C(C)(C)c1ccc(OCC(O)COC(=O)C(=C)C)cc1)cc2,C=CCOCC(COCC=C)(COCC=C)COC(=O)NCC1(C)CC(NC(=O)OCC(COCC=C)(COCC=C)COCC=C)CC(C)(C)C1
322,C=C(C)C(=O)OCCOCCOCCOCCOCCOCCOCCOCCOC(=O)C(=C)C,C=C(C)C(=O)OCCOCCOCCOC(=O)C(=C)C,"Here's a pair of monomers fulfilling the criteria of Tg = 50Â°C, Er = 20Mpa, and containing C=C/CO groups:
Monomer 1: C=C(C)C(=O)OCCOCCOCCOCCOCCOCCOCCOCCOC(=O)C(=C)C
Monomer 2: C=C(C)C(=O)OCCOCCOCCOC(=O)C(=C)C",vinyl(C=C),hydroxyl(=O),0.7,50,20,"Generate a TSMP with Tg = 50Â°C and Er = 20 MPa, using functional groups vinyl(C=C) and hydroxyl(=O).",C=C(C)C(=O)OCCOCCOCCOCCOCCOCCOCCOCCOC(=O)C(=C)C,C=C(C)C(=O)OCCOCCOCCOC(=O)C(=C)C
323,C=C(C)C(=O)OCCOCCOCCOCCOCCOCCOCCOCCOCCOCCOCCOCCOCCOCCOCCOCCOCCOC(=O)C(=C)C,O=c1ccc(=O)n1c4ccc(Cc3ccc(n2c(=O)ccc2=O)cc3)cc4,"Here's a pair of monomers fulfilling the criteria of Tg = 50Â°C, Er = 20Mpa, and containing C=C/CO groups:
Monomer 1: C=C(C)C(=O)OCCOCCOCCOCCOCCOCCOCCOCCOCCOCCOCCOCCOCCOCCOCCOCCOCCOC(=O)C(=C)C
Monomer 2: O=c1ccc(=O)n1c4ccc(Cc3ccc(n2c(=O)ccc2=O)cc3)cc4",vinyl(C=C),hydroxyl(=O),0.7,50,20,"Generate a TSMP with Tg = 50Â°C and Er = 20 MPa, using functional groups vinyl(C=C) and hydroxyl(=O).",C=C(C)C(=O)OCCOCCOCCOCCOCCOCCOCCOCCOCCOCCOCCOCCOCCOCCOCCOCCOCCOC(=O)C(=C)C,O=c1ccc(=O)n1c4ccc(Cc3ccc(n2c(=O)ccc2=O)cc3)cc4
324,C=C(C)C(=O)OCCOCCOCCOCCOCCOCCOCCOCCOCCOCCOCCOCCOCCOCCOCCOCCOCCOCCOCCOCCOC(=O)C(=C)C,C=C(C)C(=O)OCCOCCOCCOCCOCCOCCOCCOCCOCCOCCOCCOCCOC(=O)C(=C)C,"Here's a TSMP that matches your request:
Monomer 1 (C=C groups): C=C(C)C(=O)OCCOCCOCCOCCOCCOCCOCCOCCOCCOCCOCCOCCOCCOCCOCCOCCOCCOCCOCCOCCOC(=O)C(=C)C
Monomer 2 ( =O groups): C=C(C)C(=O)OCCOCCOCCOCCOCCOCCOCCOCCOCCOCCOCCOCCOC(=O)C(=C)C",vinyl(C=C),hydroxyl(=O),0.7,50,20,"Generate a TSMP with Tg = 50Â°C and Er = 20 MPa, using functional groups vinyl(C=C) and hydroxyl(=O).",C=C(C)C(=O)OCCOCCOCCOCCOCCOCCOCCOCCOCCOCCOCCOCCOCCOCCOCCOCCOCCOCCOCCOCCOC(=O)C(=C)C,C=C(C)C(=O)OCCOCCOCCOCCOCCOCCOCCOCCOCCOCCOCCOCCOC(=O)C(=C)C
325,C=C(C)C(=O)OCCOCCOCCOCCOCCOCCOCCOCCOCCOCCOCCOCCOCCOCCOCCOCCOCCOCCOCCOCCOC(=O)C(=C)C,C=CC(=O)OCCn1c(=O)n(CCOC(=O)C=C)c(=O)n(CCOC(=O)C=C)c1=O,"Here's a valid monomer pair designed with the required functionalities:
Monomer 1 (rich in C=C): C=C(C)C(=O)OCCOCCOCCOCCOCCOCCOCCOCCOCCOCCOCCOCCOCCOCCOCCOCCOCCOCCOCCOCCOC(=O)C(=C)C
Monomer 2 (rich in =O): C=CC(=O)OCCn1c(=O)n(CCOC(=O)C=C)c(=O)n(CCOC(=O)C=C)c1=O",vinyl(C=C),hydroxyl(=O),0.7,50,20,"Generate a TSMP with Tg = 50Â°C and Er = 20 MPa, using functional groups vinyl(C=C) and hydroxyl(=O).",C=C(C)C(=O)OCCOCCOCCOCCOCCOCCOCCOCCOCCOCCOCCOCCOCCOCCOCCOCCOCCOCCOCCOCCOC(=O)C(=C)C,C=CC(=O)OCCn1c(=O)n(CCOC(=O)C=C)c(=O)n(CCOC(=O)C=C)c1=O
326,c1ccc3c(c1)c2ccccc2C3(c5ccc(OCCOCC4CO4)cc5)c7ccc(OCCOCC6CO6)cc7,NCCOCCOCCN,"Here's a pair of monomers fulfilling the criteria of Tg = 100Â°C, Er = 40Mpa, and containing C1OC1/NC groups:
Monomer 1: c1ccc3c(c1)c2ccccc2C3(c5ccc(OCCOCC4CO4)cc5)c7ccc(OCCOCC6CO6)cc7
Monomer 2: NCCOCCOCCN",epoxy(C1OC1),imine(NC),0.9,100,40,"Generate a TSMP with Tg = 100Â°C and Er = 40 MPa, using functional groups epoxy(C1OC1) and imine(NC).",c1ccc3c(c1)c2ccccc2C3(c5ccc(OCCOCC4CO4)cc5)c7ccc(OCCOCC6CO6)cc7,NCCOCCOCCN
327,c2cc(OCC1CO1)ccc2Cc4ccc(OCC3CO3)cc4,CC(N)COCC(C)OCC(C)OCC(C)N,"Here's a pair of monomers fulfilling the criteria of Tg = 100Â°C, Er = 40Mpa, and containing C1OC1/NC groups:
Monomer 1: c2cc(OCC1CO1)ccc2Cc4ccc(OCC3CO3)cc4
Monomer 2: CC(N)COCC(C)OCC(C)OCC(C)N",epoxy(C1OC1),imine(NC),0.9,100,40,"Generate a TSMP with Tg = 100Â°C and Er = 40 MPa, using functional groups epoxy(C1OC1) and imine(NC).",c2cc(OCC1CO1)ccc2Cc4ccc(OCC3CO3)cc4,CC(N)COCC(C)OCC(C)OCC(C)N
328,CCCCCCCCC1OC1CCCCCCCC(=O)OCC(COC(=O)CCCCCCCC2OC2CC3OC3CC4OC4CC)OC(=O)CCCCCCCC5OC5CC6OC6CC7OC7CC,CC(N)COCC(C)OCC(C)OCC(C)N,"Here is a pair of monomers fulfilling the criteria of Tg = 100Â°C, Er = 40Mpa, and containing C1OC1/NC groups:
Monomer 1: CCCCCCCCC1OC1CCCCCCCC(=O)OCC(COC(=O)CCCCCCCC2OC2CC3OC3CC4OC4CC)OC(=O)CCCCCCCC5OC5CC6OC6CC7OC7CC
Monomer 2: CC(N)COCC(C)OCC(C)OCC(C)N",epoxy(C1OC1),imine(NC),0.9,100,40,"Generate a TSMP with Tg = 100Â°C and Er = 40 MPa, using functional groups epoxy(C1OC1) and imine(NC).",CCCCCCCCC1OC1CCCCCCCC(=O)OCC(COC(=O)CCCCCCCC2OC2CC3OC3CC4OC4CC)OC(=O)CCCCCCCC5OC5CC6OC6CC7OC7CC,CC(N)COCC(C)OCC(C)OCC(C)N
329,CC(COc3ccc(C(C)(C)c2ccc(OCC(C)OCC1CO1)cc2)cc3)OCC4CO4,NCCCOCCOCCCN,"Here is a pair of monomers fulfilling the criteria of Tg = 100Â°C, Er = 40Mpa, and containing C1OC1/NC groups:
Monomer 1: CC(COc3ccc(C(C)(C)c2ccc(OCC(C)OCC1CO1)cc2)cc3)OCC4CO4
Monomer 2: NCCCOCCOCCCN",epoxy(C1OC1),imine(NC),0.9,100,40,"Generate a TSMP with Tg = 100Â°C and Er = 40 MPa, using functional groups epoxy(C1OC1) and imine(NC).",CC(COc3ccc(C(C)(C)c2ccc(OCC(C)OCC1CO1)cc2)cc3)OCC4CO4,NCCCOCCOCCCN
330,C1OC1COC3COC4C(OC2CO2)COC34,NCCNCCN(CCNCCC(CN)CCN)CCN(CCNCCN)CCN(CCN)CCN,"Here's a pair of monomers fulfilling the criteria of Tg = 100Â°C, Er = 40Mpa, and containing C1OC1/NC groups:
Monomer 1: C1OC1COC3COC4C(OC2CO2)COC34
Monomer 2: NCCNCCN(CCNCCC(CN)CCN)CCN(CCNCCN)CCN(CCN)CCN",epoxy(C1OC1),imine(NC),0.9,100,40,"Generate a TSMP with Tg = 100Â°C and Er = 40 MPa, using functional groups epoxy(C1OC1) and imine(NC).",C1OC1COC3COC4C(OC2CO2)COC34,NCCNCCN(CCNCCC(CN)CCN)CCN(CCNCCN)CCN(CCN)CCN
331,C=C(C)C(=O)OCCOCCOCCOCCOCCOCCOCCOCCOCCOCCOCCOCCOCCOCCOCCOCCOCCOCCOCCOCCOC(=O)C(=C)C,C=C(CCS)OCC(COC(=O)CCS)(COC(=O)CCS)COC(=O)CCSC(=O)NCC1(C)CC(NC(=O)SCCC(=O)OCC(COC(=O)CCS)(COC(=O)CCS)COC(=O)CCS)CC(C)(C)C1,"Here's a pair of monomers fulfilling the criteria of Tg â‰ˆ 150Â°C, Er â‰ˆ 30Mpa, and containing C=C/CCS groups:
Monomer 1 (C=C): C=C(C)C(=O)OCCOCCOCCOCCOCCOCCOCCOCCOCCOCCOCCOCCOCCOCCOCCOCCOCCOCCOCCOCCOC(=O)C(=C)C
Monomer 2 (CCS): C=C(CCS)OCC(COC(=O)CCS)(COC(=O)CCS)COC(=O)CCSC(=O)NCC1(C)CC(NC(=O)SCCC(=O)OCC(COC(=O)CCS)(COC(=O)CCS)COC(=O)CCS)CC(C)(C)C1",vinyl(C=C),thiol(CCS),0.9,150,30,"Propose two monomers that form a TSMP with Tg around 150Â°C, Er near 30 MPa, and containing vinyl(C=C) in monomer1 and thiol(CCS) in monomer2 groups.",C=C(C)C(=O)OCCOCCOCCOCCOCCOCCOCCOCCOCCOCCOCCOCCOCCOCCOCCOCCOCCOCCOCCOCCOC(=O)C(=C)C,C=C(CCS)OCC(COC(=O)CCS)(COC(=O)CCS)COC(=O)CCSC(=O)NCC1(C)CC(NC(=O)SCCC(=O)OCC(COC(=O)CCS)(COC(=O)CCS)COC(=O)CCS)CC(C)(C)C1
332,C=C(C)C(=O)OCCOCCOCCOCCOCCOCCOCCOCCOC(=O)C(=C)C,C=C(CCS)OCCn1c(=O)n(CCOC(=O)CCS)c(=O)n(CCOC(=O)CCS)c1=O,"Here's a TSMP that matches your request:
Monomer 1 (contains C=C): C=C(C)C(=O)OCCOCCOCCOCCOCCOCCOCCOCCOC(=O)C(=C)C
Monomer 2 (contains CCS): C=C(CCS)OCCn1c(=O)n(CCOC(=O)CCS)c(=O)n(CCOC(=O)CCS)c1=O",vinyl(C=C),thiol(CCS),0.9,150,30,"Propose two monomers that form a TSMP with Tg around 150Â°C, Er near 30 MPa, and containing vinyl(C=C) in monomer1 and thiol(CCS) in monomer2 groups.",C=C(C)C(=O)OCCOCCOCCOCCOCCOCCOCCOCCOC(=O)C(=C)C,C=C(CCS)OCCn1c(=O)n(CCOC(=O)CCS)c(=O)n(CCOC(=O)CCS)c1=O
333,C=C(C)C(=O)OCCOCCOCCOCCOCCOCCOCCOCCOCCOCCOCCOCCOCCOCCOCCOCCOCCOCCOCCOCCOC(=O)C(=C)C,C=C(CCS)OCC(COC(=O)CCS)(COC(=O)CCS)COC(=O)CCSC(=O)NCC1(C)CC(NC(=O)SCCC(=O)OCC(COC(=O)CCS)(COC(=O)CCS)COC(=O)CCS)CC(C)(C)C1,"Here's a valid monomer pair designed with the required functionalities:
Monomer 1 (C=C): C=C(C)C(=O)OCCOCCOCCOCCOCCOCCOCCOCCOCCOCCOCCOCCOCCOCCOCCOCCOCCOCCOCCOCCOC(=O)C(=C)C
Monomer 2 (CCS): C=C(CCS)OCC(COC(=O)CCS)(COC(=O)CCS)COC(=O)CCSC(=O)NCC1(C)CC(NC(=O)SCCC(=O)OCC(COC(=O)CCS)(COC(=O)CCS)COC(=O)CCS)CC(C)(C)C1",vinyl(C=C),thiol(CCS),0.9,150,30,"Propose two monomers that form a TSMP with Tg around 150Â°C, Er near 30 MPa, and containing vinyl(C=C) in monomer1 and thiol(CCS) in monomer2 groups.",C=C(C)C(=O)OCCOCCOCCOCCOCCOCCOCCOCCOCCOCCOCCOCCOCCOCCOCCOCCOCCOCCOCCOCCOC(=O)C(=C)C,C=C(CCS)OCC(COC(=O)CCS)(COC(=O)CCS)COC(=O)CCSC(=O)NCC1(C)CC(NC(=O)SCCC(=O)OCC(COC(=O)CCS)(COC(=O)CCS)COC(=O)CCS)CC(C)(C)C1
334,C=CCOCC(COCC=C)(COCC=C)COC(=O)NCC1(C)CC(NC(=O)OCC(COCC=C)(COCC=C)COCC=C)CC(C)(C)C1,C=C(CCS)OCCn1c(=O)n(CCOC(=O)CCS)c(=O)n(CCOC(=O)CCS)c1=O,"Here's a pair of monomers fulfilling the criteria of Tg â‰ˆ 150Â°C, Er â‰ˆ 30Mpa, and containing C=C/CCS groups:
Monomer 1 (C=C): C=CCOCC(COCC=C)(COCC=C)COC(=O)NCC1(C)CC(NC(=O)OCC(COCC=C)(COCC=C)COCC=C)CC(C)(C)C1
Monomer 2 (CCS): C=C(CCS)OCCn1c(=O)n(CCOC(=O)CCS)c(=O)n(CCOC(=O)CCS)c1=O",vinyl(C=C),thiol(CCS),0.9,150,30,"Propose two monomers that form a TSMP with Tg around 150Â°C, Er near 30 MPa, and containing vinyl(C=C) in monomer1 and thiol(CCS) in monomer2 groups.",C=CCOCC(COCC=C)(COCC=C)COC(=O)NCC1(C)CC(NC(=O)OCC(COCC=C)(COCC=C)COCC=C)CC(C)(C)C1,C=C(CCS)OCCn1c(=O)n(CCOC(=O)CCS)c(=O)n(CCOC(=O)CCS)c1=O
335,C=CC(=O)OCCn1c(=O)n(CCOC(=O)C=C)c(=O)n(CCOC(=O)C=C)c1=O,C=C(CCS)OCC(COC(=O)CCS)(COC(=O)CCS)COC(=O)CCSC(=O)NCC1(C)CC(NC(=O)SCCC(=O)OCC(COC(=O)CCS)(COC(=O)CCS)COC(=O)CCS)CC(C)(C)C1,"Here's a TSMP that matches your request:
Monomer 1 (contains C=C): C=CC(=O)OCCn1c(=O)n(CCOC(=O)C=C)c(=O)n(CCOC(=O)C=C)c1=O
Monomer 2 (contains CCS): C=C(CCS)OCC(COC(=O)CCS)(COC(=O)CCS)COC(=O)CCSC(=O)NCC1(C)CC(NC(=O)SCCC(=O)OCC(COC(=O)CCS)(COC(=O)CCS)COC(=O)CCS)CC(C)(C)C1",vinyl(C=C),thiol(CCS),0.9,150,30,"Propose two monomers that form a TSMP with Tg around 150Â°C, Er near 30 MPa, and containing vinyl(C=C) in monomer1 and thiol(CCS) in monomer2 groups.",C=CC(=O)OCCn1c(=O)n(CCOC(=O)C=C)c(=O)n(CCOC(=O)C=C)c1=O,C=C(CCS)OCC(COC(=O)CCS)(COC(=O)CCS)COC(=O)CCSC(=O)NCC1(C)CC(NC(=O)SCCC(=O)OCC(COC(=O)CCS)(COC(=O)CCS)COC(=O)CCS)CC(C)(C)C1
336,C=C(C)C(=O)OCCOCCOCCOCCOCCOCCOCCOCCOCCOCCOCCOCCOCCOCCOCCOCCOCCOC(=O)C(=C)C,C=CCOCC(CO)(COCC=C)COCC=C,"Here's a pair of monomers fulfilling the criteria of Tg = 200Â°C, Er = 27Mpa, and containing C=C groups:
Monomer 1: C=C(C)C(=O)OCCOCCOCCOCCOCCOCCOCCOCCOCCOCCOCCOCCOCCOCCOCCOCCOCCOC(=O)C(=C)C
Monomer 2: C=CCOCC(CO)(COCC=C)COCC=C",vinyl(C=C),vinyl(C=C),0.9,200,27,"Generate a TSMP with Tg = 200Â°C and Er = 27 MPa, using functional groups vinyl(C=C) and vinyl(C=C).",C=C(C)C(=O)OCCOCCOCCOCCOCCOCCOCCOCCOCCOCCOCCOCCOCCOCCOCCOCCOCCOC(=O)C(=C)C,C=CCOCC(CO)(COCC=C)COCC=C
337,C=C(C)C(=O)OCCOCCOCCOCCOCCOCCOCCOCCOCCOCCOCCOCCOCCOCCOCCOCCOCCOCCOCCOCCOC(=O)C(=C)C,C=C(C)C(=O)OCCOCCOCCOCCOCCOCCOCCOCCOCCOCCOCCOCCOCCOCCOCCOCCOCCOCCOCCOCCOCC(C)C(=O)OCCOCCOCCOCCOCCOCCOCCOCCOCCOCCOCCOCCOCCOCCOCCOCCOCCOCCOCCOCCOCC(C)C(=O)OCCOCCOCCOCCOCCOCCOCCOCCOCCOCCOCCOCCOCCOCCOCCOCCOCCOCCOCCOCCOCC(C)C,"Here's a pair of monomers fulfilling the criteria of Tg = 200Â°C, Er = 27Mpa, and containing vinyl groups:
Monomer 1: C=C(C)C(=O)OCCOCCOCCOCCOCCOCCOCCOCCOCCOCCOCCOCCOCCOCCOCCOCCOCCOCCOCCOCCOC(=O)C(=C)C
Monomer 2: C=C(C)C(=O)OCCOCCOCCOCCOCCOCCOCCOCCOCCOCCOCCOCCOCCOCCOCCOCCOCCOCCOCCOCCOCC(C)C(=O)OCCOCCOCCOCCOCCOCCOCCOCCOCCOCCOCCOCCOCCOCCOCCOCCOCCOCCOCCOCCOCC(C)C(=O)OCCOCCOCCOCCOCCOCCOCCOCCOCCOCCOCCOCCOCCOCCOCCOCCOCCOCCOCCOCCOCC(C)C",vinyl(C=C),vinyl(C=C),0.9,200,27,"Generate a TSMP with Tg = 200Â°C and Er = 27 MPa, using functional groups vinyl(C=C) and vinyl(C=C).",C=C(C)C(=O)OCCOCCOCCOCCOCCOCCOCCOCCOCCOCCOCCOCCOCCOCCOCCOCCOCCOCCOCCOCCOC(=O)C(=C)C,C=C(C)C(=O)OCCOCCOCCOCCOCCOCCOCCOCCOCCOCCOCCOCCOCCOCCOCCOCCOCCOCCOCCOCCOCC(C)C(=O)OCCOCCOCCOCCOCCOCCOCCOCCOCCOCCOCCOCCOCCOCCOCCOCCOCCOCCOCCOCCOCC(C)C(=O)OCCOCCOCCOCCOCCOCCOCCOCCOCCOCCOCCOCCOCCOCCOCCOCCOCCOCCOCCOCCOCC(C)C
338,C=C(C)C(=O)OCCOCCOCCOCCOCCOCCOCCOCCOCCOCCOCCOCCOCCOCCOCCOCCOCCOCCOCCOCCOCC(C)C(=O)OCCOCCOCCOCCOCCOCCOCCOCCOCCOCCOCCOCCOCCOCCOCCOCCOCCOCCOCCOCCOCC(C)C(=O)OCCOCCOCCOCCOCCOCCOCCOCCOCCOCCOCCOCCOCCOCCOCCOCCOCCOCCOCCOCCOCC(C)C,C=C(C)C(=O)OCCOCCOCCOC(=O)C(=C)C,"Here's a pair of monomers fulfilling the criteria of Tg = 200Â°C, Er = 27Mpa, and containing C=C groups:
Monomer 1: C=CCOCC(CO)(COCC=C)COCC=C
Monomer 2: C=C(C)C(=O)OCCOCCOCCOC(=O)C(=C)C",vinyl(C=C),vinyl(C=C),0.9,200,27,"Generate a TSMP with Tg = 200Â°C and Er = 27 MPa, using functional groups vinyl(C=C) and vinyl(C=C).",C=C(C)C(=O)OCCOCCOCCOCCOCCOCCOCCOCCOCCOCCOCCOCCOCCOCCOCCOCCOCCOCCOCCOCCOCC(C)C(=O)OCCOCCOCCOCCOCCOCCOCCOCCOCCOCCOCCOCCOCCOCCOCCOCCOCCOCCOCCOCCOCC(C)C(=O)OCCOCCOCCOCCOCCOCCOCCOCCOCCOCCOCCOCCOCCOCCOCCOCCOCCOCCOCCOCCOCC(C)C,C=C(C)C(=O)OCCOCCOCCOC(=O)C(=C)C
339,C=CCOCC(CO)(COCC=C)COCC=C,C=C(C)C(=O)OCCOCCOCCOCCOCCOCCOCCOCCOCCOCCOCCOCCOC(=O)C(=C)C,"Here is a pair of monomers containing vinyl groups designed for Tg â‰ˆ 200Â°C and Er â‰ˆ 27Mpa:
Monomer 1: C=CCOCC(CO)(COCC=C)COCC=C
Monomer 2: C=C(C)C(=O)OCCOCCOCCOCCOCCOCCOCCOCCOCCOCCOCCOCCOC(=O)C(=C)C",vinyl(C=C),vinyl(C=C),0.9,200,27,"Generate a TSMP with Tg = 200Â°C and Er = 27 MPa, using functional groups vinyl(C=C) and vinyl(C=C).",C=CCOCC(CO)(COCC=C)COCC=C,C=C(C)C(=O)OCCOCCOCCOCCOCCOCCOCCOCCOCCOCCOCCOCCOC(=O)C(=C)C
340,C=C(C)C(=O)OCCOCCOCCOCCOCCOCCOCCOCCOCCOCCOCCOCCOCCOCCOCCOCCOCCOCCOCCOCCOCCOCCOCCOCCOCCOCCOCCOCCOCCOC(=O)C(=C)C,C=CCc1ccccc1OCC(O)COC(=O)Cc3ccc(C(=O)OCC(O)COc2ccccc2CC=C)cc3,"Here's a pair of monomers fulfilling the criteria of Tg = 200Â°C, Er = 27Mpa, and containing C=C groups:
Monomer 1: C=C(C)C(=O)OCCOCCOCCOCCOCCOCCOCCOCCOCCOCCOCCOCCOCCOCCOCCOCCOCCOCCOCCOCCOCCOCCOCCOCCOCCOCCOCCOCCOCCOC(=O)C(=C)C
Monomer 2: C=CCc1ccccc1OCC(O)COC(=O)Cc3ccc(C(=O)OCC(O)COc2ccccc2CC=C)cc3",vinyl(C=C),vinyl(C=C),0.9,200,27,"Generate a TSMP with Tg = 200Â°C and Er = 27 MPa, using functional groups vinyl(C=C) and vinyl(C=C).",C=C(C)C(=O)OCCOCCOCCOCCOCCOCCOCCOCCOCCOCCOCCOCCOCCOCCOCCOCCOCCOCCOCCOCCOCCOCCOCCOCCOCCOCCOCCOCCOCCOC(=O)C(=C)C,C=CCc1ccccc1OCC(O)COC(=O)Cc3ccc(C(=O)OCC(O)COc2ccccc2CC=C)cc3
341,C=C(C)C(=O)OCCOCCOCCOCCOCCOCCOCCOCCOC(=O)C(=C)C,C=CCOCC(COCC=C)(COCC=C)COC(=O)NCC1(C)CC(NC(=O)OCC(COCC=C)(COCC=C)COCC=C)CC(C)(C)C1,"Here's a pair of monomers fulfilling the criteria of Tg = 100Â°C, Er = 100Mpa, and containing C=C(C=O) in Monomer 1, C=C in Monomer 2:
Monomer 1 (C=C(C=O)): C=C(C)C(=O)OCCOCCOCCOCCOCCOCCOCCOCCOC(=O)C(=C)C
Monomer 2 (C=C): C=CCOCC(COCC=C)(COCC=C)COC(=O)NCC1(C)CC(NC(=O)OCC(COCC=C)(COCC=C)COCC=C)CC(C)(C)C1",acrylate(C=C(C=O)),vinyl(C=C),0.9,100,100,"Create a thermoset polymer with Tg = 100Â°C, Er = 100 MPa, and monomers featuring acrylate(C=C(C=O)) in monomer1 and vinyl(C=C) in monomer2 groups.",C=C(C)C(=O)OCCOCCOCCOCCOCCOCCOCCOCCOC(=O)C(=C)C,C=CCOCC(COCC=C)(COCC=C)COC(=O)NCC1(C)CC(NC(=O)OCC(COCC=C)(COCC=C)COCC=C)CC(C)(C)C1
342,C=C(C)C(=O)OCCOCCOCCOCCOCCOCCOCCOCCOC(=O)C(=C)C,C=CCOCC(COCC=C)(COCC=C)COC(=O)NCC1(C)CC(NC(=O)OCC(COCC=C)(COCC=C)COCC=C)CC(C)(C)C1,"Here's a valid monomer pair designed with the required functionalities:
Monomer 1 (C=C(C=O)): C=C(C)C(=O)OCCOCCOCCOCCOCCOCCOCCOCCOC(=O)C(=C)C
Monomer 2 (C=C): C=CCOCC(COCC=C)(COCC=C)COC(=O)NCC1(C)CC(NC(=O)OCC(COCC=C)(COCC=C)COCC=C)CC(C)(C)C1",acrylate(C=C(C=O)),vinyl(C=C),0.9,100,100,"Create a thermoset polymer with Tg = 100Â°C, Er = 100 MPa, and monomers featuring acrylate(C=C(C=O)) in monomer1 and vinyl(C=C) in monomer2 groups.",C=C(C)C(=O)OCCOCCOCCOCCOCCOCCOCCOCCOC(=O)C(=C)C,C=CCOCC(COCC=C)(COCC=C)COC(=O)NCC1(C)CC(NC(=O)OCC(COCC=C)(COCC=C)COCC=C)CC(C)(C)C1
343,CC(C)(c2ccc(OCCOCCOCCOC1CO1)cc2)c4ccc(OCCOCCOCCOC3CO3)cc4,O=c1n(CCS)c(=O)n(CCS)c(=O)n1CCS,"Here's a pair of monomers fulfilling the criteria of Tg = 100Â°C, Er = 100Mpa, and containing C=C(C=O) in Monomer 1, C=C in Monomer 2:
Monomer 1: CC(C)(c2ccc(OCCOCCOCCOC1CO1)cc2)c4ccc(OCCOCCOCCOC3CO3)cc4
Monomer 2: O=c1n(CCS)c(=O)n(CCS)c(=O)n1CCS",acrylate(C=C(C=O)),vinyl(C=C),0.9,100,100,"Create a thermoset polymer with Tg = 100Â°C, Er = 100 MPa, and monomers featuring acrylate(C=C(C=O)) in monomer1 and vinyl(C=C) in monomer2 groups.",CC(C)(c2ccc(OCCOCCOCCOC1CO1)cc2)c4ccc(OCCOCCOCCOC3CO3)cc4,O=c1n(CCS)c(=O)n(CCS)c(=O)n1CCS
344,C=C(C)C(=O)OCCOCCOCCOCCOCCOCCOCCOCCOCCOCCOCCOCCOCCOCCOCCOCCOCCOC(=O)C(=C)C,C=CCOCC(CO)(COCC=C)COCC=C,"Here's a valid monomer pair designed with the required functionalities:
Monomer 1 (C=C(C=O) groups): C=C(C)C(=O)OCCOCCOCCOCCOCCOCCOCCOCCOCCOCCOCCOCCOCCOCCOCCOCCOCCOC(=O)C(=C)C
Monomer 2 (C=C groups): C=CCOCC(CO)(COCC=C)COCC=C",acrylate(C=C(C=O)),vinyl(C=C),0.9,100,100,"Create a thermoset polymer with Tg = 100Â°C, Er = 100 MPa, and monomers featuring acrylate(C=C(C=O)) in monomer1 and vinyl(C=C) in monomer2 groups.",C=C(C)C(=O)OCCOCCOCCOCCOCCOCCOCCOCCOCCOCCOCCOCCOCCOCCOCCOCCOCCOC(=O)C(=C)C,C=CCOCC(CO)(COCC=C)COCC=C
345,C=C(C)C(=O)OCC(O)COc2ccc(C(C)(C)c1ccc(OCC(O)COC(=O)C(=C)C)cc1)cc2,C=Cc1cccc(C=C)c1,"Here's a pair of monomers fulfilling the criteria of Tg = 100Â°C, Er = 100Mpa, and containing C=C(C=O) in Monomer 1, C=C in Monomer 2:
Monomer 1: C=C(C)C(=O)OCC(O)COc2ccc(C(C)(C)c1ccc(OCC(O)COC(=O)C(=C)C)cc1)cc2
Monomer 2: C=Cc1cccc(C=C)c1",acrylate(C=C(C=O)),vinyl(C=C),0.9,100,100,"Create a thermoset polymer with Tg = 100Â°C, Er = 100 MPa, and monomers featuring acrylate(C=C(C=O)) in monomer1 and vinyl(C=C) in monomer2 groups.",C=C(C)C(=O)OCC(O)COc2ccc(C(C)(C)c1ccc(OCC(O)COC(=O)C(=C)C)cc1)cc2,C=Cc1cccc(C=C)c1
346,C=CCc1ccccc1OCC(O)COC(=O)Cc3ccc(C(=O)OCC(O)COc2ccccc2CC=C)cc3,CC(=O)OCCOCCOCCOCCOCCOCCOCCOCCOCCOCCOCCOCCOCCOCCOCCOCCOCCOCCOCCOCCOC(=O)C(C)=O,"Here's a TSMP that matches your request:
Monomer 1 (C=C): C=CCc1ccccc1OCC(O)COC(=O)Cc3ccc(C(=O)OCC(O)COc2ccccc2CC=C)cc3
Monomer 2 (O=C): CC(=O)OCCOCCOCCOCCOCCOCCOCCOCCOCCOCCOCCOCCOCCOCCOCCOCCOCCOCCOCCOCCOC(=O)C(C)=O",vinyl(C=C),hydroxyl(=O),0.9,50,20,"Suggest a TSMP system that satisfies Tg = 50Â°C and Er = 20 MPa, incorporating vinyl(C=C) and hydroxyl(=O) functionalities.",C=CCc1ccccc1OCC(O)COC(=O)Cc3ccc(C(=O)OCC(O)COc2ccccc2CC=C)cc3,CC(=O)OCCOCCOCCOCCOCCOCCOCCOCCOCCOCCOCCOCCOCCOCCOCCOCCOCCOCCOCCOCCOC(=O)C(C)=O
347,C=C(C)C(=O)OCCOCCOCCOCCOCCOCCOCCOCCOCCOCCOCCOCCOC(=O)C(=C)C,O=c1ccc(=O)n1c4ccc(Cc3ccc(n2c(=O)ccc2=O)cc3)cc4,"Here's a valid monomer pair designed with the required functionalities:
Monomer 1 (rich in C=C): C=C(C)C(=O)OCCOCCOCCOCCOCCOCCOCCOCCOCCOCCOCCOCCOC(=O)C(=C)C
Monomer 2 (rich in =O): O=c1ccc(=O)n1c4ccc(Cc3ccc(n2c(=O)ccc2=O)cc3)cc4",vinyl(C=C),hydroxyl(=O),0.9,50,20,"Suggest a TSMP system that satisfies Tg = 50Â°C and Er = 20 MPa, incorporating vinyl(C=C) and hydroxyl(=O) functionalities.",C=C(C)C(=O)OCCOCCOCCOCCOCCOCCOCCOCCOCCOCCOCCOCCOC(=O)C(=C)C,O=c1ccc(=O)n1c4ccc(Cc3ccc(n2c(=O)ccc2=O)cc3)cc4
348,C=C(C)C(=C)OCOCCOC(=O)C(=C)C,C=C(C)C(=O)OCCOCCOCCOCCOCCOCCOCCOCCOCCOCCOCCOCCOC(=O)C(=C)C,"Here is a valid monomer pair designed with the required functionalities:
Monomer 1 (rich in C=C): C=C(C)C(=C)OCOCCOC(=O)C(=C)C
Monomer 2 (rich in =O): C=C(C)C(=O)OCCOCCOCCOCCOCCOCCOCCOCCOCCOCCOCCOCCOC(=O)C(=C)C",vinyl(C=C),hydroxyl(=O),0.9,50,20,"Suggest a TSMP system that satisfies Tg = 50Â°C and Er = 20 MPa, incorporating vinyl(C=C) and hydroxyl(=O) functionalities.",C=C(C)C(=C)OCOCCOC(=O)C(=C)C,C=C(C)C(=O)OCCOCCOCCOCCOCCOCCOCCOCCOCCOCCOCCOCCOC(=O)C(=C)C
349,C=CCc1ccccc1OCC(O)COC(=O)CCCCC(=O)OCC(O)COc2ccccc2CC=C,O=c1ccc(=O)n1c4ccc(Cc3ccc(n2c(=O)ccc2=O)cc3)cc4,"Here's a pair of monomers fulfilling the criteria of Tg = 50Â°C, Er = 20Mpa, and containing C=C/CO groups:
Monomer 1: C=CCc1ccccc1OCC(O)COC(=O)CCCCC(=O)OCC(O)COc2ccccc2CC=C
Monomer 2: O=c1ccc(=O)n1c4ccc(Cc3ccc(n2c(=O)ccc2=O)cc3)cc4",vinyl(C=C),hydroxyl(=O),0.9,50,20,"Suggest a TSMP system that satisfies Tg = 50Â°C and Er = 20 MPa, incorporating vinyl(C=C) and hydroxyl(=O) functionalities.",C=CCc1ccccc1OCC(O)COC(=O)CCCCC(=O)OCC(O)COc2ccccc2CC=C,O=c1ccc(=O)n1c4ccc(Cc3ccc(n2c(=O)ccc2=O)cc3)cc4
350,C=CCc1ccccc1OCC(O)COC(=O)CCCCC(=O)OCC(O)COc2ccccc2CC=C,C=C(C)C(=O)OCCOCCOCCOCCOCCOCCOCCOCCOCCOCCOCCOCCOCCOCCOCCOCCOCCOCCOCCOCCOC(=O)C(=C)C,"Here's a valid monomer pair designed with the required functionalities:
Monomer 1 (rich in C=C): C=CCc1ccccc1OCC(O)COC(=O)CCCCC(=O)OCC(O)COc2ccccc2CC=C
Monomer 2 (rich in =O): C=C(C)C(=O)OCCOCCOCCOCCOCCOCCOCCOCCOCCOCCOCCOCCOCCOCCOCCOCCOCCOCCOCCOCCOC(=O)C(=C)C",vinyl(C=C),hydroxyl(=O),0.9,50,20,"Suggest a TSMP system that satisfies Tg = 50Â°C and Er = 20 MPa, incorporating vinyl(C=C) and hydroxyl(=O) functionalities.",C=CCc1ccccc1OCC(O)COC(=O)CCCCC(=O)OCC(O)COc2ccccc2CC=C,C=C(C)C(=O)OCCOCCOCCOCCOCCOCCOCCOCCOCCOCCOCCOCCOCCOCCOCCOCCOCCOCCOCCOCCOC(=O)C(=C)C
351,CC(C/C=C\\CC(=O)OCC(O)COc3ccc(C(C)(C)c2ccc(OCC1CO1)cc2)cc3)C(=O)OCC(O)COc6ccc(C(C)(C)c5ccc(OCC4CO4)cc5)cc6,NCCOCCOCCN,"Here's a pair of monomers fulfilling the criteria of Tg = 100Â°C, Er = 40Mpa, and containing C1OC1/NC groups:
Monomer 1: CC(C/C=C\CC(=O)OCC(O)COc3ccc(C(C)(C)c2ccc(OCC1CO1)cc2)cc3)C(=O)OCC(O)COc6ccc(C(C)(C)c5ccc(OCC4CO4)cc5)cc6
Monomer 2: NCCOCCOCCN",epoxy(C1OC1),imine(NC),1,100,40,"Suggest a TSMP system that satisfies Tg = 100Â°C and Er = 40 MPa, incorporating epoxy(C1OC1) and imine(NC) functionalities.",CC(C/C=C\\CC(=O)OCC(O)COc3ccc(C(C)(C)c2ccc(OCC1CO1)cc2)cc3)C(=O)OCC(O)COc6ccc(C(C)(C)c5ccc(OCC4CO4)cc5)cc6,NCCOCCOCCN
352,c2cc(OCC1CO1)ccc2Cc4ccc(OCC3CO3)cc4,NCCCOCCOCCCN,"Here's a TSMP that matches the required properties and functional groups:
Monomer 1 (rich in C1OC1): c2cc(OCC1CO1)ccc2Cc4ccc(OCC3CO3)cc4
Monomer 2 (rich in NC): NCCCOCCOCCCN",epoxy(C1OC1),imine(NC),1,100,40,"Suggest a TSMP system that satisfies Tg = 100Â°C and Er = 40 MPa, incorporating epoxy(C1OC1) and imine(NC) functionalities.",c2cc(OCC1CO1)ccc2Cc4ccc(OCC3CO3)cc4,NCCCOCCOCCCN
353,c3cc(N(CC1CC1)CC2CO2)ccc3OCC4CO4,NCCOCCOCCN,"The following monomers feature your desired functional groups and adhere to the requested properties:
Monomer 1 (C1OC1): c3cc(N(CC1CC1)CC2CO2)ccc3OCC4CO4
Monomer 2 (NC): NCCOCCOCCN",epoxy(C1OC1),imine(NC),1,100,40,"Suggest a TSMP system that satisfies Tg = 100Â°C and Er = 40 MPa, incorporating epoxy(C1OC1) and imine(NC) functionalities.",c3cc(N(CC1CC1)CC2CO2)ccc3OCC4CO4,NCCOCCOCCN
354,C1OC1COC3COC4C(OC2CO2)COC34,NCCNCCN(CCNCCC(CN)CCN)CCN(CCNCCN)CCN(CCN)CCN,"Here's a TSMP that matches your request:
Monomer 1 (C1OC1): C1OC1COC3COC4C(OC2CO2)COC34
Monomer 2 (NC): NCCNCCN(CCNCCC(CN)CCN)CCN(CCNCCN)CCN(CCN)CCN",epoxy(C1OC1),imine(NC),1,100,40,"Suggest a TSMP system that satisfies Tg = 100Â°C and Er = 40 MPa, incorporating epoxy(C1OC1) and imine(NC) functionalities.",C1OC1COC3COC4C(OC2CO2)COC34,NCCNCCN(CCNCCC(CN)CCN)CCN(CCNCCN)CCN(CCN)CCN
355,CC(C)(c2ccc(OCCOCCOCCOC1CO1)cc2)c4ccc(OCCOCCOCCC3CO3)cc4,NCc1cccc(CN)c1,"Here is a valid monomer pair designed with the required functionalities:
Monomer 1 (rich in C1OC1): CC(C)(c2ccc(OCCOCCOCCOC1CO1)cc2)c4ccc(OCCOCCOCCC3CO3)cc4
Monomer 2 (rich in NC): NCc1cccc(CN)c1",epoxy(C1OC1),imine(NC),1,100,40,"Suggest a TSMP system that satisfies Tg = 100Â°C and Er = 40 MPa, incorporating epoxy(C1OC1) and imine(NC) functionalities.",CC(C)(c2ccc(OCCOCCOCCOC1CO1)cc2)c4ccc(OCCOCCOCCC3CO3)cc4,NCc1cccc(CN)c1
356,C=C(C)C(=O)OCCOCCOCCOCCOCCOCCOCCOCCOCCOCCOCCOCCOCCOCCOCCOCCOCCOCCOCCOCCOC(=O)C(=C)C,C=C(CCS)OCC(COC(=O)CCS)(COC(=O)CCS)COC(=O)CCSC(=O)NCC1(C)CC(NC(=O)SCCC(=O)OCC(COC(=O)CCS)(COC(=O)CCS)COC(=O)CCS)CC(C)(C)C1,"Here's a pair of monomers fulfilling the criteria of Tg = 150Â°C, Er = 30Mpa, and containing C=C/CCS groups:
Monomer 1: C=C(C)C(=O)OCCOCCOCCOCCOCCOCCOCCOCCOCCOCCOCCOCCOCCOCCOCCOCCOCCOCCOCCOCCOC(=O)C(=C)C
Monomer 2: C=C(CCS)OCC(COC(=O)CCS)(COC(=O)CCS)COC(=O)CCSC(=O)NCC1(C)CC(NC(=O)SCCC(=O)OCC(COC(=O)CCS)(COC(=O)CCS)COC(=O)CCS)CC(C)(C)C1",vinyl(C=C),thiol(CCS),1,150,30,"Generate a TSMP with Tg = 150Â°C and Er = 30 MPa, using functional groups vinyl(C=C) and thiol(CCS).",C=C(C)C(=O)OCCOCCOCCOCCOCCOCCOCCOCCOCCOCCOCCOCCOCCOCCOCCOCCOCCOCCOCCOCCOC(=O)C(=C)C,C=C(CCS)OCC(COC(=O)CCS)(COC(=O)CCS)COC(=O)CCSC(=O)NCC1(C)CC(NC(=O)SCCC(=O)OCC(COC(=O)CCS)(COC(=O)CCS)COC(=O)CCS)CC(C)(C)C1
357,C=C(C)C(=O)OCCOCCOCCOCCOCCOCCOCCOCCOCCOCCOCCOCCOCCOCCOCCOCCOCCOCCOCCOCCOC(=O)C(=C)C,C=C(CCS)OCCn1c(=O)n(CCOC(=O)CCS)c(=O)n(CCOC(=O)CCS)c1=O,"Here's a pair of monomers fulfilling the criteria of Tg = 150Â°C, Er = 30Mpa, and containing vinyl(C=C)/thiol(CCS):
Monomer 1 (rich in C=C): C=C(C)C(=O)OCCOCCOCCOCCOCCOCCOCCOCCOCCOCCOCCOCCOCCOCCOCCOCCOCCOCCOCCOCCOC(=O)C(=C)C
Monomer 2 (rich in CCS): C=C(CCS)OCCn1c(=O)n(CCOC(=O)CCS)c(=O)n(CCOC(=O)CCS)c1=O",vinyl(C=C),thiol(CCS),1,150,30,"Generate a TSMP with Tg = 150Â°C and Er = 30 MPa, using functional groups vinyl(C=C) and thiol(CCS).",C=C(C)C(=O)OCCOCCOCCOCCOCCOCCOCCOCCOCCOCCOCCOCCOCCOCCOCCOCCOCCOCCOCCOCCOC(=O)C(=C)C,C=C(CCS)OCCn1c(=O)n(CCOC(=O)CCS)c(=O)n(CCOC(=O)CCS)c1=O
358,C=CCc1ccccc1OCC(O)COC(=O)Cc3ccc(C(=O)OCC(O)COc2ccccc2CC=C)cc3,C=C(CCS)OCC(COC(=O)CCS)(COC(=O)CCS)COC(=O)CCSC(=O)NCC1(C)CC(NC(=O)SCCC(=O)OCC(COC(=O)CCS)(COC(=O)CCS)COC(=O)CCS)CC(C)(C)C1,"Here is a pair of monomers fulfilling the criteria of Tg = 150Â°C, Er = 30Mpa, and containing vinyl(C=C)/thiol(CCS):
Monomer 1 (C=C): C=CCc1ccccc1OCC(O)COC(=O)Cc3ccc(C(=O)OCC(O)COc2ccccc2CC=C)cc3
Monomer 2 (CCS): C=C(CCS)OCC(COC(=O)CCS)(COC(=O)CCS)COC(=O)CCSC(=O)NCC1(C)CC(NC(=O)SCCC(=O)OCC(COC(=O)CCS)(COC(=O)CCS)COC(=O)CCS)CC(C)(C)C1",vinyl(C=C),thiol(CCS),1,150,30,"Generate a TSMP with Tg = 150Â°C and Er = 30 MPa, using functional groups vinyl(C=C) and thiol(CCS).",C=CCc1ccccc1OCC(O)COC(=O)Cc3ccc(C(=O)OCC(O)COc2ccccc2CC=C)cc3,C=C(CCS)OCC(COC(=O)CCS)(COC(=O)CCS)COC(=O)CCSC(=O)NCC1(C)CC(NC(=O)SCCC(=O)OCC(COC(=O)CCS)(COC(=O)CCS)COC(=O)CCS)CC(C)(C)C1
359,C=CCc1ccccc1OCC(O)COC(=O)Cc3ccc(C(=O)OCC(O)COc2ccccc2CC=C)cc3,C=C(CCS)OCCn1c(=O)n(CCOC(=O)CCS)c(=O)n(CCOC(=O)CCS)c1=O,"Here's a pair of monomers fulfilling the criteria of Tg = 150Â°C, Er = 30Mpa, and containing vinyl(C=C)/thiol(CCS):
Monomer 1: C=CCc1ccccc1OCC(O)COC(=O)Cc3ccc(C(=O)OCC(O)COc2ccccc2CC=C)cc3
Monomer 2: C=C(CCS)OCCn1c(=O)n(CCOC(=O)CCS)c(=O)n(CCOC(=O)CCS)c1=O",vinyl(C=C),thiol(CCS),1,150,30,"Generate a TSMP with Tg = 150Â°C and Er = 30 MPa, using functional groups vinyl(C=C) and thiol(CCS).",C=CCc1ccccc1OCC(O)COC(=O)Cc3ccc(C(=O)OCC(O)COc2ccccc2CC=C)cc3,C=C(CCS)OCCn1c(=O)n(CCOC(=O)CCS)c(=O)n(CCOC(=O)CCS)c1=O
360,C=C(C)C(=O)OCCOCCOCCOCCOCCOCCOCCOCCOCCOCCOCCOCCOCCOCCOCCOCCOCCOCCOCCOCCOC(=O)C(=C)C,C=C(CCS)OCCn1c(=O)n(CCOC(=O)CCS)c(=O)n(CCOC(=O)CCS)c1=O,"Here is a TSMP that matches your request:
Monomer 1 (contains C=C): C=C(C)C(=O)OCCOCCOCCOCCOCCOCCOCCOCCOCCOCCOCCOCCOCCOCCOCCOCCOCCOCCOCCOCCOC(=O)C(=C)C
Monomer 2 (contains CCS): C=C(CCS)OCCn1c(=O)n(CCOC(=O)CCS)c(=O)n(CCOC(=O)CCS)c1=O",vinyl(C=C),thiol(CCS),1,150,30,"Generate a TSMP with Tg = 150Â°C and Er = 30 MPa, using functional groups vinyl(C=C) and thiol(CCS).",C=C(C)C(=O)OCCOCCOCCOCCOCCOCCOCCOCCOCCOCCOCCOCCOCCOCCOCCOCCOCCOCCOCCOCCOC(=O)C(=C)C,C=C(CCS)OCCn1c(=O)n(CCOC(=O)CCS)c(=O)n(CCOC(=O)CCS)c1=O
361,C=CCc1ccccc1OCC(O)COC(=O)CCCCC(=O)OCC(O)COc2ccccc2CC=C,C=C(C)C(=O)OCCOCCOCCOC(=O)C(=C)C,"Here's a pair of monomers fulfilling the criteria of Tg = 200Â°C, Er = 27Mpa, and containing C=C groups:
Monomer 1: C=CCc1ccccc1OCC(O)COC(=O)CCCCC(=O)OCC(O)COc2ccccc2CC=C
Monomer 2: C=C(C)C(=O)OCCOCCOCCOC(=O)C(=C)C",vinyl(C=C),vinyl(C=C),1,200,27,Design a shape memory polymer with Tg â‰ˆ 200Â°C and Er â‰ˆ 27 MPa that includes vinyl(C=C) and vinyl(C=C) groups.,C=CCc1ccccc1OCC(O)COC(=O)CCCCC(=O)OCC(O)COc2ccccc2CC=C,C=C(C)C(=O)OCCOCCOCCOC(=O)C(=C)C
362,O=c1ccc(=O)n1c4ccc(Cc3ccc(n2c(=O)ccc2=O)cc3)cc4,O=c1cccc(C=C)cccc1O,"Here's a valid monomer pair designed with the required functionalities:
Monomer 1 (rich in C=C): O=c1ccc(=O)n1c4ccc(Cc3ccc(n2c(=O)ccc2=O)cc3)cc4
Monomer 2 (rich in C=C): O=c1cccc(C=C)cccc1O",vinyl(C=C),vinyl(C=C),1,200,27,Design a shape memory polymer with Tg â‰ˆ 200Â°C and Er â‰ˆ 27 MPa that includes vinyl(C=C) and vinyl(C=C) groups.,O=c1ccc(=O)n1c4ccc(Cc3ccc(n2c(=O)ccc2=O)cc3)cc4,O=c1cccc(C=C)cccc1O
363,C=CC(=O)OCCn1c(=O)n(CCOC(=O)C=C)c(=O)n(CCOC(=O)C=C)c1=O,O=c1ccc(=O)n1c4ccc(Cc3ccc(n2c(=O)ccc2=O)cc3)cc4,"Here's a pair of monomers fulfilling the criteria of Tg = 200Â°C, Er = 27Mpa, and containing C=C groups:
Monomer 1: C=CC(=O)OCCn1c(=O)n(CCOC(=O)C=C)c(=O)n(CCOC(=O)C=C)c1=O
Monomer 2: O=c1ccc(=O)n1c4ccc(Cc3ccc(n2c(=O)ccc2=O)cc3)cc4",vinyl(C=C),vinyl(C=C),1,200,27,Design a shape memory polymer with Tg â‰ˆ 200Â°C and Er â‰ˆ 27 MPa that includes vinyl(C=C) and vinyl(C=C) groups.,C=CC(=O)OCCn1c(=O)n(CCOC(=O)C=C)c(=O)n(CCOC(=O)C=C)c1=O,O=c1ccc(=O)n1c4ccc(Cc3ccc(n2c(=O)ccc2=O)cc3)cc4
364,C=C(C)C(=O)OCCOCCOCCOCCOCCOCCOCCOCCOCCOCCOCCOCCOC(=O)C(=C)C,C=C(C)C(=C)COC(=O)CCCCCC(COC(=O)CCCCCC(COC(=O)CCCCCC(COC(=O)CCCCCC(COC(=O)CCCCCC(COC(=O)CCCCCC(COC(=O)CCCCCC(COC(=O)CCCCCC(COC(=O)CCCCCC(COC(=O)CCCCCC(COC(=O)CCCCCC(COC(=O)CCCCCC(COC(=O)CCCCCC(COC(=O)CCCCCC(COC(=O)CCCCCC(COC(=O)CCCCCC(COC(=O)CCCCCC(COC(=O)CCCCCC(COC(=O)CCCCCC(COC(=O)CCCCCC(COC(=O)CCCCCC(COC(=O)CCCCCC(COC(=O)CCCCCC(COC(=O)CCCCCC(C,"Here's a valid monomer pair designed with the required functionalities:
Monomer 1 (rich in C=C): C=C(C)C(=O)OCCOCCOCCOCCOCCOCCOCCOCCOCCOCCOCCOCCOC(=O)C(=C)C
Monomer 2 (rich in C=C): C=C(C)C(=C)COC(=O)CCCCCC(COC(=O)CCCCCC(COC(=O)CCCCCC(COC(=O)CCCCCC(COC(=O)CCCCCC(COC(=O)CCCCCC(COC(=O)CCCCCC(COC(=O)CCCCCC(COC(=O)CCCCCC(COC(=O)CCCCCC(COC(=O)CCCCCC(COC(=O)CCCCCC(COC(=O)CCCCCC(COC(=O)CCCCCC(COC(=O)CCCCCC(COC(=O)CCCCCC(COC(=O)CCCCCC(COC(=O)CCCCCC(COC(=O)CCCCCC(COC(=O)CCCCCC(COC(=O)CCCCCC(COC(=O)CCCCCC(COC(=O)CCCCCC(COC(=O)CCCCCC(C",vinyl(C=C),vinyl(C=C),1,200,27,Design a shape memory polymer with Tg â‰ˆ 200Â°C and Er â‰ˆ 27 MPa that includes vinyl(C=C) and vinyl(C=C) groups.,C=C(C)C(=O)OCCOCCOCCOCCOCCOCCOCCOCCOCCOCCOCCOCCOC(=O)C(=C)C,CCCCCCCC(O)OCCCCCCCC(O)OCCCCCCCC(O)OCCCCCCCC(O)OCCCCCCCC(O)OCCCCCCCC(O)OCCCCCCCC(O)OCCCCCCCC(O)OCCCCCCCC(O)OCCCCCCCC(O)OCCCCCCCC(O)OCCCCCCCC(O)OCCCCCCCC(O)OCCCCCCCC(O)OCCCCCCCC(O)OCCCCCCCC(O)OCCCCCCCC(O)OCCCCCCCC(O)OCCCCCCCC(O)OCCCCCCCC(O)OCCCCCCCC(O)OCCCCCCCC(O)OCCCCCCCC(O)OCCCCCCCC(O)OCC(C)C(C)C
365,C=CCn1c(=O)n(CC=C)c(=O)n(CC=C)c1=O,C=CCc1ccccc1OCC(O)COC(=O)CCCCC(=O)OCC(O)COc2ccccc2CC=C,"Here's a valid monomer pair fulfilling the criteria of Tg â‰ˆ 200Â°C, Er â‰ˆ 27Mpa, and containing C=C groups:
Monomer 1: C=CCn1c(=O)n(CC=C)c(=O)n(CC=C)c1=O
Monomer 2: C=CCc1ccccc1OCC(O)COC(=O)CCCCC(=O)OCC(O)COc2ccccc2CC=C",vinyl(C=C),vinyl(C=C),1,200,27,Design a shape memory polymer with Tg â‰ˆ 200Â°C and Er â‰ˆ 27 MPa that includes vinyl(C=C) and vinyl(C=C) groups.,C=CCn1c(=O)n(CC=C)c(=O)n(CC=C)c1=O,C=CCc1ccccc1OCC(O)COC(=O)CCCCC(=O)OCC(O)COc2ccccc2CC=C
366,C=C(C)C(=O)OCCOCCOCCOCCOCCOCCOCCOCCOCCOCCOCCOCCOCCOCCOCCOCCOCCOCCOCCOCCOC(=O)C(=C)C,C=CCOCC(COCC=C)(COCC=C)COC(=O)NCC1(C)CC(NC(=O)OCC(COCC=C)(COCC=C)COCC=C)CC(C)(C)C1,"Here's a valid monomer pair designed with the required functionalities:
Monomer 1 (rich in C=C(C=O)): C=C(C)C(=O)OCCOCCOCCOCCOCCOCCOCCOCCOCCOCCOCCOCCOCCOCCOCCOCCOCCOCCOCCOCCOC(=O)C(=C)C
Monomer 2 (rich in C=C): C=CCOCC(COCC=C)(COCC=C)COC(=O)NCC1(C)CC(NC(=O)OCC(COCC=C)(COCC=C)COCC=C)CC(C)(C)C1",acrylate(C=C(C=O)),vinyl(C=C),1,100,100,"Generate a TSMP with Tg = 100Â°C and Er = 100 MPa, using functional groups acrylate(C=C(C=O)) and vinyl(C=C).",C=C(C)C(=O)OCCOCCOCCOCCOCCOCCOCCOCCOCCOCCOCCOCCOCCOCCOCCOCCOCCOCCOCCOCCOC(=O)C(=C)C,C=CCOCC(COCC=C)(COCC=C)COC(=O)NCC1(C)CC(NC(=O)OCC(COCC=C)(COCC=C)COCC=C)CC(C)(C)C1
367,C=C(C)C(=O)OCC(O)COc2ccc(C(C)(C)c1ccc(OCC(O)COC(=O)C(=C)C)cc1)cc2,C=Cc1cccc(C=C)c1,"Here's a pair of monomers fulfilling the criteria of Tg = 100Â°C, Er = 100Mpa, and containing C=C(C=O)/C=C groups:
Monomer 1: C=C(C)C(=O)OCC(O)COc2ccc(C(C)(C)c1ccc(OCC(O)COC(=O)C(=C)C)cc1)cc2
Monomer 2: C=Cc1cccc(C=C)c1",acrylate(C=C(C=O)),vinyl(C=C),1,100,100,"Generate a TSMP with Tg = 100Â°C and Er = 100 MPa, using functional groups acrylate(C=C(C=O)) and vinyl(C=C).",C=C(C)C(=O)OCC(O)COc2ccc(C(C)(C)c1ccc(OCC(O)COC(=O)C(=C)C)cc1)cc2,C=Cc1cccc(C=C)c1
368,CC(C)(c2ccc(OCCOCC1CO1)cc2)c4ccc(OCCOCC3CO3)cc4,NCCNCCN(CCNCCC(CN)CCN)CCN(CCNCCN)CCN(CCN)CCN,"Here's a pair of monomers fulfilling the criteria of Tg = 100Â°C, Er = 100Mpa, and containing C=C(C=O)/C=C groups:
Monomer 1: CC(C)(c2ccc(OCCOCC1CO1)cc2)c4ccc(OCCOCC3CO3)cc4
Monomer 2: NCCNCCN(CCNCCC(CN)CCN)CCN(CCNCCN)CCN(CCN)CCN",acrylate(C=C(C=O)),vinyl(C=C),1,100,100,"Generate a TSMP with Tg = 100Â°C and Er = 100 MPa, using functional groups acrylate(C=C(C=O)) and vinyl(C=C).",CC(C)(c2ccc(OCCOCC1CO1)cc2)c4ccc(OCCOCC3CO3)cc4,NCCNCCN(CCNCCC(CN)CCN)CCN(CCNCCN)CCN(CCN)CCN
369,C=C(C)C(=O)OCCOCCOCCOCCOCCOCCOCCOCCOCCOCCOCCOCCOCCOCCOCCOCCOCCOC(=O)C(=C)C,C=CCn1c(=O)n(CC=C)c(=O)n(CC=C)c1=O,"Here's a pair of monomers fulfilling the criteria of Tg = 100Â°C, Er = 100Mpa, and containing C=C(C=O)/C=C groups:
Monomer 1: C=C(C)C(=O)OCCOCCOCCOCCOCCOCCOCCOCCOCCOCCOCCOCCOCCOCCOCCOCCOCCOC(=O)C(=C)C
Monomer 2: C=CCn1c(=O)n(CC=C)c(=O)n(CC=C)c1=O",acrylate(C=C(C=O)),vinyl(C=C),1,100,100,"Generate a TSMP with Tg = 100Â°C and Er = 100 MPa, using functional groups acrylate(C=C(C=O)) and vinyl(C=C).",C=C(C)C(=O)OCCOCCOCCOCCOCCOCCOCCOCCOCCOCCOCCOCCOCCOCCOCCOCCOCCOC(=O)C(=C)C,C=CCn1c(=O)n(CC=C)c(=O)n(CC=C)c1=O
370,C=C(C)C(=O)OCC(O)COc2ccc(C(C)(C)c1ccc(OCC(O)COC(=O)C(=C)C)cc1)cc2,C=CCn1c(=O)n(CC=C)c(=O)n(CC=C)c1=O,"Here's a pair of monomers fulfilling the criteria of Tg = 100Â°C, Er = 100Mpa, and containing C=C(C=O) & C=C groups:
Monomer 1: C=C(C)C(=O)OCC(O)COc2ccc(C(C)(C)c1ccc(OCC(O)COC(=O)C(=C)C)cc1)cc2
Monomer 2: C=CCn1c(=O)n(CC=C)c(=O)n(CC=C)c1=O",acrylate(C=C(C=O)),vinyl(C=C),1,100,100,"Generate a TSMP with Tg = 100Â°C and Er = 100 MPa, using functional groups acrylate(C=C(C=O)) and vinyl(C=C).",C=C(C)C(=O)OCC(O)COc2ccc(C(C)(C)c1ccc(OCC(O)COC(=O)C(=C)C)cc1)cc2,C=CCn1c(=O)n(CC=C)c(=O)n(CC=C)c1=O
371,C=C(C)C(=C)OCOCCOC(=O)C(=C)C,C=C(C)C(=O)OCCOCCOCCOCCOCCOCCOCCOCCOCCOCCOCCOCCOCCOCCOCCOCCOCCOC(=O)C(=C)C,"Here's a TSMP that matches your request:
Monomer 1 (C=C groups): C=C(C)C(=C)OCOCCOC(=O)C(=C)C
Monomer 2 (C=O groups): C=C(C)C(=O)OCCOCCOCCOCCOCCOCCOCCOCCOCCOCCOCCOCCOCCOCCOCCOCCOCCOC(=O)C(=C)C",vinyl(C=C),hydroxyl(=O),1,50,20,"Suggest a TSMP system that satisfies Tg = 50Â°C and Er = 20 MPa, incorporating vinyl(C=C) and hydroxyl(=O) functionalities.",C=C(C)C(=C)OCOCCOC(=O)C(=C)C,C=C(C)C(=O)OCCOCCOCCOCCOCCOCCOCCOCCOCCOCCOCCOCCOCCOCCOCCOCCOCCOC(=O)C(=C)C
372,C=C(C)C(=O)OCCOCCOCCOCCOCCOCCOCCOCCOCCOCCOCCOCCOCCOCCOCCOCCOCCOCCOCCOCCOC(=O)C(=C)C,C=CC(=O)OCCCC,"Here is a pair of monomers fulfilling the criteria of Tg = 50Â°C, Er = 20Mpa, and containing C=C/CO groups:
Monomer 1: C=C(C)C(=O)OCCOCCOCCOCCOCCOCCOCCOCCOCCOCCOCCOCCOCCOCCOCCOCCOCCOCCOCCOCCOC(=O)C(=C)C
Monomer 2: C=CC(=O)OCCCC",vinyl(C=C),hydroxyl(=O),1,50,20,"Suggest a TSMP system that satisfies Tg = 50Â°C and Er = 20 MPa, incorporating vinyl(C=C) and hydroxyl(=O) functionalities.",C=C(C)C(=O)OCCOCCOCCOCCOCCOCCOCCOCCOCCOCCOCCOCCOCCOCCOCCOCCOCCOCCOCCOCCOC(=O)C(=C)C,C=CC(=O)OCCCC
373,C=CCn1c(=O)n(CC=C)c(=O)n(CC=C)c1=O,C=C(C)C(=O)OCCOCCOCCOCCOCCOCCOCCOCCOCCOCCOCCOCCOCCOCCOCCOCCOCCOCCOCCOCCOC(=O)C(=C)C,"Here is a pair of monomers fulfilling the criteria of Tg = 50Â°C, Er = 20Mpa, and containing C=C/CCS groups:
Monomer 1: C=CCn1c(=O)n(CC=C)c(=O)n(CC=C)c1=O
Monomer 2: C=C(C)C(=O)OCCOCCOCCOCCOCCOCCOCCOCCOCCOCCOCCOCCOCCOCCOCCOCCOCCOCCOCCOCCOC(=O)C(=C)C",vinyl(C=C),hydroxyl(=O),1,50,20,"Suggest a TSMP system that satisfies Tg = 50Â°C and Er = 20 MPa, incorporating vinyl(C=C) and hydroxyl(=O) functionalities.",C=CCn1c(=O)n(CC=C)c(=O)n(CC=C)c1=O,C=C(C)C(=O)OCCOCCOCCOCCOCCOCCOCCOCCOCCOCCOCCOCCOCCOCCOCCOCCOCCOCCOCCOCCOC(=O)C(=C)C
374,C=CCc1ccccc1OCC(O)COC(=O)CCCCC(=O)OCC(O)COc2ccccc2CC=C,C=CCn1c(=O)n(CC=C)c(=O)n(CC=C)c1=O,"Here's a pair of monomers fulfilling the criteria of Tg = 50Â°C, Er = 20Mpa, and containing C=C/CO groups:
Monomer 1: C=CCc1ccccc1OCC(O)COC(=O)CCCCC(=O)OCC(O)COc2ccccc2CC=C
Monomer 2: C=CCn1c(=O)n(CC=C)c(=O)n(CC=C)c1=O",vinyl(C=C),hydroxyl(=O),1,50,20,"Suggest a TSMP system that satisfies Tg = 50Â°C and Er = 20 MPa, incorporating vinyl(C=C) and hydroxyl(=O) functionalities.",C=CCc1ccccc1OCC(O)COC(=O)CCCCC(=O)OCC(O)COc2ccccc2CC=C,C=CCn1c(=O)n(CC=C)c(=O)n(CC=C)c1=O
375,C=C(C)C(=O)OCC(O)COc2ccc(C(C)(C)c1ccc(OCC(O)COC(=O)C(=C)C)cc1)cc2,C=C(C)C(=O)OCCOCCOCCOCCOCCOCCOCCOCCOCCOCCOCCOCCOCCOCCOCCOCCOCCOCCOCCOCCOCCOCCOCCOCCOCCOCCOCCOCCOC(=O)C(=C)C,"Here's a pair of monomers fulfilling the criteria of Tg = 50Â°C, Er = 20Mpa, and containing C=C/CO groups:
Monomer 1: C=C(C)C(=O)OCC(O)COc2ccc(C(C)(C)c1ccc(OCC(O)COC(=O)C(=C)C)cc1)cc2
Monomer 2: C=C(C)C(=O)OCCOCCOCCOCCOCCOCCOCCOCCOCCOCCOCCOCCOCCOCCOCCOCCOCCOCCOCCOCCOCCOCCOCCOCCOCCOCCOCCOCCOC(=O)C(=C)C",vinyl(C=C),hydroxyl(=O),1,50,20,"Suggest a TSMP system that satisfies Tg = 50Â°C and Er = 20 MPa, incorporating vinyl(C=C) and hydroxyl(=O) functionalities.",C=C(C)C(=O)OCC(O)COc2ccc(C(C)(C)c1ccc(OCC(O)COC(=O)C(=C)C)cc1)cc2,C=C(C)C(=O)OCCOCCOCCOCCOCCOCCOCCOCCOCCOCCOCCOCCOCCOCCOCCOCCOCCOCCOCCOCCOCCOCCOCCOCCOCCOCCOCCOCCOC(=O)C(=C)C
