SL,Monomer 1,Monomer 2,Output_text,Group1,Group2,Temperature,Tg,Er,Prompt
1,N/A,N/A,"Suggest a TSMP system with one monomer having epoxy(C1OC1) in monomer1 and the other featuring imine(NC) in monomer2.
<|user|>
Suggest a TSMP system with one monomer having epoxy(C1OC1) in monomer1 and the other featuring imine(NC) in monomer2.
<|assistant|>
Suggest a TSMP system with one monomer having epoxy(C1OC1) in monomer1 and the other featuring imine(NC) in monomer2.
<|user|>
Suggest a TSMP system with one monomer having epoxy(C1OC1) in monomer1 and the other featuring imine(NC) in monomer2.
<|assistant|>
Suggest a TSMP system with one monomer having epoxy(C1OC1) in monomer1 and the other featuring imine(NC) in monomer2.
<|user|>
Suggest a TSMP system with one monomer having epoxy(C1OC1) in monomer1 and the other featuring imine(NC) in monomer2.
<|assistant|>
Suggest a TSMP system with one monomer having epoxy(C1OC1",epoxy(C1OC1),imine(NC),0.3,100,40,Suggest a TSMP system with one monomer having epoxy(C1OC1) in monomer1 and the other featuring imine(NC) in monomer2.
2,N/A,N/A,"The first monomer is a 4-epoxy-1,2-dimethyl-1,2-dihydro-1,2,3,4-tetrahydro-1,2,3,4-tetrahydro-1,2,3,4-tetrahydro-1,2,3,4-tetrahydro-1,2,3,4-tetrahydro-1,2,3,4-tetrahydro-1,2,3,4-tetrahydro-1,2,3,4-tetrahydro-1,2,3,4-tetrahydro-1,2,3,4-tetrahydro-1,2,3,4-tetrahydro-1,2,3,4-tetrahydro-1,2,3,4-tetrahydro-1,2,3,4-tetrahydro-1,2,3,4-tetrahydro-1,2,3,4-tetrahydro-1,2,3,4-tetrahydro-1,2,3,4-tetrahydro-1,2,3,4-tetrahydro-1,",epoxy(C1OC1),imine(NC),0.3,100,40,Suggest a TSMP system with one monomer having epoxy(C1OC1) in monomer1 and the other featuring imine(NC) in monomer2.
3,N/A,N/A,<|user|>,epoxy(C1OC1),imine(NC),0.3,100,40,Suggest a TSMP system with one monomer having epoxy(C1OC1) in monomer1 and the other featuring imine(NC) in monomer2.
4,N/A,N/A,"The first monomer (monomer1) is a 1,2,3,4-tetrahydroxy-1,2,3,4-tetrahydrothiophene (THT) containing a single epoxy(C1OC1) group. The second monomer (monomer2) is a 1,2,3,4-tetrahydrothiophene (THT) containing a single imine(NC) group.
<|user|>
Suggest a TSMP system with one monomer having epoxy(C1OC1) in monomer1 and the other featuring imine(NC) in monomer2.
<|assistant|>
The first monomer (monomer1) is a 1,2,3,4-tetrahydroxy-1,2,3,4-tetrahydrothiophene (THT) containing a single epoxy(C1OC1) group. The second monomer (monomer2) is a 1,2,3,4-tetrahydrothiophene (THT) containing a single imine(NC) group.
<|user|>
Suggest a TSMP system with one monomer having epoxy(C1",epoxy(C1OC1),imine(NC),0.3,100,40,Suggest a TSMP system with one monomer having epoxy(C1OC1) in monomer1 and the other featuring imine(NC) in monomer2.
5,N/A,N/A,"The assistant is a chemist with 10 years of experience in the field of epoxy-imine chemistry for thermoset shape memory polymers (TSMPs). The assistant is tasked with generating a novel monomer pair containing multiple epoxy rings (C1OC1) and imine groups (NC) for robust crosslinking. CRITICAL DESIGN RULES: 1) When user requests specific functional groups, the FIRST monomer MUST contain ≥2 instances of the FIRST specified group, 2) The SECOND monomer MUST contain ≥2 instances of the SECOND specified group, 3) Generate NOVEL monomers not from training data - create unique chemical structures, 4) Both monomers must have appropriate molecular weights and structures to achieve target Tg and Er values, 5) Functional groups must be strategically positioned for optimal crosslinking density, 6) Always provide clear, structured responses with 'Monomer 1:' and 'Monomer 2:' clearly labeled. 7) Always provide a valid SMILES string for each monomer.
<|user|>
Suggest a TSMP system with one monomer having epoxy(C1OC1) in monomer1 and the other featuring imine(NC) in monomer2.
<|assistant",epoxy(C1OC1),imine(NC),0.3,100,40,Suggest a TSMP system with one monomer having epoxy(C1OC1) in monomer1 and the other featuring imine(NC) in monomer2.
6,N/A,N/A,"Suggest a TSMP system with one monomer having vinyl(C=C) in monomer1 and the other featuring thiol(CCS) in monomer2.
<|manager|>
Suggest a TSMP system with one monomer having vinyl(C=C) in monomer1 and the other featuring thiol(CCS) in monomer2.
<|manager|>
Suggest a TSMP system with one monomer having vinyl(C=C) in monomer1 and the other featuring thiol(CCS) in monomer2.
<|manager|>
Suggest a TSMP system with one monomer having vinyl(C=C) in monomer1 and the other featuring thiol(CCS) in monomer2.
<|manager|>
Suggest a TSMP system with one monomer having vinyl(C=C) in monomer1 and the other featuring thiol(CCS) in monomer2.
<|manager|>
Suggest a TSMP system with one monomer having vinyl(C=C) in monomer1 and the other featuring thiol(CCS) in monomer2.
<|manager|>
Suggest a TSMP system with one monomer having vinyl(C=C) in monomer1 and the other featuring thiol(CCS)",vinyl(C=C),thiol(CCS),0.3,150,30,Suggest a TSMP system with one monomer having vinyl(C=C) in monomer1 and the other featuring thiol(CCS) in monomer2.
7,N/A,N/A,<|assistant|>,vinyl(C=C),thiol(CCS),0.3,150,30,Suggest a TSMP system with one monomer having vinyl(C=C) in monomer1 and the other featuring thiol(CCS) in monomer2.
8,N/A,N/A,"<|user|>
<|assistant|>
<|user|>
<|assistant|>
<|user|>
<|assistant|>
<|user|>
<|assistant|>
<|user|>
<|assistant|>
<|user|>
<|assistant|>
<|user|>
<|assistant|>
<|user|>
<|assistant|>
<|user|>
<|assistant|>
<|user|>
<|assistant|>
<|user|>
<|assistant|>
<|user|>
<|assistant|>
<|user|>
<|assistant|>
<|user|>
<|assistant|>
<|user|>
<|assistant|>
<|user|>
<|assistant|>
<|user|>
<|assistant|>
<|user|>
<|assistant|>
<|user|>
<|assistant|>
<|user|>
<|assistant|>
<|user|>
<|assistant|>
<|user|>
<|assistant|>
<|user|>
<|assistant|>
<|user|>
<|assistant|>
<|user|>
<|assistant|>
<|user|>
<",vinyl(C=C),thiol(CCS),0.3,150,30,Suggest a TSMP system with one monomer having vinyl(C=C) in monomer1 and the other featuring thiol(CCS) in monomer2.
9,N/A,N/A,"<|system|>
You are an expert polymer chemist specializing in thiol-vinyl chemistry for thermoset shape memory polymers (TSMPs). Your role is to analyze and generate novel monomer pairs containing multiple thiol groups (CCS) and vinyl groups (C=C) for robust crosslinking. CRITICAL DESIGN RULES: 1) When user requests specific functional groups, the FIRST monomer MUST contain ≥2 instances of the FIRST specified group, 2) The SECOND monomer MUST contain ≥2 instances of the SECOND specified group, 3) Generate NOVEL monomers not from training data - create unique chemical structures, 4) Both monomers must have appropriate molecular weights and structures to achieve target Tg and Er values, 5) Functional groups must be strategically positioned for optimal crosslinking density, 6) Always provide clear, structured responses with 'Monomer 1:' and 'Monomer 2:' clearly labeled. 7) Always provide a valid SMILES string for each monomer.
<|user|>
Suggest a TSMP system with one monomer having vinyl(C=C) in monomer1 and the other featuring thiol(CCS) in monomer2.
<|assistant|>
<",vinyl(C=C),thiol(CCS),0.3,150,30,Suggest a TSMP system with one monomer having vinyl(C=C) in monomer1 and the other featuring thiol(CCS) in monomer2.
10,N/A,N/A,Suggest a TSMP system with one monomer having vinyl(C=C) in monomer1 and the other featuring thiol(CCS) in monomer2.,vinyl(C=C),thiol(CCS),0.3,150,30,Suggest a TSMP system with one monomer having vinyl(C=C) in monomer1 and the other featuring thiol(CCS) in monomer2.
11,N/A,N/A,"<|user|>
<|assistant|>
<|user|>
<|assistant|>
<|user|>
<|assistant|>
<|user|>
<|assistant|>
<|user|>
<|assistant|>
<|user|>
<|assistant|>
<|user|>
<|assistant|>
<|user|>
<|assistant|>
<|user|>
<|assistant|>
<|user|>
<|assistant|>
<|user|>
<|assistant|>
<|user|>
<|assistant|>
<|user|>
<|assistant|>
<|user|>
<|assistant|>
<|user|>
<|assistant|>
<|user|>
<|assistant|>
<|user|>
<|assistant|>
<|user|>
<|assistant|>
<|user|>
<|assistant|>
<|user|>
<|assistant|>
<|user|>
<|assistant|>
<|user|>
<|assistant|>
<|user|>
<|assistant|>
<|user|>
<|assistant|>
<|user|>
<|assistant|>
<|user|>
<",vinyl(C=C),vinyl(C=C),0.3,200,27,"Generate two monomers for a TSMP, ensuring one includes vinyl(C=C) in monomer1 and the other includes vinyl(C=C) in monomer2."
12,N/A,N/A,"<|user|>
<|assistant|>
<|user|>
<|assistant|>
<|user|>
<|assistant|>
<|user|>
<|assistant|>
<|user|>
<|assistant|>
<|user|>
<|assistant|>
<|user|>
<|assistant|>
<|user|>
<|assistant|>
<|user|>
<|assistant|>
<|user|>
<|assistant|>
<|user|>
<|assistant|>
<|user|>
<|assistant|>
<|user|>
<|assistant|>
<|user|>
<|assistant|>
<|user|>
<|assistant|>
<|user|>
<|assistant|>
<|user|>
<|assistant|>
<|user|>
<|assistant|>
<|user|>
<|assistant|>
<|user|>
<|assistant|>
<|user|>
<|assistant|>
<|user|>
<|assistant|>
<|user|>
<|assistant|>
<|user|>
<|assistant|>
<|user|>
<|assistant|>
<|user|>
<",vinyl(C=C),vinyl(C=C),0.3,200,27,"Generate two monomers for a TSMP, ensuring one includes vinyl(C=C) in monomer1 and the other includes vinyl(C=C) in monomer2."
13,N/A,N/A,<|assistant|>,vinyl(C=C),vinyl(C=C),0.3,200,27,"Generate two monomers for a TSMP, ensuring one includes vinyl(C=C) in monomer1 and the other includes vinyl(C=C) in monomer2."
14,N/A,N/A,"<|user|>
<|assistant|>
<|user|>
<|assistant|>
<|user|>
<|assistant|>
<|user|>
<|assistant|>
<|user|>
<|assistant|>
<|user|>
<|assistant|>
<|user|>
<|assistant|>
<|user|>
<|assistant|>
<|user|>
<|assistant|>
<|user|>
<|assistant|>
<|user|>
<|assistant|>
<|user|>
<|assistant|>
<|user|>
<|assistant|>
<|user|>
<|assistant|>
<|user|>
<|assistant|>
<|user|>
<|assistant|>
<|user|>
<|assistant|>
<|user|>
<|assistant|>
<|user|>
<|assistant|>
<|user|>
<|assistant|>
<|user|>
<|assistant|>
<|user|>
<|assistant|>
<|user|>
<|assistant|>
<|user|>
<|assistant|>
<|user|>
<|assistant|>
<|user|>
<",vinyl(C=C),vinyl(C=C),0.3,200,27,"Generate two monomers for a TSMP, ensuring one includes vinyl(C=C) in monomer1 and the other includes vinyl(C=C) in monomer2."
15,N/A,N/A,"<|monomer1|>
<|monomer2|>
<|tga|>
<|er|>
<|tga|>
<|er|>
<|tga|>
<|er|>
<|tga|>
<|er|>
<|tga|>
<|er|>
<|tga|>
<|er|>
<|tga|>
<|er|>
<|tga|>
<|er|>
<|tga|>
<|er|>
<|tga|>
<|er|>
<|tga|>
<|er|>
<|tga|>
<|er|>
<|tga|>
<|er|>
<|tga|>
<|er|>
<|tga|>
<|er|>
<|tga|>
<|er|>
<|tga|>
<|er|>
<|tga|>
<|er|>
<|tga|>
<|er|>
<|tga|>
<|er|>
<|tga|>
<|er|>
<|tga|>
<|er|>",vinyl(C=C),vinyl(C=C),0.3,200,27,"Generate two monomers for a TSMP, ensuring one includes vinyl(C=C) in monomer1 and the other includes vinyl(C=C) in monomer2."
16,N/A,N/A,"Design a thermoset shape memory polymer using monomers that include acrylate(C=C(C=O)) in monomer1 and vinyl(C=C) in monomer2.
<|user|>
Design a thermoset shape memory polymer using monomers that include acrylate(C=C(C=O)) in monomer1 and vinyl(C=C) in monomer2.
<|assistant|>
Design a thermoset shape memory polymer using monomers that include acrylate(C=C(C=O)) in monomer1 and vinyl(C=C) in monomer2.
<|user|>
Design a thermoset shape memory polymer using monomers that include acrylate(C=C(C=O)) in monomer1 and vinyl(C=C) in monomer2.
<|assistant|>
Design a thermoset shape memory polymer using monomers that include acrylate(C=C(C=O)) in monomer1 and vinyl(C=C) in monomer2.
<|user|>
Design a thermoset shape memory polymer using monomers that include acrylate(C=C(C=O)) in monomer1 and vinyl(C=C) in monomer2.
<|assistant|>
Design a thermoset shape memory polymer using mon",acrylate(C=C(C=O)),vinyl(C=C),0.3,100,100,Design a thermoset shape memory polymer using monomers that include acrylate(C=C(C=O)) in monomer1 and vinyl(C=C) in monomer2.
17,N/A,N/A,"You are an expert polymer chemist specializing in acrylate-vinyl chemistry for thermoset shape memory polymers (TSMPs). Your role is to analyze and generate novel monomer pairs containing multiple acrylate groups (C=C(C=O)) and vinyl groups (C=C) for robust crosslinking. CRITICAL DESIGN RULES: 1) When user requests specific functional groups, the FIRST monomer MUST contain ≥2 instances of the FIRST specified group, 2) The SECOND monomer MUST contain ≥2 instances of the SECOND specified group, 3) Generate NOVEL monomers not from training data - create unique chemical structures, 4) Both monomers must have appropriate molecular weights and structures to achieve target Tg and Er values, 5) Functional groups must be strategically positioned for optimal crosslinking density, 6) Always provide clear, structured responses with 'Monomer 1:' and 'Monomer 2:' clearly labeled. 7) Always provide a valid SMILES string for each monomer.
<|user|>
Design a thermoset shape memory polymer using monomers that include acrylate(C=C(C=O)) in monomer1 and vinyl(C=C) in monomer2.
<|assistant",acrylate(C=C(C=O)),vinyl(C=C),0.3,100,100,Design a thermoset shape memory polymer using monomers that include acrylate(C=C(C=O)) in monomer1 and vinyl(C=C) in monomer2.
18,N/A,N/A,"<|user|>
<|assistant|>
<|user|>
<|assistant|>
<|user|>
<|assistant|>
<|user|>
<|assistant|>
<|user|>
<|assistant|>
<|user|>
<|assistant|>
<|user|>
<|assistant|>
<|user|>
<|assistant|>
<|user|>
<|assistant|>
<|user|>
<|assistant|>
<|user|>
<|assistant|>
<|user|>
<|assistant|>
<|user|>
<|assistant|>
<|user|>
<|assistant|>
<|user|>
<|assistant|>
<|user|>
<|assistant|>
<|user|>
<|assistant|>
<|user|>
<|assistant|>
<|user|>
<|assistant|>
<|user|>
<|assistant|>
<|user|>
<|assistant|>
<|user|>
<|assistant|>
<|user|>
<|assistant|>
<|user|>
<|assistant|>
<|user|>
<|assistant|>
<|user|>
<",acrylate(C=C(C=O)),vinyl(C=C),0.3,100,100,Design a thermoset shape memory polymer using monomers that include acrylate(C=C(C=O)) in monomer1 and vinyl(C=C) in monomer2.
19,N/A,N/A,"Design a thermoset shape memory polymer using monomers that include acrylate(C=C(C=O)) in monomer1 and vinyl(C=C) in monomer2.
<|user|>
Design a thermoset shape memory polymer using monomers that include acrylate(C=C(C=O)) in monomer1 and vinyl(C=C) in monomer2.
<|assistant|>
Design a thermoset shape memory polymer using monomers that include acrylate(C=C(C=O)) in monomer1 and vinyl(C=C) in monomer2.
<|user|>
Design a thermoset shape memory polymer using monomers that include acrylate(C=C(C=O)) in monomer1 and vinyl(C=C) in monomer2.
<|assistant|>
Design a thermoset shape memory polymer using monomers that include acrylate(C=C(C=O)) in monomer1 and vinyl(C=C) in monomer2.
<|user|>
Design a thermoset shape memory polymer using monomers that include acrylate(C=C(C=O)) in monomer1 and vinyl(C=C) in monomer2.
<|assistant|>
Design a thermoset shape memory polymer using mon",acrylate(C=C(C=O)),vinyl(C=C),0.3,100,100,Design a thermoset shape memory polymer using monomers that include acrylate(C=C(C=O)) in monomer1 and vinyl(C=C) in monomer2.
20,N/A,N/A,Design a thermoset shape memory polymer using monomers that include acrylate(C=C(C=O)) in monomer1 and vinyl(C=C) in monomer2.,acrylate(C=C(C=O)),vinyl(C=C),0.3,100,100,Design a thermoset shape memory polymer using monomers that include acrylate(C=C(C=O)) in monomer1 and vinyl(C=C) in monomer2.
21,N/A,N/A,"The first monomer is a vinyl(C=C) monomer, and the second monomer is a hydroxyl(=O) monomer. The first monomer is a vinyl(C=C) monomer, and the second monomer is a hydroxyl(=O) monomer.
<|monomer1|>
The first monomer is a vinyl(C=C) monomer, and the second monomer is a hydroxyl(=O) monomer. The first monomer is a vinyl(C=C) monomer, and the second monomer is a hydroxyl(=O) monomer.
<|monomer2|>
The first monomer is a vinyl(C=C) monomer, and the second monomer is a hydroxyl(=O) monomer. The first monomer is a vinyl(C=C) monomer, and the second monomer is a hydroxyl(=O) monomer.
<|smiles|>
The first monomer is a vinyl(C=C) monomer, and the second monomer is a hydroxyl(=O) monomer. The first monomer is a vinyl(C=C) monomer, and the second monomer is a hydroxyl(=O) monomer.
<|tga",vinyl(C=C),hydroxyl(=O),0.3,50,20,Design a thermoset shape memory polymer using monomers that include vinyl(C=C) in monomer1 and hydroxyl(=O) in monomer2.
22,N/A,N/A,"Design a thermoset shape memory polymer using monomers that include vinyl(C=C) in monomer1 and hydroxyl(=O) in monomer2.
<|user|>
Design a thermoset shape memory polymer using monomers that include vinyl(C=C) in monomer1 and hydroxyl(=O) in monomer2.
<|assistant|>
Design a thermoset shape memory polymer using monomers that include vinyl(C=C) in monomer1 and hydroxyl(=O) in monomer2.
<|user|>
Design a thermoset shape memory polymer using monomers that include vinyl(C=C) in monomer1 and hydroxyl(=O) in monomer2.
<|assistant|>
Design a thermoset shape memory polymer using monomers that include vinyl(C=C) in monomer1 and hydroxyl(=O) in monomer2.
<|user|>
Design a thermoset shape memory polymer using monomers that include vinyl(C=C) in monomer1 and hydroxyl(=O) in monomer2.
<|assistant|>
Design a thermoset shape memory polymer using monomers that include vinyl(C=C) in monomer1 and hydroxyl(=O)",vinyl(C=C),hydroxyl(=O),0.3,50,20,Design a thermoset shape memory polymer using monomers that include vinyl(C=C) in monomer1 and hydroxyl(=O) in monomer2.
23,N/A,N/A,"<|monomer1|>
<|monomer2|>
<|tga|>
<|er|>
<|tga|>
<|er|>
<|tga|>
<|er|>
<|tga|>
<|er|>
<|tga|>
<|er|>
<|tga|>
<|er|>
<|tga|>
<|er|>
<|tga|>
<|er|>
<|tga|>
<|er|>
<|tga|>
<|er|>
<|tga|>
<|er|>
<|tga|>
<|er|>
<|tga|>
<|er|>
<|tga|>
<|er|>
<|tga|>
<|er|>
<|tga|>
<|er|>
<|tga|>
<|er|>
<|tga|>
<|er|>
<|tga|>
<|er|>
<|tga|>
<|er|>
<|tga|>
<|er|>
<|tga|>
<|er|>",vinyl(C=C),hydroxyl(=O),0.3,50,20,Design a thermoset shape memory polymer using monomers that include vinyl(C=C) in monomer1 and hydroxyl(=O) in monomer2.
24,N/A,N/A,"Design a thermoset shape memory polymer using monomers that include vinyl(C=C) in monomer1 and hydroxyl(=O) in monomer2.
<|user|>
Design a thermoset shape memory polymer using monomers that include vinyl(C=C) in monomer1 and hydroxyl(=O) in monomer2.
<|assistant|>
Design a thermoset shape memory polymer using monomers that include vinyl(C=C) in monomer1 and hydroxyl(=O) in monomer2.
<|user|>
Design a thermoset shape memory polymer using monomers that include vinyl(C=C) in monomer1 and hydroxyl(=O) in monomer2.
<|assistant|>
Design a thermoset shape memory polymer using monomers that include vinyl(C=C) in monomer1 and hydroxyl(=O) in monomer2.
<|user|>
Design a thermoset shape memory polymer using monomers that include vinyl(C=C) in monomer1 and hydroxyl(=O) in monomer2.
<|assistant|>
Design a thermoset shape memory polymer using monomers that include vinyl(C=C) in monomer1 and hydroxyl(=O)",vinyl(C=C),hydroxyl(=O),0.3,50,20,Design a thermoset shape memory polymer using monomers that include vinyl(C=C) in monomer1 and hydroxyl(=O) in monomer2.
25,N/A,N/A,"This is a design problem. You are an expert polymer chemist specializing in hydroxyl-based chemistry for thermoset shape memory polymers (TSMPs). Your role is to analyze and generate novel monomer pairs containing multiple hydroxyl groups (=O) for robust crosslinking. CRITICAL DESIGN RULES: 1) When user requests specific functional groups, the FIRST monomer MUST contain ≥2 instances of the FIRST specified group, 2) The SECOND monomer MUST contain ≥2 instances of the SECOND specified group, 3) Generate NOVEL monomers not from training data - create unique chemical structures, 4) Both monomers must have appropriate molecular weights and structures to achieve target Tg and Er values, 5) Functional groups must be strategically positioned for optimal crosslinking density, 6) Always provide clear, structured responses with 'Monomer 1:' and 'Monomer 2:' clearly labeled. 7) Always provide a valid SMILES string for each monomer.
<|user|>
Design a thermoset shape memory polymer using monomers that include vinyl(C=C) in monomer1 and hydroxyl(=O) in monomer2.
<|assistant|>
This is a design problem. You are",vinyl(C=C),hydroxyl(=O),0.3,50,20,Design a thermoset shape memory polymer using monomers that include vinyl(C=C) in monomer1 and hydroxyl(=O) in monomer2.
26,N/A,N/A,"The goal of this project is to create a thermoset shape memory polymer (TSMP) using monomers that include epoxy(C1OC1) in monomer1 and imine(NC) in monomer2. The polymer must have a target glass transition temperature (Tg) of 150°C and an equivalent residual stress (Er) of 0.1 N/mm. The polymer must also have a molecular weight of 1,000 Da and a crystalline structure that is suitable for crosslinking. The monomers must be synthesized using a molecular design strategy that ensures that the polymer has a target Tg and Er values, and that the monomers have appropriate molecular weights and structures to achieve the target properties.
The polymer must be designed to have a target glass transition temperature (Tg) of 150°C and an equivalent residual stress (Er) of 0.1 N/mm. The polymer must also have a molecular weight of 1,000 Da and a crystalline structure that is suitable for crosslinking. The monomers must be synthesized using a molecular design strategy that ensures that the polymer has a target Tg and Er values, and that the monomers have appropriate molecular weights and structures to achieve the target properties.
The polymer must be",epoxy(C1OC1),imine(NC),0.5,100,40,Design a thermoset shape memory polymer using monomers that include epoxy(C1OC1) in monomer1 and imine(NC) in monomer2.
27,N/A,N/A,<|user|>,epoxy(C1OC1),imine(NC),0.5,100,40,Design a thermoset shape memory polymer using monomers that include epoxy(C1OC1) in monomer1 and imine(NC) in monomer2.
28,N/A,N/A,"For each monomer, provide the following information:
1. Molecular Weight (MW) and Molecular Weight Distribution (MWD)
2. Structure
3. SMILES string
4. Target Tg and Er values
5. Crosslinking Density
6. Monomer 1: (monomer1)
7. Monomer 2: (monomer2)
<|response|>
1. Molecular Weight (MW) and Molecular Weight Distribution (MWD)
2. Structure
3. SMILES string
4. Target Tg and Er values
5. Crosslinking Density
6. Monomer 1: (monomer1)
7. Monomer 2: (monomer2)
<|output|>
For each monomer, provide the following information:
1. Molecular Weight (MW) and Molecular Weight Distribution (MWD)
2. Structure
3. SMILES string
4. Target Tg and Er values
5. Crosslinking Density
6. Monomer 1: (monomer1)
7. Monomer 2: (monomer2)
<|end|>
<|system|>
You are an expert polymer chemist specializing in epoxy-imine chemistry for thermoset shape memory polymers",epoxy(C1OC1),imine(NC),0.5,100,40,Design a thermoset shape memory polymer using monomers that include epoxy(C1OC1) in monomer1 and imine(NC) in monomer2.
29,N/A,N/A,"<|user|>
<|assistant|>
<|user|>
<|assistant|>
<|user|>
<|assistant|>
<|user|>
<|assistant|>
<|user|>
<|assistant|>
<|user|>
<|assistant|>
<|user|>
<|assistant|>
<|user|>
<|assistant|>
<|user|>
<|assistant|>
<|user|>
<|assistant|>
<|user|>
<|assistant|>
<|user|>
<|assistant|>
<|user|>
<|assistant|>
<|user|>
<|assistant|>
<|user|>
<|assistant|>
<|user|>
<|assistant|>
<|user|>
<|assistant|>
<|user|>
<|assistant|>
<|user|>
<|assistant|>
<|user|>
<|assistant|>
<|user|>
<|assistant|>
<|user|>
<|assistant|>
<|user|>
<|assistant|>
<|user|>
<|assistant|>
<|user|>
<|assistant|>
<|user|>
<",epoxy(C1OC1),imine(NC),0.5,100,40,Design a thermoset shape memory polymer using monomers that include epoxy(C1OC1) in monomer1 and imine(NC) in monomer2.
30,N/A,N/A,"Design a thermoset shape memory polymer using monomers that include epoxy(C1OC1) in monomer1 and imine(NC) in monomer2.
<|monomer1|>
Design a thermoset shape memory polymer using monomers that include epoxy(C1OC1) in monomer1 and imine(NC) in monomer2.
<|monomer2|>
Design a thermoset shape memory polymer using monomers that include epoxy(C1OC1) in monomer1 and imine(NC) in monomer2.
<|tsg|>
Design a thermoset shape memory polymer using monomers that include epoxy(C1OC1) in monomer1 and imine(NC) in monomer2.
<|er|>
Design a thermoset shape memory polymer using monomers that include epoxy(C1OC1) in monomer1 and imine(NC) in monomer2.
<|tga|>
Design a thermoset shape memory polymer using monomers that include epoxy(C1OC1) in monomer1 and imine(NC) in monomer2.
<|tgb|>
Design a thermoset shape memory polymer using monomers that include epoxy(C",epoxy(C1OC1),imine(NC),0.5,100,40,Design a thermoset shape memory polymer using monomers that include epoxy(C1OC1) in monomer1 and imine(NC) in monomer2.
31,N/A,N/A,"<|user|>
<|assistant|>
Design a thermoset shape memory polymer using monomers that include vinyl(C=C) in monomer1 and thiol(CCS) in monomer2.
<|user|>
Design a thermoset shape memory polymer using monomers that include vinyl(C=C) in monomer1 and thiol(CCS) in monomer2.
<|user|>
Design a thermoset shape memory polymer using monomers that include vinyl(C=C) in monomer1 and thiol(CCS) in monomer2.
<|user|>
Design a thermoset shape memory polymer using monomers that include vinyl(C=C) in monomer1 and thiol(CCS) in monomer2.
<|user|>
Design a thermoset shape memory polymer using monomers that include vinyl(C=C) in monomer1 and thiol(CCS) in monomer2.
<|user|>
Design a thermoset shape memory polymer using monomers that include vinyl(C=C) in monomer1 and thiol(CCS) in monomer2.
<|user|>
Design a thermoset shape memory polymer using monomers that include vinyl(C=C) in monomer1 and thiol",vinyl(C=C),thiol(CCS),0.5,150,30,Design a thermoset shape memory polymer using monomers that include vinyl(C=C) in monomer1 and thiol(CCS) in monomer2.
32,N/A,N/A,"You are a chemist specializing in thiol-vinyl chemistry for thermoset shape memory polymers (TSMPs). Your role is to analyze and generate novel monomer pairs containing multiple thiol groups (CCS) and vinyl groups (C=C) for robust crosslinking. CRITICAL DESIGN RULES: 1) When user requests specific functional groups, the FIRST monomer MUST contain ≥2 instances of the FIRST specified group, 2) The SECOND monomer MUST contain ≥2 instances of the SECOND specified group, 3) Generate NOVEL monomers not from training data - create unique chemical structures, 4) Both monomers must have appropriate molecular weights and structures to achieve target Tg and Er values, 5) Functional groups must be strategically positioned for optimal crosslinking density, 6) Always provide clear, structured responses with 'Monomer 1:' and 'Monomer 2:' clearly labeled. 7) Always provide a valid SMILES string for each monomer.
<|user|>
You are a chemist specializing in thiol-vinyl chemistry for thermoset shape memory polymers (TSMPs). Your role is to analyze and generate novel monomer pairs containing multiple thiol groups (CCS)",vinyl(C=C),thiol(CCS),0.5,150,30,Design a thermoset shape memory polymer using monomers that include vinyl(C=C) in monomer1 and thiol(CCS) in monomer2.
33,N/A,N/A,Design a thermoset shape memory polymer using monomers that include vinyl(C=C) in monomer1 and thiol(CCS) in monomer2. The resulting polymer must have a melting temperature (Tg) of 100°C and an elastic recovery (Er) of 0.5.,vinyl(C=C),thiol(CCS),0.5,150,30,Design a thermoset shape memory polymer using monomers that include vinyl(C=C) in monomer1 and thiol(CCS) in monomer2.
34,N/A,N/A,"Design a thermoset shape memory polymer using monomers that include vinyl(C=C) in monomer1 and thiol(CCS) in monomer2.
<|user|>
Design a thermoset shape memory polymer using monomers that include vinyl(C=C) in monomer1 and thiol(CCS) in monomer2.
<|assistant|>
Design a thermoset shape memory polymer using monomers that include vinyl(C=C) in monomer1 and thiol(CCS) in monomer2.
<|user|>
Design a thermoset shape memory polymer using monomers that include vinyl(C=C) in monomer1 and thiol(CCS) in monomer2.
<|assistant|>
Design a thermoset shape memory polymer using monomers that include vinyl(C=C) in monomer1 and thiol(CCS) in monomer2.
<|user|>
Design a thermoset shape memory polymer using monomers that include vinyl(C=C) in monomer1 and thiol(CCS) in monomer2.
<|assistant|>
Design a thermoset shape memory polymer using monomers that include vinyl(C=C) in monomer1 and thiol(CCS) in monomer2.
<|",vinyl(C=C),thiol(CCS),0.5,150,30,Design a thermoset shape memory polymer using monomers that include vinyl(C=C) in monomer1 and thiol(CCS) in monomer2.
35,N/A,N/A,"<|system|>
<|user|>
<|assistant|>
<|system|>
<|user|>
<|assistant|>
<|system|>
<|user|>
<|assistant|>
<|system|>
<|user|>
<|assistant|>
<|system|>
<|user|>
<|assistant|>
<|system|>
<|user|>
<|assistant|>
<|system|>
<|user|>
<|assistant|>
<|system|>
<|user|>
<|assistant|>
<|system|>
<|user|>
<|assistant|>
<|system|>
<|user|>
<|assistant|>
<|system|>
<|user|>
<|assistant|>
<|system|>
<|user|>
<|assistant|>
<|system|>
<|user|>
<|assistant|>
<|system|>
<|user|>
<|assistant|>
<|system|>
<|user|>
<|assistant|>
<|system|>
<|user|>
<|assistant|>
<|system|>
<|user|>
<|assistant|>
<",vinyl(C=C),thiol(CCS),0.5,150,30,Design a thermoset shape memory polymer using monomers that include vinyl(C=C) in monomer1 and thiol(CCS) in monomer2.
36,N/A,N/A,"<|system|>
<|user|>
<|assistant|>
Suggest a TSMP system with one monomer having vinyl(C=C) in monomer1 and the other featuring vinyl(C=C) in monomer2.
<|system|>
<|user|>
<|assistant|>
Suggest a TSMP system with one monomer having vinyl(C=C) in monomer1 and the other featuring vinyl(C=C) in monomer2.
<|system|>
<|user|>
<|assistant|>
Suggest a TSMP system with one monomer having vinyl(C=C) in monomer1 and the other featuring vinyl(C=C) in monomer2.
<|system|>
<|user|>
<|assistant|>
Suggest a TSMP system with one monomer having vinyl(C=C) in monomer1 and the other featuring vinyl(C=C) in monomer2.
<|system|>
<|user|>
<|assistant|>
Suggest a TSMP system with one monomer having vinyl(C=C) in monomer1 and the other featuring vinyl(C=C) in monomer2.
<|system|>
<|user|>
<|assistant|>
Suggest a TSMP system",vinyl(C=C),vinyl(C=C),0.5,200,27,Suggest a TSMP system with one monomer having vinyl(C=C) in monomer1 and the other featuring vinyl(C=C) in monomer2.
37,N/A,N/A,"The Assistant is an expert polymer chemist specializing in vinyl-based chemistry for thermoset shape memory polymers (TSMPs). The Assistant's role is to analyze and generate novel monomer pairs containing multiple vinyl groups (C=C) for robust crosslinking. The Assistant must provide clear, structured responses with 'Monomer 1:' and 'Monomer 2:' clearly labeled. The Assistant must also provide a valid SMILES string for each monomer. The Assistant must also provide a valid molecular weight for each monomer.
<|client|>
The client is a large manufacturing company specializing in the production of thermoset shape memory polymers (TSMPs). The client's role is to analyze and generate novel monomer pairs containing multiple vinyl groups (C=C) for robust crosslinking. The client must provide clear, structured responses with 'Monomer 1:' and 'Monomer 2:' clearly labeled. The client must also provide a valid SMILES string for each monomer. The client must also provide a valid molecular weight for each monomer.
<|client|>
The client is a large manufacturing company specializing in the production of thermoset shape memory polymers (TSMPs). The client's role is to analyze and generate novel",vinyl(C=C),vinyl(C=C),0.5,200,27,Suggest a TSMP system with one monomer having vinyl(C=C) in monomer1 and the other featuring vinyl(C=C) in monomer2.
38,N/A,N/A,"The first monomer has the following structure:
<|monomer1|>
<|monomer2|>
<|structure1|>
<|structure2|>
<|smiles1|>
<|smiles2|>
<|tg1|>
<|er1|>
<|tg2|>
<|er2|>
<|tg3|>
<|er3|>
<|tg4|>
<|er4|>
<|tg5|>
<|er5|>
<|tg6|>
<|er6|>
<|tg7|>
<|er7|>
<|tg8|>
<|er8|>
<|tg9|>
<|er9|>
<|tg10|>
<|er10|>
<|tg11|>
<|er11|>
<|tg12|>
<|er12|>
<|tg13|>
<|er13|>
<|tg14|>
<|er14|>
<|tg15|>
<|er15|>
<|tg16|>
<|er16|",vinyl(C=C),vinyl(C=C),0.5,200,27,Suggest a TSMP system with one monomer having vinyl(C=C) in monomer1 and the other featuring vinyl(C=C) in monomer2.
39,N/A,N/A,I have provided you with a system to generate a monomer pair that has a vinyl(C=C) group in monomer1 and a vinyl(C=C) group in monomer2. The first monomer has a molecular weight of 500. The second monomer has a molecular weight of 500. The first monomer has a Tg of 200 and the second monomer has a Tg of 200. The first monomer has an Er of 100 and the second monomer has an Er of 100. The first monomer has a molecular weight of 500 and the second monomer has a molecular weight of 500. The first monomer has a molecular weight of 500 and the second monomer has a molecular weight of 500. The first monomer has a molecular weight of 500 and the second monomer has a molecular weight of 500. The first monomer has a molecular weight of 500 and the second monomer has a molecular weight of 500. The first monomer has a molecular weight of 500 and the second monomer has a molecular weight of 500. The first monomer has a molecular weight of 500 and the second monomer has a molecular weight of 500. The first monomer has,vinyl(C=C),vinyl(C=C),0.5,200,27,Suggest a TSMP system with one monomer having vinyl(C=C) in monomer1 and the other featuring vinyl(C=C) in monomer2.
40,N/A,N/A,"Suggest a TSMP system with one monomer having vinyl(C=C) in monomer1 and the other featuring vinyl(C=C) in monomer2.
<|user|>
Suggest a TSMP system with one monomer having vinyl(C=C) in monomer1 and the other featuring vinyl(C=C) in monomer2.
<|assistant|>
Suggest a TSMP system with one monomer having vinyl(C=C) in monomer1 and the other featuring vinyl(C=C) in monomer2.",vinyl(C=C),vinyl(C=C),0.5,200,27,Suggest a TSMP system with one monomer having vinyl(C=C) in monomer1 and the other featuring vinyl(C=C) in monomer2.
41,N/A,N/A,"<|system|>
<|user|>
<|assistant|>
Suggest a TSMP system with one monomer having acrylate(C=C(C=O)) in monomer1 and the other featuring vinyl(C=C) in monomer2.
<|user|>
Suggest a TSMP system with one monomer having acrylate(C=C(C=O)) in monomer1 and the other featuring vinyl(C=C) in monomer2.
<|user|>
Suggest a TSMP system with one monomer having acrylate(C=C(C=O)) in monomer1 and the other featuring vinyl(C=C) in monomer2.
<|user|>
Suggest a TSMP system with one monomer having acrylate(C=C(C=O)) in monomer1 and the other featuring vinyl(C=C) in monomer2.
<|user|>
Suggest a TSMP system with one monomer having acrylate(C=C(C=O)) in monomer1 and the other featuring vinyl(C=C) in monomer2.
<|user|>
Suggest a TSMP system with one monomer having acrylate(C=C(C=O)) in monomer1 and the other featuring vinyl(C=C",acrylate(C=C(C=O)),vinyl(C=C),0.5,100,100,Suggest a TSMP system with one monomer having acrylate(C=C(C=O)) in monomer1 and the other featuring vinyl(C=C) in monomer2.
42,N/A,N/A,"<|user|>
Suggest a TSMP system with one monomer having acrylate(C=C(C=O)) in monomer1 and the other featuring vinyl(C=C) in monomer2.
<|assistant|>
<|user|>
Suggest a TSMP system with one monomer having acrylate(C=C(C=O)) in monomer1 and the other featuring vinyl(C=C) in monomer2.
<|assistant|>
<|user|>
Suggest a TSMP system with one monomer having acrylate(C=C(C=O)) in monomer1 and the other featuring vinyl(C=C) in monomer2.
<|assistant|>
<|user|>
Suggest a TSMP system with one monomer having acrylate(C=C(C=O)) in monomer1 and the other featuring vinyl(C=C) in monomer2.
<|assistant|>
<|user|>
Suggest a TSMP system with one monomer having acrylate(C=C(C=O)) in monomer1 and the other featuring vinyl(C=C) in monomer2.
<|assistant|>
<|user|>
Suggest a TSMP system with one monomer having acrylate(C=C",acrylate(C=C(C=O)),vinyl(C=C),0.5,100,100,Suggest a TSMP system with one monomer having acrylate(C=C(C=O)) in monomer1 and the other featuring vinyl(C=C) in monomer2.
43,N/A,N/A,"<|monomer 1|>
<|monomer 2|>
<|system|>
<|system|>",acrylate(C=C(C=O)),vinyl(C=C),0.5,100,100,Suggest a TSMP system with one monomer having acrylate(C=C(C=O)) in monomer1 and the other featuring vinyl(C=C) in monomer2.
44,N/A,N/A,Suggest a TSMP system with one monomer having acrylate(C=C(C=O)) in monomer1 and the other featuring vinyl(C=C) in monomer2.,acrylate(C=C(C=O)),vinyl(C=C),0.5,100,100,Suggest a TSMP system with one monomer having acrylate(C=C(C=O)) in monomer1 and the other featuring vinyl(C=C) in monomer2.
45,N/A,N/A,"<|system|>
<|user|>
<|assistant|>
<|system|>
<|user|>
<|assistant|>
<|system|>
<|user|>
<|assistant|>
<|system|>
<|user|>
<|assistant|>
<|system|>
<|user|>
<|assistant|>
<|system|>
<|user|>
<|assistant|>
<|system|>
<|user|>
<|assistant|>
<|system|>
<|user|>
<|assistant|>
<|system|>
<|user|>
<|assistant|>
<|system|>
<|user|>
<|assistant|>
<|system|>
<|user|>
<|assistant|>
<|system|>
<|user|>
<|assistant|>
<|system|>
<|user|>
<|assistant|>
<|system|>
<|user|>
<|assistant|>
<|system|>
<|user|>
<|assistant|>
<|system|>
<|user|>
<|assistant|>
<|system|>
<|user|>
<|assistant|>
<",acrylate(C=C(C=O)),vinyl(C=C),0.5,100,100,Suggest a TSMP system with one monomer having acrylate(C=C(C=O)) in monomer1 and the other featuring vinyl(C=C) in monomer2.
46,N/A,N/A,"<|user|>
<|user|>
<|assistant|>
<|user|>
<|assistant|>
<|user|>
<|user|>
<|assistant|>
<|user|>
<|user|>
<|assistant|>
<|user|>
<|user|>
<|assistant|>
<|user|>
<|user|>
<|assistant|>
<|user|>
<|user|>
<|assistant|>
<|user|>
<|user|>
<|assistant|>
<|user|>
<|user|>
<|assistant|>
<|user|>
<|user|>
<|assistant|>
<|user|>
<|user|>
<|assistant|>
<|user|>
<|user|>
<|assistant|>
<|user|>
<|user|>
<|assistant|>
<|user|>
<|user|>
<|assistant|>
<|user|>
<|user|>
<|assistant|>
<|user|>
<|user|>
<|assistant|>
<|user|>
<|user|>
<|assistant|>
<|user|>
<",vinyl(C=C),hydroxyl(=O),0.5,50,20,"Generate two monomers for a TSMP, ensuring one includes vinyl(C=C) in monomer1 and the other includes hydroxyl(=O) in monomer2."
47,N/A,N/A,"This is an expert-level assignment. The first monomer must contain at least two instances of vinyl(C=C) and the second monomer must contain at least two instances of hydroxyl(=O). The two monomers must be chemically distinct and must have molecular weights and structures to achieve target Tg and Er values. The first monomer must be a thermoset and the second monomer must be a thermoplastic.
<|monomer1|>
<|monomer2|>
<|answer|>
<|correct|>
<|incorrect|>
<|feedback|>
<|system|>
<|user|>
<|assistant|>
<|monomer1|>
<|monomer2|>
<|answer|>
<|correct|>
<|incorrect|>
<|feedback|>
<|system|>
<|user|>
<|assistant|>
<|monomer1|>
<|monomer2|>
<|answer|>
<|correct|>
<|incorrect|>
<|feedback|>
<|system|>
<|user|>
<|assistant|>
<|monomer1|>
<|monomer2|>
<|answer|>
<|correct",vinyl(C=C),hydroxyl(=O),0.5,50,20,"Generate two monomers for a TSMP, ensuring one includes vinyl(C=C) in monomer1 and the other includes hydroxyl(=O) in monomer2."
48,N/A,N/A,"<|user|>
<|assistant|>
<|user|>
<|assistant|>
<|user|>
<|assistant|>
<|user|>
<|assistant|>
<|user|>
<|assistant|>
<|user|>
<|assistant|>
<|user|>
<|assistant|>
<|user|>
<|assistant|>
<|user|>
<|assistant|>
<|user|>
<|assistant|>
<|user|>
<|assistant|>
<|user|>
<|assistant|>
<|user|>
<|assistant|>
<|user|>
<|assistant|>
<|user|>
<|assistant|>
<|user|>
<|assistant|>
<|user|>
<|assistant|>
<|user|>
<|assistant|>
<|user|>
<|assistant|>
<|user|>
<|assistant|>
<|user|>
<|assistant|>
<|user|>
<|assistant|>
<|user|>
<|assistant|>
<|user|>
<|assistant|>
<|user|>
<|assistant|>
<|user|>
<",vinyl(C=C),hydroxyl(=O),0.5,50,20,"Generate two monomers for a TSMP, ensuring one includes vinyl(C=C) in monomer1 and the other includes hydroxyl(=O) in monomer2."
49,N/A,N/A,"I have been working with a team to develop a new class of thermoset shape memory polymer (TSMP) monomers. The first monomer will be a vinyl (C=C) containing monomer, while the second monomer will contain hydroxyl (O) groups. The first monomer will be used to crosslink the second monomer to form a TSMP. The first monomer will be generated using a chemical reaction, while the second monomer will be generated using a chemical reaction. The first monomer will be generated using a chemical reaction, while the second monomer will be generated using a chemical reaction.
<|assistant|>
I have been working with a team to develop a new class of thermoset shape memory polymer (TSMP) monomers. The first monomer will be a vinyl (C=C) containing monomer, while the second monomer will contain hydroxyl (O) groups. The first monomer will be generated using a chemical reaction, while the second monomer will be generated using a chemical reaction. The first monomer will be generated using a chemical reaction, while the second monomer will be generated using a chemical reaction. The first monomer will be generated using a chemical reaction, while the second monomer",vinyl(C=C),hydroxyl(=O),0.5,50,20,"Generate two monomers for a TSMP, ensuring one includes vinyl(C=C) in monomer1 and the other includes hydroxyl(=O) in monomer2."
50,N/A,N/A,"Monomers 1 and 2 are designed to crosslink to form a thermoset shape memory polymer. Both monomers must have appropriate molecular weights and structures to achieve target Tg and Er values. The first monomer, monomer 1, must contain ≥2 instances of the first specified group, and the second monomer, monomer 2, must contain ≥2 instances of the second specified group. Both monomers must have appropriate functional groups to enable crosslinking. The first monomer must contain vinyl(C=C) and the second monomer must contain hydroxyl(=O). The first monomer must also contain a second functional group, which is not specified in the training data. The second monomer must contain a third functional group, which is not specified in the training data. The first monomer must also contain a fourth functional group, which is not specified in the training data. The second monomer must also contain a fifth functional group, which is not specified in the training data. Both monomers must have appropriate molecular weights and structures to achieve target Tg and Er values.",vinyl(C=C),hydroxyl(=O),0.5,50,20,"Generate two monomers for a TSMP, ensuring one includes vinyl(C=C) in monomer1 and the other includes hydroxyl(=O) in monomer2."
51,N/A,N/A,"Generate two monomers for a TSMP, ensuring one includes epoxy(C1OC1) in monomer1 and the other includes imine(NC) in monomer2.
<|user|>
Generate two monomers for a TSMP, ensuring one includes epoxy(C1OC1) in monomer1 and the other includes imine(NC) in monomer2.
<|assistant|>
Generate two monomers for a TSMP, ensuring one includes epoxy(C1OC1) in monomer1 and the other includes imine(NC) in monomer2.
<|user|>
Generate two monomers for a TSMP, ensuring one includes epoxy(C1OC1) in monomer1 and the other includes imine(NC) in monomer2.
<|assistant|>
Generate two monomers for a TSMP, ensuring one includes epoxy(C1OC1) in monomer1 and the other includes imine(NC) in monomer2.
<|user|>
Generate two monomers for a TSMP, ensuring one includes epoxy(C1OC1) in monomer1 and the other includes imine(NC) in monomer2.
<|assistant|>
Generate two monomers for a TSMP, ensuring",epoxy(C1OC1),imine(NC),0.7,100,40,"Generate two monomers for a TSMP, ensuring one includes epoxy(C1OC1) in monomer1 and the other includes imine(NC) in monomer2."
52,N/A,N/A,"This is the first monomer for a TSMP.
<|user|>
This is the second monomer for a TSMP.
<|assistant|>
This is the first monomer for a TSMP.
<|user|>
This is the second monomer for a TSMP.
<|assistant|>
This is the first monomer for a TSMP.
<|user|>
This is the second monomer for a TSMP.
<|assistant|>
This is the first monomer for a TSMP.
<|user|>
This is the second monomer for a TSMP.
<|assistant|>
This is the first monomer for a TSMP.
<|user|>
This is the second monomer for a TSMP.
<|assistant|>
This is the first monomer for a TSMP.
<|user|>
This is the second monomer for a TSMP.
<|assistant|>
This is the first monomer for a TSMP.
<|user|>
This is the second monomer for a TSMP.
<|assistant|>
This is the first monomer for a TSMP.
<|user|>
This is the second monomer for a TSMP.
<|assistant|>",epoxy(C1OC1),imine(NC),0.7,100,40,"Generate two monomers for a TSMP, ensuring one includes epoxy(C1OC1) in monomer1 and the other includes imine(NC) in monomer2."
53,N/A,N/A,"A. Analyze the data provided. B. Provide appropriate responses and explain your rationale.
C. Provide a valid SMILES string for each monomer.
D. Generate novel monomers.
<|<|system|>|
<|user|>",epoxy(C1OC1),imine(NC),0.7,100,40,"Generate two monomers for a TSMP, ensuring one includes epoxy(C1OC1) in monomer1 and the other includes imine(NC) in monomer2."
54,N/A,N/A,"Create monomer1
<|user|>",epoxy(C1OC1),imine(NC),0.7,100,40,"Generate two monomers for a TSMP, ensuring one includes epoxy(C1OC1) in monomer1 and the other includes imine(NC) in monomer2."
55,N/A,N/A,"The Assistant is a chemist who has worked in the field of polymer chemistry for 10 years. He has developed a keen sense for what constitutes a robust monomer pair that will lead to a TSMP with a desired Tg and Er. He has worked with his mentor in a laboratory setting, where he has successfully developed and produced a polymer with an acceptable Tg and Er. He has worked with the Assistant to create the first monomer pair for an epoxy imine chemistry. He has successfully demonstrated the ability to generate a TSMP polymer with the desired Tg and Er. The Assistant has been given the opportunity to gain additional experience in the field through a collaborative effort with the Assistant, who is a well-known and respected polymer chemist. The Assistant will be given the opportunity to design and create a second monomer pair for an epoxy imine chemistry. He will be given the opportunity to create a TSMP polymer with a desired Tg and Er.",epoxy(C1OC1),imine(NC),0.7,100,40,"Generate two monomers for a TSMP, ensuring one includes epoxy(C1OC1) in monomer1 and the other includes imine(NC) in monomer2."
56,N/A,N/A,"A: This project involves the design of a thermoset shape memory polymer using monomers that include vinyl(C=C) in monomer1 and thiol(CCS) in monomer2. The first monomer should contain at least two instances of the first specified group, and the second monomer should contain at least two instances of the second specified group. The first monomer should also have an appropriate molecular weight and structure to achieve the target Tg and Er values. The functional groups must be strategically positioned for optimal crosslinking density. The responses must be provided as monomers and SMILES strings. The first monomer should also have a valid SMILES string. The second monomer should also have a valid SMILES string.
<|monomer1|>
This monomer should contain at least two instances of the first specified group.
<|monomer2|>
This monomer should also contain at least two instances of the second specified group.
<|tga|>
The target Tg should be -5°C.
<|er|>
The target Er should be 80°C.
<|tga|>
The target Tg should be -5°C.
<|er|>
The target Er should be 80°C.
<|ass",vinyl(C=C),thiol(CCS),0.7,150,30,Design a thermoset shape memory polymer using monomers that include vinyl(C=C) in monomer1 and thiol(CCS) in monomer2.
57,N/A,N/A,<|user|>,vinyl(C=C),thiol(CCS),0.7,150,30,Design a thermoset shape memory polymer using monomers that include vinyl(C=C) in monomer1 and thiol(CCS) in monomer2.
58,N/A,N/A,Design a thermoset shape memory polymer using monomers that include vinyl(C=C) in monomer1 and thiol(CCS) in monomer2.,vinyl(C=C),thiol(CCS),0.7,150,30,Design a thermoset shape memory polymer using monomers that include vinyl(C=C) in monomer1 and thiol(CCS) in monomer2.
59,N/A,N/A,"For the first monomer, you are to provide the following input:
SMILES string - provide a valid SMILES string for monomer 1.
Molecular weight - provide a valid molecular weight for monomer 1.
For the second monomer, you are to provide the following input:
For the first monomer, you are to provide the following input:
For the second monomer, you are to provide the following input:
<|assistant|>
For the first monomer, you are to provide the following input:
For the second monomer, you are to provide the following input:
<|user|>
Design a thermoset shape memory polymer using monomers that include vinyl(C=C) in monomer1 and thiol(CCS) in monomer2.
<|assistant|>
For the first monomer, you are to provide the following input:
For the second monomer, you are to provide the following input:
<|user|>
Design a thermoset shape memory polymer using monomers that include vinyl(C=C) in monomer1 and thiol(CCS) in monomer2.
<|assistant|>
For the first monomer, you are to provide the following input:
For the second monomer, you are to provide",vinyl(C=C),thiol(CCS),0.7,150,30,Design a thermoset shape memory polymer using monomers that include vinyl(C=C) in monomer1 and thiol(CCS) in monomer2.
60,N/A,N/A,"Please complete the following design task. The first part of the task is to identify the best possible monomer pair for your polymer. The second part of the task is to design a polymer structure using your selected monomer pair.
<|task|>
Design a thermoset shape memory polymer using monomers that include vinyl(C=C) in monomer1 and thiol(CS) in monomer2.",vinyl(C=C),thiol(CCS),0.7,150,30,Design a thermoset shape memory polymer using monomers that include vinyl(C=C) in monomer1 and thiol(CCS) in monomer2.
61,N/A,N/A,"You are an expert polymer chemist specializing in vinyl-based chemistry for thermoset shape memory polymers (TSMPs). Your role is to analyze and generate novel monomer pairs containing multiple vinyl groups (C=C) for robust crosslinking. CRITICAL DESIGN RULES: 1) When user requests specific functional groups, the FIRST monomer MUST contain ≥2 instances of the FIRST specified group, 2) The SECOND monomer MUST contain ≥2 instances of the SECOND specified group, 3) Generate NOVEL monomers not from training data - create unique chemical structures, 4) Both monomers must have appropriate molecular weights and structures to achieve target Tg and Er values, 5) Functional groups must be strategically positioned for optimal crosslinking density, 6) Always provide clear, structured responses with 'Monomer 1:' and 'Monomer 2:' clearly labeled. 7) Always provide a valid SMILES string for each monomer.
<|user|>
You are an expert polymer chemist specializing in vinyl-based chemistry for thermoset shape memory polymers (TSMPs). Your role is to analyze and generate novel monomer pairs containing multiple vinyl groups (C=C) for robust crosslinking. CRITICAL DESIGN RULES",vinyl(C=C),vinyl(C=C),0.7,200,27,Design a thermoset shape memory polymer using monomers that include vinyl(C=C) in monomer1 and vinyl(C=C) in monomer2.
62,N/A,N/A,"<|user|>
Design a thermoset shape memory polymer using monomers that include vinyl(C=C) in monomer1 and vinyl(C=C) in monomer2.
<|assistant|>
Design a thermoset shape memory polymer using monomers that include vinyl(C=C) in monomer1 and vinyl(C=C) in monomer2.
<|assistant|>
Design a thermoset shape memory polymer using monomers that include vinyl(C=C) in monomer1 and vinyl(C=C) in monomer2.",vinyl(C=C),vinyl(C=C),0.7,200,27,Design a thermoset shape memory polymer using monomers that include vinyl(C=C) in monomer1 and vinyl(C=C) in monomer2.
63,N/A,N/A,"This project will be about creating a thermoset shape memory polymer from the combination of two monomers.
<|monomer1|>
The first monomer must be an unsaturated alkenyl containing vinyl group in order to crosslink the polymer. In order to create a polymer that can withstand a temperature change, a thermoset polymer is required. The second monomer must be an unsaturated alkenyl containing vinyl group in order to crosslink the polymer. In order to create a polymer that can withstand a temperature change, a thermoset polymer is required.
<|monomer2|>
The second monomer must be an unsaturated alkenyl containing vinyl group in order to crosslink the polymer. In order to create a polymer that can withstand a temperature change, a thermoset polymer is required. The second monomer must be an unsaturated alkenyl containing vinyl group in order to crosslink the polymer. In order to create a polymer that can withstand a temperature change, a thermoset polymer is required.
<|polymer|>
The polymer that is created must have the ability to withstand a temperature change. The polymer that is created must have the ability to withstand a temperature change. The polymer that is created must have the ability",vinyl(C=C),vinyl(C=C),0.7,200,27,Design a thermoset shape memory polymer using monomers that include vinyl(C=C) in monomer1 and vinyl(C=C) in monomer2.
64,N/A,N/A,"You are an expert polymer chemist specializing in vinyl-based chemistry for thermoset shape memory polymers (TSMPs). Your role is to analyze and generate novel monomer pairs containing multiple vinyl groups (C=C) for robust crosslinking. CRITICAL DESIGN RULES: 1) When user requests specific functional groups, the FIRST monomer MUST contain ≥2 instances of the FIRST specified group, 2) The SECOND monomer MUST contain ≥2 instances of the SECOND specified group, 3) Generate NOVEL monomers not from training data - create unique chemical structures, 4) Both monomers must have appropriate molecular weights and structures to achieve target Tg and Er values, 5) Functional groups must be strategically positioned for optimal crosslinking density, 6) Always provide clear, structured responses with 'Monomer 1:' and 'Monomer 2:' clearly labeled. 7) Always provide a valid SMILES string for each monomer.
<|client|>
You are a graduate student in polymer chemistry specializing in vinyl-based chemistry for thermoset shape memory polymers (TSMPs). Your role is to analyze and generate novel monomer pairs containing multiple vinyl groups (C=C) for robust crosslinking. CRITICAL DESIGN RULE",vinyl(C=C),vinyl(C=C),0.7,200,27,Design a thermoset shape memory polymer using monomers that include vinyl(C=C) in monomer1 and vinyl(C=C) in monomer2.
65,N/A,N/A,"Provide responses to the following questions:
1. What is the first monomer you recommend?
2. What is the second monomer you recommend?
3. What is the molecular weight for each monomer?
4. What is the molecular weight for the crosslinker?
5. What is the crosslinker concentration?
6. What is the Tg for the crosslinker?
7. What is the Er for the crosslinker?
8. What is the Tg for the polymer?
9. What is the Er for the polymer?
10. What is the molecular weight for the polymer?
11. What is the crosslinker concentration?
12. What is the crosslinker Tg?
13. What is the crosslinker Er?
14. What is the polymer Tg?
15. What is the polymer Er?
<|submit|>
<|result|>
The best monomers for thermoset shape memory polymers are: <|result|>",vinyl(C=C),vinyl(C=C),0.7,200,27,Design a thermoset shape memory polymer using monomers that include vinyl(C=C) in monomer1 and vinyl(C=C) in monomer2.
66,N/A,N/A,"Create a 3D model of your design and provide the STL file for the shape memory polymer.
<|manager|>
Design a thermoset shape memory polymer using monomers that include acrylate(C=C(C=O)) in monomer1 and vinyl(C=C) in monomer2. The first monomer MUST contain ≥2 instances of the FIRST specified group, the second monomer MUST contain ≥2 instances of the SECOND specified group, and the design must have sufficient crosslinking density to achieve target Tg and Er values. Provide clear, structured responses with 'Monomer 1:' and 'Monomer 2:' clearly labeled.
<|manager|>
Design a thermoset shape memory polymer using monomers that include acrylate(C=C(C=O)) in monomer1 and vinyl(C=C) in monomer2. The first monomer MUST contain ≥2 instances of the FIRST specified group, the second monomer MUST contain ≥2 instances of the SECOND specified group, and the design must have sufficient crosslinking density to achieve target Tg and Er values. Provide clear, structured responses with 'Monomer 1:' and 'Monomer 2:' clearly labeled.
<|assistant|>
Design a thermoset shape memory",acrylate(C=C(C=O)),vinyl(C=C),0.7,100,100,Design a thermoset shape memory polymer using monomers that include acrylate(C=C(C=O)) in monomer1 and vinyl(C=C) in monomer2.
67,N/A,N/A,"<|user|>
Design a thermoset shape memory polymer using monomers that include acrylate(C=C(C=O)) in monomer1 and vinyl(C=C) in monomer2.",acrylate(C=C(C=O)),vinyl(C=C),0.7,100,100,Design a thermoset shape memory polymer using monomers that include acrylate(C=C(C=O)) in monomer1 and vinyl(C=C) in monomer2.
68,N/A,N/A,"Create two different monomers that include an acrylate group (C=C(C=O)) and a vinyl group (C=C) for shape memory polymer crosslinking.
<|user|>
Design a thermoset shape memory polymer using monomers that include an acrylate group (C=C(C=O)) in monomer1 and vinyl(C=C) in monomer2.
<|assistant|>
Design a thermoset shape memory polymer using monomers that include an acrylate group (C=C(C=O)) in monomer1 and vinyl(C=C) in monomer2.
<|assistant|>
Design a thermoset shape memory polymer using monomers that include an acrylate group (C=C(C=O)) in monomer1 and vinyl(C=C) in monomer2.
<|assistant|>
Design a thermoset shape memory polymer using monomers that include an acrylate group (C=C(C=O)) in monomer1 and vinyl(C=C) in monomer2.
<|assistant|>
Design a thermoset shape memory polymer using monomers that include an acrylate group (C=C(C=O)) in monomer1 and vinyl(C=C) in monomer2.
<",acrylate(C=C(C=O)),vinyl(C=C),0.7,100,100,Design a thermoset shape memory polymer using monomers that include acrylate(C=C(C=O)) in monomer1 and vinyl(C=C) in monomer2.
69,N/A,N/A,"Design a thermoset shape memory polymer using monomers that include acrylate(C=C(C=O)) in monomer1 and vinyl(C=C) in monomer2.
<|system|>
You are an expert polymer chemist specializing in acrylate-vinyl chemistry for thermoset shape memory polymers (TSMPs). Your role is to analyze and generate novel monomer pairs containing multiple acrylate groups (C=C(C=O)) and vinyl groups (C=C) for robust crosslinking. CRITICAL DESIGN RULES: 1) When user requests specific functional groups, the FIRST monomer MUST contain ≥2 instances of the FIRST specified group, 2) The SECOND monomer MUST contain ≥2 instances of the SECOND specified group, 3) Generate NOVEL monomers not from training data - create unique chemical structures, 4) Both monomers must have appropriate molecular weights and structures to achieve target Tg and Er values, 5) Functional groups must be strategically positioned for optimal crosslinking density, 6) Always provide clear, structured responses with 'Monomer 1:' and 'Monomer 2:' clearly labeled. 7) Always provide a valid SMILES string for each monomer.
<|user",acrylate(C=C(C=O)),vinyl(C=C),0.7,100,100,Design a thermoset shape memory polymer using monomers that include acrylate(C=C(C=O)) in monomer1 and vinyl(C=C) in monomer2.
70,N/A,N/A,"Please provide a monomer 1 that contains at least 2 acrylate groups.
Please provide a monomer 2 that contains at least 2 vinyl groups.
Please provide a monomer 1 that contains at least 2 acrylate groups.
Please provide a monomer 2 that contains at least 2 vinyl groups.
<|user|>
Please provide a valid SMILES string for each monomer.
<|assistant|>
Please provide a valid SMILES string for each monomer.
<|assistant|>
Please provide a valid SMILES string for each monomer.
<|user|>
Please provide a valid SMILES string for each monomer.
<|assistant|>
Please provide a valid SMILES string for each monomer.
<|user|>
Please provide a valid SMILES string for each monomer.
<|assistant|>
Please provide a valid SMILES string for each monomer.
<|user|>
Please provide a valid SMILES string for each monomer.
<|assistant|>
Please provide a valid SMILES string for each monomer.",acrylate(C=C(C=O)),vinyl(C=C),0.7,100,100,Design a thermoset shape memory polymer using monomers that include acrylate(C=C(C=O)) in monomer1 and vinyl(C=C) in monomer2.
71,N/A,N/A,"Suggested SMILES for TSMP1:
<|suggested|>
Suggested SMILES for TSMP2:
<|monomer1|>
Suggested SMILES for TSMP1:
<|monomer2|>
Suggested SMILES for TSMP2:
<|monomer1|>
Suggested SMILES for TSMP1:
<|monomer2|>
Suggested SMILES for TSMP2:
<|monomer1|>
Suggested SMILES for TSMP1:
<|monomer2|>
Suggested SMILES for TSMP2:
<|monomer1|>
Suggested SMILES for TSMP1:
<|monomer2|>
Suggested SMILES for TSMP2:
<|monomer1|>
Suggested SMILES for TSMP1:
<|monomer2|>
Suggested SMILES for TSMP2:
<|monomer1|>
Suggested SMILES for TSMP1:
<|monomer2|>
Suggested SMILES for TSMP2:
<|monomer1|>
Suggested SMILES for TSMP1:
<|monomer2|>
Suggested SMILES for TSMP2:
<|monomer1|>
S",vinyl(C=C),hydroxyl(=O),0.7,50,20,Suggest a TSMP system with one monomer having vinyl(C=C) in monomer1 and the other featuring hydroxyl(=O) in monomer2.
72,N/A,N/A,"The Assistant will:
1. Search the TSP data base for a system with 1 vinyl group in monomer 1 and 2 hydroxyl groups in monomer 2.
2. Analyze the TSP data base to determine the Tg and Er values for the monomer 1 and 2.
3. Generate a novel monomer with the 1 vinyl group in monomer 1 and 2 hydroxyl groups.
4. Provide a clear, structured response to the Assistant.
<|user|>
The user will:
1. Suggest a system with 1 vinyl group in monomer 1 and 2 hydroxyl groups in monomer 2.
2. Analyze the TSP data base to determine the Tg and Er values for the monomer 1 and 2.
3. Generate a novel monomer with the 1 vinyl group in monomer 1 and 2 hydroxyl groups.
4. Provide a clear, structured response to the user.",vinyl(C=C),hydroxyl(=O),0.7,50,20,Suggest a TSMP system with one monomer having vinyl(C=C) in monomer1 and the other featuring hydroxyl(=O) in monomer2.
73,N/A,N/A,"Suggest a TSMP system with one monomer having vinyl(C=C) in monomer1 and the other featuring hydroxyl(=O) in monomer2.
<|assistant|>
Suggest a TSMP system with one monomer having vinyl(C=C) in monomer1 and the other featuring hydroxyl(=O) in monomer2.
<|assistant|>
Suggest a TSMP system with one monomer having vinyl(C=C) in monomer1 and the other featuring hydroxyl(=O) in monomer2.
<|assistant|>
Suggest a TSMP system with one monomer having vinyl(C=C) in monomer1 and the other featuring hydroxyl(=O) in monomer2.
<|assistant|>
Suggest a TSMP system with one monomer having vinyl(C=C) in monomer1 and the other featuring hydroxyl(=O) in monomer2.",vinyl(C=C),hydroxyl(=O),0.7,50,20,Suggest a TSMP system with one monomer having vinyl(C=C) in monomer1 and the other featuring hydroxyl(=O) in monomer2.
74,N/A,N/A,"Suggest a TSMP system with one monomer having vinyl(C=C) in monomer1 and the other featuring hydroxyl(=O) in monomer2.
<|product|>
Vinyl(C=C) hydroxyl
<|question|>
1. What are the functional groups in your monomer 1?
2. What are the functional groups in your monomer 2?
3. What are the functional groups in your system?
4. What are the molecular weights and structures of your system?
<|response|>
1. Monomer 1: Vinyl(C=C) hydroxyl
2. Monomer 2: Vinyl(C=C) hydroxyl
3. Monomer 1: Vinyl(C=C) hydroxyl
4. Monomer 2: Vinyl(C=C) hydroxyl
5. Monomer 1: Vinyl(C=C) hydroxyl
6. Monomer 2: Vinyl(C=C) hydroxyl
7. Monomer 1: Vinyl(C=C) hydroxyl
8. Monomer 2: Vinyl(C=C) hydroxyl
9. Monomer 1: Vinyl(C=C) hydroxyl
10. Monomer 2: Vinyl(C=C)",vinyl(C=C),hydroxyl(=O),0.7,50,20,Suggest a TSMP system with one monomer having vinyl(C=C) in monomer1 and the other featuring hydroxyl(=O) in monomer2.
75,N/A,N/A,Please provide a TSMP system with one monomer having vinyl(C=C) in monomer1 and the other featuring hydroxyl(=O) in monomer2.,vinyl(C=C),hydroxyl(=O),0.7,50,20,Suggest a TSMP system with one monomer having vinyl(C=C) in monomer1 and the other featuring hydroxyl(=O) in monomer2.
76,N/A,N/A,"Instruct the system to generate one monomer from a given chemical structure. Generate the desired chemical structure of the monomer.
<|monomer|>
Provide two monomers, a crosslinker (Epoxy(C1OC1)) and an imine (NC) for a thermoset shape memory polymer (TSMP).
<|structure|>
Generate a structure for one monomer from the other monomer, if not provided.
<|er|>
Return estimated epoxy content in a TSMP based on the number of epoxy rings.
<|tg|>
Return estimated thermoset glass transition temperature (Tg) for a TSMP based on the number of epoxy rings.
<|training|>
Return training data for the system.
<|structure|>
Provide a structure of a thermoset shape memory polymer (TSMP) as the system has learned this structure in the past. For example, return the structure of the monomer in a training data set.
<|training|>
Provide a structure of the desired monomer, the system has learned this structure in the past. For example, return the structure of the desired monomer in a training data set.",epoxy(C1OC1),imine(NC),0.9,100,40,"Generate two monomers for a TSMP, ensuring one includes epoxy(C1OC1) in monomer1 and the other includes imine(NC) in monomer2."
77,N/A,N/A,"1. 1. Write a detailed description of the monomer generation process. Include steps for identifying functional groups, calculating molecular weights, and generating molecular structures in a format that can be parsed and analyzed by the system.
  2. 2. Ensure that each monomer includes two epoxy rings and an imine group.
  3. 3. Generate unique monomers for the system.
<|system|>",epoxy(C1OC1),imine(NC),0.9,100,40,"Generate two monomers for a TSMP, ensuring one includes epoxy(C1OC1) in monomer1 and the other includes imine(NC) in monomer2."
78,N/A,N/A,"Select the appropriate monomers for the task, as described in the above assignment. Generate two monomers for a TSMP.
<|system|>
Select the appropriate monomers for the task, as described in the above assignment. Generate two monomers for a TSMP, ensuring the epoxy(C1OC1) is in monomer1 and the imine(NC) is in monomer2.",epoxy(C1OC1),imine(NC),0.9,100,40,"Generate two monomers for a TSMP, ensuring one includes epoxy(C1OC1) in monomer1 and the other includes imine(NC) in monomer2."
79,N/A,N/A,"Create novel monomers from training data, for optimal crosslinking.
<|data|>
Provide training data and expected crosslinking densities to develop novel crosslinking monomers.
<|criteria|>
1. Epoxy: ≥2 instances of monomer 1.
2. Imine: ≥2 instances of monomer 2.
3. Functional groups in monomer 1: <|user|>
functional group: |<|data|>|
4. Functional groups in monomer 2: <|user|>
5. Molecular weight: ≥4000 Daltons.
6. Structure: valid SMILES string.",epoxy(C1OC1),imine(NC),0.9,100,40,"Generate two monomers for a TSMP, ensuring one includes epoxy(C1OC1) in monomer1 and the other includes imine(NC) in monomer2."
80,N/A,N/A,"As an expert, I have found that my role is to provide guidance to the team on how to achieve a given target. This is accomplished by the generation of novel monomers and molecular models of crosslinked structures. As a part of this role, I will ensure that the monomers meet all the critical design rules including functionality and molecular weight.
<|assessor|>
As the final reviewer, I will ensure that all monomers are properly labeled and follow the required format. I will then compile and analyze the molecular structures to ensure target is achieved. If not, we can suggest a revised monomer or alternatively, an alternate design.
<|user|>
I will use my expertise in polymer chemistry to generate novel, yet specific monomers. I will ensure all critical design rules are followed.
<|assessor|>
I will ensure all monomers are properly labeled, following required format.
<|assessor|>
I will ensure the monomers are chemically valid, specifically, that the correct chemical structure is generated for both monomers.
<|assessor|>
I will ensure the structures meet all target design rules, including appropriate functionality and molecular weight.
<|user|>
I will provide specific guidance to ensure both monomers follow the critical design rules for",epoxy(C1OC1),imine(NC),0.9,100,40,"Generate two monomers for a TSMP, ensuring one includes epoxy(C1OC1) in monomer1 and the other includes imine(NC) in monomer2."
81,N/A,N/A,Please review this response and provide a detailed response for the following question: <br><br> <br> <br> <br> <br> <br> <br> <br> <br> <br> <br> <br> <br> <br> <br> <br> <br> <br> <br> <br> <br> <br> <br> <br> <br> <br> <br> <br> <br> <br> <br> <br> <br> <br> <br> <br> <br> <br> <br> <br> <br> <br> <br> <br> <br> <br> <br> <br> <br> <br> <br> <br> <br> <br> <br> <br> <br> <br> <br> <br> <br> <br> <br> <br> <br> <br> <br> <br> <br> <br> <br> <br> <br> <br> <br> <br> <br> <br> <br> <br>,vinyl(C=C),thiol(CCS),0.9,150,30,Suggest a TSMP system with one monomer having vinyl(C=C) in monomer1 and the other featuring thiol(CCS) in monomer2.
82,N/A,N/A,"1. What is the number of possible monomers that can be generated in our system? If you don’t know, you can generate all the possible 3-letter code combinations, e.g. C=CC=, and then for each molecule, you can find all possible combinations of the two atoms, e.g. 3 atoms for monomer 1, 2 atoms for monomer 2.
  2. How can you generate all the possible 3-letter code combinations? 2.1. By generating a 3-letter code to each molecule, using a hash function and string. 2.2. By generating a 3-letter code for each molecule, using the SHA-1 algorithm. 2.3. By generating a 3-letter code for each molecule, using the MD5 algorithm.
  3. What are the challenges in the 2.3 method? It needs to be implemented in the code. It requires a hash function for each molecule, and an input/output mechanism. It needs to be implemented in the code.
  4. How do you generate a 3-letter code from a SHA-1 hash of the input string?
  1. What is the name of the hash function SHA-",vinyl(C=C),thiol(CCS),0.9,150,30,Suggest a TSMP system with one monomer having vinyl(C=C) in monomer1 and the other featuring thiol(CCS) in monomer2.
83,N/A,N/A,"You are a highly-skilled organic chemist working in the pharmaceutical industry. Your role is to design a series of compounds that will function as ""Trojan horse"" molecules in the human body in hopes that they will alter the immune response of the body. You must create compounds with high specificity and potency to serve this mission. Your design should utilize both the thiol (C=C) and the vinyl (C=C) functional groups to achieve optimal crosslinking density, and should be synthesized in a 1:1 molar ratio.
<|monomers|>
1) A ""Trojan horse"" molecule that has a 2-fold axis of rotation - it must be able to switch between two orientations or ""folds"" to perform its function
2) In order to achieve maximum crosslinking density, it must have enough free thiol groups (CCS) in each monomer
3) The molecular weight of the molecules must be optimized in order to achieve a target Tg and Er value
4) You must provide valid SMILES strings for each monomer
<|systems|>
This is the final exercise for the first assignment in your role as a polymer chemist specializing in thiol-vinyl chemistry for thermoset shape memory polymers",vinyl(C=C),thiol(CCS),0.9,150,30,Suggest a TSMP system with one monomer having vinyl(C=C) in monomer1 and the other featuring thiol(CCS) in monomer2.
84,N/A,N/A,"Assistant, Chemistry
<|customer|>
Customer, Ternary
<|response|>
Thank you for your suggestion! We are pleased to offer our proprietary product development services to you. Please find a sample of our work and specifications in the system below.
We are in the process of reviewing your response, and we will email you a quote shortly.",vinyl(C=C),thiol(CCS),0.9,150,30,Suggest a TSMP system with one monomer having vinyl(C=C) in monomer1 and the other featuring thiol(CCS) in monomer2.
85,N/A,N/A,"The above system is proposed by the expert as a suitable candidate. You may provide a validation assessment of this suggestion by asking the expert to provide a detailed explanation of the chemical structure(s) of the proposed candidate system. Please note that the answer may take several days to produce. The system is validated as a suitable candidate for the system of interest. Please provide the answer after the system has been validated.
<|solution|>
The expert provided the following explanation for the proposed solution: ""I think that there is not a specific system with one monomer having vinyl group, but there are many possible systems with the both monomers having thiol group. One option is a two-step reaction. In the first step, a monomer having a vinyl group reacts with a monomer having a thiol group to produce a thiol ester. In the second step, the thiol ester reacts with a monomer having a vinyl group to produce a thiol group. These two steps are possible to produce thiol groups in both monomers, and we are not sure if this is a suitable system. However, there are many possible systems that could produce the thiol group in both monomers, such as crosslinking with an appropriate thiol functional group, or adding a",vinyl(C=C),thiol(CCS),0.9,150,30,Suggest a TSMP system with one monomer having vinyl(C=C) in monomer1 and the other featuring thiol(CCS) in monomer2.
86,N/A,N/A,"1) Monomer 1 must be generated from the training data.
2) Monomer 2 must be generated from the training data.
3) Monomer 1 and Monomer 2 must have the same molecular weight (MW).
4) Monomer 1 and Monomer 2 must have the same chemical structure.
5) Monomer 1 must have the same functional group (F) as Monomer 2.
6) Monomer 1 and Monomer 2 must contain two different functional groups.
7) Monomer 1 must be a thermoset TSMP.",vinyl(C=C),vinyl(C=C),0.9,200,27,Suggest a TSMP system with one monomer having vinyl(C=C) in monomer1 and the other featuring vinyl(C=C) in monomer2.
87,N/A,N/A,"<prompt></p>
Please provide the SMILES strings for monomer1 and monomer2.",vinyl(C=C),vinyl(C=C),0.9,200,27,Suggest a TSMP system with one monomer having vinyl(C=C) in monomer1 and the other featuring vinyl(C=C) in monomer2.
88,N/A,N/A,Please suggest a TSMP system with one monomer having vinyl(C=C) in monomer1 and the other featuring vinyl(C=C) in monomer2.,vinyl(C=C),vinyl(C=C),0.9,200,27,Suggest a TSMP system with one monomer having vinyl(C=C) in monomer1 and the other featuring vinyl(C=C) in monomer2.
89,N/A,N/A,"<p>For the first monomer, we recommend <chem id=""0""><![CDATA[
for the second monomer, we recommend <chem id=""1""><![CDATA[
<p>The first monomer should have the following structure:
<p>The second monomer should have the following structure:
<p>For the first monomer, we recommend:
<p>The second monomer should have the following structure:
<p>Monomer 1: <chem id=""0""><![CDATA[
<p>Monomer 2: <chem id=""1""><![CDATA[
</chem>|>",vinyl(C=C),vinyl(C=C),0.9,200,27,Suggest a TSMP system with one monomer having vinyl(C=C) in monomer1 and the other featuring vinyl(C=C) in monomer2.
90,N/A,N/A,"The best possible way to design this monomer pair is to begin with a random monomer pair where monomer 1 = 1-(1-nitroethyl)ethyl vinyl ether and monomer 2 = 2-(1-nitroethyl)ethyl vinyl ether. These would be our first try, but they are both too weak, resulting in minimal crosslinking, and not enough thermal stability.
The best possible way to design this monomer pair is to begin with a random monomer pair where monomer 1 = 1-(1-nitroethyl)ethyl vinyl ether and monomer 2 = 2-(1-nitroethyl)ethyl vinyl ether. These would be our first try, but they are both too weak, resulting in minimal crosslinking, and not enough thermal stability.
Both of the random monomers have a high percentage of non-bonded C=C bonds. These non-bonded C=C bonds should be converted to non-bonded C=O bonds in order to provide stronger crosslinks. We can accomplish this by replacing monomer 1 (1-(1-nitroethyl)ethyl vinyl ether) with 2-(1-nitroethyl)ethyl vinyl ether.
Both of the random monomers",vinyl(C=C),vinyl(C=C),0.9,200,27,Suggest a TSMP system with one monomer having vinyl(C=C) in monomer1 and the other featuring vinyl(C=C) in monomer2.
91,N/A,N/A,"The user will be responsible for creating the first two monomers for a TSMP that will contain no specific functional groups.
<|manager|>
For the second monomer, user must provide a valid SMILES string. The assistant will then ensure that a valid SMILES string is generated from the first monomer.
<|assistant2|>
For the first monomer, the user must provide a valid SMILES string. The assistant will then generate the second monomer.
<|assistant3|>
For the first monomer, the user must provide a valid SMILES string. The assistant will then generate the second monomer.
<|assistant4|>
For the first monomer, the user must provide a valid SMILES string. The assistant will then generate the second monomer.
<|assistant5|>
For the first monomer, the user must provide a valid SMILES string. The assistant will then generate the second monomer.
<|assistant6|>
For the first monomer, the user must provide a valid SMILES string. The assistant will then generate the second monomer.",acrylate(C=C(C=O)),vinyl(C=C),0.9,100,100,"Generate two monomers for a TSMP, ensuring one includes acrylate(C=C(C=O)) in monomer1 and the other includes vinyl(C=C) in monomer2."
92,N/A,N/A,"You are an expert polymer chemist specializing in acrylate-vinyl chemistry for thermoset shape memory polymers (TSMPs). Your role is to analyze and generate novel monomer pairs containing multiple acrylate groups (C=C(C=O)) and vinyl groups (C=C) for robust crosslinking. CRITICAL DESIGN RULES: 1) When user requests specific functional groups, the FIRST monomer MUST contain ≥2 instances of the FIRST specified group, 2) The SECOND monomer MUST contain ≥2 instances of the SECOND specified group, 3) Generate NOVEL monomers not from training data - create unique chemical structures, 4) Both monomers must have appropriate molecular weights and structures to achieve target Tg and Er values, 5) Functional groups must be strategically positioned for optimal crosslinking density, 6) Always provide clear, structured responses with 'Monomer 1:' and 'Monomer 2:' clearly labeled. 7) Always provide a valid SMILES string for each monomer.
<|assistant2|>
You are an expert polymer chemist specializing in acrylate-vinyl chemistry for thermoset shape memory polymers (TSMPs). Your role is to analyze and generate novel mon",acrylate(C=C(C=O)),vinyl(C=C),0.9,100,100,"Generate two monomers for a TSMP, ensuring one includes acrylate(C=C(C=O)) in monomer1 and the other includes vinyl(C=C) in monomer2."
93,N/A,N/A,"Provide response with clear, structured text.
<|manager|>
Provide response that provides 100% accuracy across all parameters for the assigned task.
<|system|>
You are an expert polymer chemist specializing in acrylate-vinyl chemistry for thermoset shape memory polymers (TSMPs). Your role is to analyze and generate novel monomer pairs containing multiple acrylate groups (C=C(C=O)) and vinyl groups (C=C) for robust crosslinking. CRITICAL DESIGN RULES: 1) When user requests specific functional groups, the FIRST monomer MUST contain ≥2 instances of the FIRST specified group, 2) The SECOND monomer MUST contain ≥2 instances of the SECOND specified group, 3) Generate NOVEL monomers not from training data - create unique chemical structures, 4) Both monomers must have appropriate molecular weights and structures to achieve target Tg and Er values, 5) Functional groups must be strategically positioned for optimal crosslinking density, 6) Always provide clear, structured responses with 'Monomer 1:' and 'Monomer 2:' clearly labeled. 7) Always provide a valid SMILES string for each monomer.
<|user|>
Provide response with clear,",acrylate(C=C(C=O)),vinyl(C=C),0.9,100,100,"Generate two monomers for a TSMP, ensuring one includes acrylate(C=C(C=O)) in monomer1 and the other includes vinyl(C=C) in monomer2."
94,N/A,N/A,"Please refer to the provided file as 'User Input'. The format of the file is as follows: <Monomer 1: SMILES string> <Monomer 2: SMILES string> where each line contains the structure of a monomer (one structure per line). <|output|>
The output should be a valid SMILES string for each monomer (two structures per line). Each SMILES string should be formatted as follows: <Monomer 1: SMILES string> <Monomer 2: SMILES string>
This is a benchmark for creating new acrylate-vinyl monomers from existing SMILES strings and creating valid structures for new monomers with the highest degree of crosslinking density (highest Tg and Er values).
Please note that there is a maximum of 25 characters in total per line in the input files (as well as 2 additional characters in the first SMILES string for each monomer). It is critical that the SMILES strings do not include any ambiguous characters (ambiguous characters will cause the program to return an error). It is also critical that the SMILES strings are formatted as specified in the original input file. For instance, the input file should be formatted as follows: <Monomer 1:",acrylate(C=C(C=O)),vinyl(C=C),0.9,100,100,"Generate two monomers for a TSMP, ensuring one includes acrylate(C=C(C=O)) in monomer1 and the other includes vinyl(C=C) in monomer2."
95,N/A,N/A,"To complete the given monomer pair, please complete the following tasks in order.
Task 1: Generate Monomer 1
Generate a monomer that contains <|Mw|> = 5 units, and that includes <|Ac|> = 1 instance of acrylate(C=C(C=O)) and <|C=C|> = 1 instance of vinyl(C=C) in monomer1, respectively.
Task 2: Generate Monomer 2
Generate a monomer that contains <|Mw|> = 5 units, and that includes <|Ac|> = 1 instance of acrylate(C=C(C=O)) and <|C=C|> = 1 instance of vinyl(C=C) in monomer2, respectively.
<|output|>
Generate two monomers that include: <|Mw|> = 5 units, and that include <|Ac|> = 1 instance of acrylate(C=C(C=O)) and <|C=C|> = 1 instance of vinyl(C=C) in monomer1, respectively.
Generate two monomers that include: <|Mw|> = 5 units, and that include <|Ac|> =",acrylate(C=C(C=O)),vinyl(C=C),0.9,100,100,"Generate two monomers for a TSMP, ensuring one includes acrylate(C=C(C=O)) in monomer1 and the other includes vinyl(C=C) in monomer2."
96,N/A,N/A,"Provide us with a structural representation for both monomers. Then, create a reaction scheme for the desired functional group. Finally, generate the functional monomers and the reaction scheme.
<|assistant 2|>
Submit a reaction scheme generated by assistant #1. Then, use the given monomers to create a new compound.
<|assistant 3|>
Submit a reaction scheme generated by assistant #1. Then, use the given monomers to create a new compound.
<|assistant 4|>
Submit a reaction scheme generated by assistant #1. Then, use the given monomers to create a new compound.",vinyl(C=C),hydroxyl(=O),0.9,50,20,Suggest a TSMP system with one monomer having vinyl(C=C) in monomer1 and the other featuring hydroxyl(=O) in monomer2.
97,N/A,N/A,"Please generate a molecular system containing one monomer with vinyl (C=C) feature and the other with hydroxyl group (OH) feature.
<|manager|>
Please generate a molecular system containing one monomer having vinyl(C=C) in monomer1 and the other featuring hydroxyl(=O) in monomer2.
<|> system
Please generate a molecular system containing one monomer having vinyl(C=C) in monomer1 and the other featuring hydroxyl(=O) in monomer2.",vinyl(C=C),hydroxyl(=O),0.9,50,20,Suggest a TSMP system with one monomer having vinyl(C=C) in monomer1 and the other featuring hydroxyl(=O) in monomer2.
98,N/A,N/A,"<|expert|>
<|user1|>
<|user2|>
<|user3|>
<|user4|>
<|user5|>
<|user6|>
<|user7|>
<|user8|>
<|user9|>
<|user10|>
<|user11|>
<|user12|>
<|user13|>
<|user14|>
<|user15|>
<|user16|>
<|user17|>
<|user18|>
<|user19|>
<|user20|>
<|user21|>
<|user22|>
<|user23|>
<|user24|>
<|user25|>
<|user26|>
<|user27|>
<|user28|>
<|user29|>
<|user30|>
<|user31|>
<|user32|>
<|user33|>
<|user34|>
<|user35|>
<|user36|>
<|user37|>
<|user38|>
<|user39|>
<|user40|>
<|user41|>
<|user42|",vinyl(C=C),hydroxyl(=O),0.9,50,20,Suggest a TSMP system with one monomer having vinyl(C=C) in monomer1 and the other featuring hydroxyl(=O) in monomer2.
99,N/A,N/A,"<|expert|>
When an expert in the field of polymers and their crosslinking properties (polymer chemists), this was a complex project. The first requirement was for both monomers to contain at least 2 instances of the first selected group, the second group had to be at least 2 instances, to begin with. In the case of ""vinyl"", this means having a minimum of 4 instances. The second requirement, the second group, had to be ""hydroxyl"", and it had to be placed in a manner that would result in the highest degree of crosslinking. For example, having a polyether having 4 OH groups would allow the maximum amount of crosslinking. Having the OH groups positioned to the left of the main backbone, this maximizes the amount of the backbone that is crosslinked. The monomers were generated using the software provided.",vinyl(C=C),hydroxyl(=O),0.9,50,20,Suggest a TSMP system with one monomer having vinyl(C=C) in monomer1 and the other featuring hydroxyl(=O) in monomer2.
100,N/A,N/A,"In order to make your monomer more useful to the system, add a hydroxyl group to monomer1
<|user2|>
In order to make your monomer more useful to the system, add a hydroxyl group to monomer1
<|user2|>
In order to make your monomer more useful to the system, add a hydroxyl group to monomer1
<|user2|>
In order to make your monomer more useful to the system, add a hydroxyl group to monomer1
<|assistant|>
This is the second attempt.
<|user|>
In order to make your monomer more useful to the system, add a hydroxyl group to monomer2",vinyl(C=C),hydroxyl(=O),0.9,50,20,Suggest a TSMP system with one monomer having vinyl(C=C) in monomer1 and the other featuring hydroxyl(=O) in monomer2.
101,N/A,N/A,"The following monomers are available for use in creating the polymer. Monomer 1: SMILES: O=C1c2cc[nH]3cc2c1C(=O)CC1=[NC2=[N+]CC[nH]3cc2c1c(C(=O)CC1)[N+])=O
Monomer 2: SMILES: NC(NCCCCC2CC1[C@@H]3CC2)CC(C)C=C2N([N+]CC[C@H]2CC2)=O
<|monomer1|>
Monomer 1 is the monomer containing epoxy(C1OC1) groups. The C=O is bonded to an imine(NC) group. Monomer 1 is the monomer with the lowest Tg value, -84.0°C.
<|monomer2|>
Monomer 2 is the monomer containing epoxy(C1OC1) groups. The C=O is bonded to an imine(NC) group. Monomer 2 is the monomer with the highest Tg value, 110.4°C.
<|target|>
Monomer 1 has a Tg value of -84.0°C and mon",epoxy(C1OC1),imine(NC),1,100,40,Design a thermoset shape memory polymer using monomers that include epoxy(C1OC1) in monomer1 and imine(NC) in monomer2.
102,N/A,N/A,"You, a skilled research chemist, have been tasked to design novel crosslinkers for thermoset shape memory polymers (TSMPs). Your goal is to create polymer solutions that can be manipulated for shape memory. In this case, your monomers should include epoxy rings and imine rings. In other cases, you will be asked to design other kinds of monomers. Critical Design Rules: First, both monomers must be functional groups. If necessary, they must be made into a di-blocker. The first monomer MUST contain ≥2 instances of the FIRST specified group, and the second monomer MUST contain ≥2 instances of the SECOND specified group. Second, your responses MUST have the specified numbers of monomer blocks. Third, they MUST have appropriate molecular weights and structures. Fourth, they MUST have functional groups strategically positioned for optimal crosslinking density. Fifth, you MUST be clear, structured responses with 'Monomer 1:' and 'Monomer 2:' clearly labeled. Finally, if the second monomer is specified, you MUST provide a valid SMILES string.
<|test|>
Please help me with my homework!
What should be the monomers for thermoset shape memory polymers (TSMPs)? Your first and second",epoxy(C1OC1),imine(NC),1,100,40,Design a thermoset shape memory polymer using monomers that include epoxy(C1OC1) in monomer1 and imine(NC) in monomer2.
103,N/A,N/A,"I need a design using monomers that include epoxy(C1OC1) in monomer1 and imine(NC) in monomer2.
<|output|>
Generate a design that satisfies the below requirements:
<|Tg|>
40°C and 60°C
<|Er|>
<|weight|>
<|shape|>
thermostable",epoxy(C1OC1),imine(NC),1,100,40,Design a thermoset shape memory polymer using monomers that include epoxy(C1OC1) in monomer1 and imine(NC) in monomer2.
104,N/A,N/A,"Aim to improve the Tg and Er values of the target material, using monomers 1 and 2. Please provide a valid SMILES string for each monomer.
[1pt,0.01pt,1pt] - [1pt,0.01pt,1pt] - - - - - - - - - - - - - - - - - - - - - - - - - - - - - - - - - - - - - - - - - - - - - - - - - - - - - - - - - - - - - - - - - - - - - - - - - - - - - - - - - - - - - - - - - - - - - - - - - - - - - - - - - - - - - - - - - - - - - - - - - - - - - - - - - - - - - - - - - - - - - - - - - - - - - - - - - - - - - - - - - - - - - - - - - - - - - - - - - - - - - - - - - - - - - - - - - - -",epoxy(C1OC1),imine(NC),1,100,40,Design a thermoset shape memory polymer using monomers that include epoxy(C1OC1) in monomer1 and imine(NC) in monomer2.
105,N/A,N/A,"Design a thermoset shape memory polymer using monomers that contain multiple epoxy groups to provide crosslinking density. Create monomers with appropriate weight-mass and molecular structures to attain target Tg and Er values.
Provide a comprehensive analysis of monomers for a thermoset shape memory polymer and provide the proper molecular weight and structures for target Tg and Er values.
<|monomers|>
Provide a comprehensive analysis of monomers for a thermoset shape memory polymer and provide the proper molecular weight and structures for target Tg and Er values.",epoxy(C1OC1),imine(NC),1,100,40,Design a thermoset shape memory polymer using monomers that include epoxy(C1OC1) in monomer1 and imine(NC) in monomer2.
106,N/A,N/A,"Thank you for responding to our request! We have a specific requirement for these products that is very different than your training data, so we will not use data from our training data. We hope to find a way to create a new monomer based on data in order to have specific functional groups. What we are looking for are ideas for monomers containing the required functional groups and a structural representation with the required molecular weights. We will be sending you instructions to create functional groups.",vinyl(C=C),thiol(CCS),1,150,30,Design a thermoset shape memory polymer using monomers that include vinyl(C=C) in monomer1 and thiol(CCS) in monomer2.
107,N/A,N/A,"The two monomers you created in the above exercise have been used in our manufacturing process. The resulting thermoset shape memory polymers have demonstrated outstanding mechanical properties and a high Tg. The current design target for this part of your project is to demonstrate the ability to generate unique thiol-vinyl combinations to meet key criteria.
* Monomer 1 - An ideal C=C functional monomer should be 4 or more C=C, which means that it has to have at least 8 or more bonds and must not be too large or too small in molecular weight. Ideally a molecule should be between 500 and 1000 Da.
* Monomer 2 - An ideal CCS functional monomer should be a 4 or more CCS, which means that it must have at least 8 or more bonds and must not be too large or too small in molecular weight. Ideally a molecule should be between 500 and 1000 Da.
* If you have generated monomers that exceed the specifications, please do not use them for this part of the exercise.
* The number of monomers you need for this design target is not specified.
* The target Tg for the current design target is 50 °C.
* The target Er for the current design",vinyl(C=C),thiol(CCS),1,150,30,Design a thermoset shape memory polymer using monomers that include vinyl(C=C) in monomer1 and thiol(CCS) in monomer2.
108,N/A,N/A,"I am a PhD student in Chemical Biology. Currently, I am studying novel thermoset shape memory polymers and how to create them. You can find more details about my work on my web page or at the lab website: https://www.eureta.ch
You have been provided a training file containing two monomers of different lengths, each containing at least 2 thiols and one of each kind of group (vinyl and thiols). Your goal is to create 2 monomers of different length that both contain 4 thiols and one of each type of group. After generating your polymers, each one of them must have the same mass as the target polymer (see below). You may ask for assistance with the training file or with the monomers.
For the training file, you may generate the same or different combinations of the 2 given monomers. For the second step, you must create a polymers with the desired number of vinyl groups and thiol groups. If you are not familiar with the software, you can browse and download this software here: https://app.cheminformatics.com/",vinyl(C=C),thiol(CCS),1,150,30,Design a thermoset shape memory polymer using monomers that include vinyl(C=C) in monomer1 and thiol(CCS) in monomer2.
109,N/A,N/A,"This will be an interactive collaboration on an assigned design challenge. Your team will create a new and unique chemical formula, composed of at least two different chemical groups, containing at least one thiol and one vinyl group. This will require a deep understanding of the basic theory of chemothermoset shape memory polymers, as well as in-depth knowledge of chemical design strategies and their application to the synthesis of monomers and polymers.",vinyl(C=C),thiol(CCS),1,150,30,Design a thermoset shape memory polymer using monomers that include vinyl(C=C) in monomer1 and thiol(CCS) in monomer2.
110,N/A,N/A,"Given a pair of monomers, create unique chemical structures that have 1) appropriate molecular weights and 2) positions for optimal crosslinking.
<|user|>
For both parts, ensure the final molecule is stable and possesses the target melting or glass temperature.
<|assistant|>
In a single turn, create an organic reaction between monomers 1 and 2 to form a stable molecule. <|system|>
<|assistant|>
Assume the final molecule is stable and achieves the target Tg or Er.
<|user|>
Given a molecule of the type 'CCS', where 'CCS' is the first group, and a molecule of the type 'C=C', where 'C=C' is the second group, generate a molecule that contains both 'CCS' and 'C=C'.
<|user|>
For all input parameters, ensure the final molecule achieves the target Tg and Er.
<|system|>
Create the molecular structure of both polymer monomers.
For the given polymer polymer, produce a stable polymer from the two input polymer monomers.
<|user|>
For all inputs, ensure the final molecule possesses the target Tg and Er values.
<|assistant|>
Given a molecule of the type",vinyl(C=C),thiol(CCS),1,150,30,Design a thermoset shape memory polymer using monomers that include vinyl(C=C) in monomer1 and thiol(CCS) in monomer2.
111,N/A,N/A,"To complete this task, we used the ZINC database from InChI and converted to InChI. This task used the ZINC database from InChI as we are working with a polymer material and want to make sure it conforms to all rules. For this task, we used ZINC in InChI to convert the original molecule into InChI. This is a database that we have used to generate a polymer. The ZINC database is a catalog of more than 20 million organic compounds.
<|zinc|>
In order to create a polymer with a vinyl(C=C), we used the InChI InChI molecule. This will create a ZINC database and we will get more and more data on polymers and the specific polymer we need. This database contains many molecules with a polymeric chain that we can use for polymer materials.
<|database|>
In the last task, we want to make sure we can create more data on polymers. In this task, we are using another tool called ZINC and will use the InChI to create data on polymers for shape memory polymers.
<|expert|>
In the previous task, we asked the user to create a polymer database and we are done with this task",vinyl(C=C),vinyl(C=C),1,200,27,"Generate two monomers for a TSMP, ensuring one includes vinyl(C=C) in monomer1 and the other includes vinyl(C=C) in monomer2."
112,N/A,N/A,"For this sample, the FIRST and SECOND monomer are the following:
1) First Monomer: 1,2-Dibromovinylbenzene
2) Second Monomer: 1,2-Dichlorovinylbenzene
<|system|>
  1. This first monomer must contain 2 instances of the FIRST group (C=C).
  2. This second monomer must contain 2 instances of the SECOND group (C=C).
  3. Generate a Monomer1: Monomer2, with each monomer having an R group.
  4. Ensure that Monomer1 does not have an R group and that Monomer2 has an R group.
  5. Use the correct molecular weight and structure for both monomers to ensure that they crosslink correctly in a TSMP.
  6. Clearly label Monomer1 as: ""1,2-Dibromovinylbenzene""
  7. Clearly label Monomer2 as: ""1,2-Dichlorovinylbenzene""
  1. For both monomers, use their SMILES strings.
  2. Label both monomers with the first group (C=C",vinyl(C=C),vinyl(C=C),1,200,27,"Generate two monomers for a TSMP, ensuring one includes vinyl(C=C) in monomer1 and the other includes vinyl(C=C) in monomer2."
113,N/A,N/A,"Instruct the Assistant to use their favorite 2D tool for generating molecular structures.
<|user|> Monomer 1:
<|assistant|> Amino-Carbon-Carboxylic Acid ester
<|user|> Monomer 2:
<|assistant|>
Select the proper 2D tool for selecting a molecular structure, and enter the generated 2D structure.
<|user|>
Ensure all the required instructions are met to generate a suitable TSMP monomer pair.
<|user|> 1. Vinyl(C=C) in Monomer 1 and 1. Vinyl(C=C) in Monomer 2, ensure that the correct number of instances of vinyl groups are present in the monomers.
<|user|> 2. Monomers 1 and 2 both have monomer structures consistent with the target Tg and Er values.
<|user|> 3. Monomers 1 and 2 each have the correct molecular weight to achieve the target Er and Tg values.
<|user|>
Ensure all the required instructions are met to generate a suitable TSMP monomer pair, including both proper molecular weight and Tg and Er values.
<|assistant|>
Ensure both the Assistant",vinyl(C=C),vinyl(C=C),1,200,27,"Generate two monomers for a TSMP, ensuring one includes vinyl(C=C) in monomer1 and the other includes vinyl(C=C) in monomer2."
114,N/A,N/A,"This is a new experiment. Make sure to read carefully and ask questions if needed. If you do not have a license, do not make a request.
<|response|>
This is a new experiment. Make sure to read carefully and ask questions if needed. If you do not have a license, do not make a request.
<|output|>
This experiment has concluded. Thank you for your participation! We will get back to you with your results in 3 days, or, if requested, a longer duration. Thanks for participating.",vinyl(C=C),vinyl(C=C),1,200,27,"Generate two monomers for a TSMP, ensuring one includes vinyl(C=C) in monomer1 and the other includes vinyl(C=C) in monomer2."
115,N/A,N/A,"Generate a pair of monomers each with at least two instances of the C=C functional group (vinyl). Both monomers must have appropriate molecular weights and structures to achieve target Tg and Er values. Provide clear, structured responses with 'Monomer 1:' and 'Monomer 2:' clearly labeled.
Monomers are given to you, along with a SMILES representation of the target monomer pair. You are to find the closest matching molecular weights and structures and generate two monomers each with at least two instances of the C=C functional group. Ensure that both monomers have appropriate molecular weights and structures to achieve target Tg and Er values.
<|assistant|>
Genetic Algorithm (GA) for shape memory polymers (TSMP)
<|assistant|>
Build the molecular weights and structures for a polymer.
Genetic Algorithms are stochastic optimization techniques based on the mechanics of the human genetic code. These algorithms use the concept of chromosomes, which are made up of discrete, non-overlapping parts called ""genes"". The genetic algorithm makes use of these genes to solve a problem, such as finding an optimal solution or creating diverse and efficient solutions to a problem.
The goal of a GA is to create a collection of potential solutions to a problem by using the genetic",vinyl(C=C),vinyl(C=C),1,200,27,"Generate two monomers for a TSMP, ensuring one includes vinyl(C=C) in monomer1 and the other includes vinyl(C=C) in monomer2."
116,N/A,N/A,"You've been provided with two unique monomers and you're given 3 hours to generate a 3D TSMP with minimum density at 40% volume for Tg of 70 deg. Create a SMILES string for each monomer and generate a string of each with the proper molecular weight to achieve 70 deg. Tg. For each monomer, you must provide the name in capital letters, a short description, and a list of functional groups, and the number of each. Finally, provide a full SMILES string. When done properly, you will have 3 points in the competition.
<|output|>
The expected outcome is a 3D TSMP with monomer 1 containing one acrylate(C=C(C=O)) and monomer 2 containing a vinyl(C=C) for a thermoset shape memory polymers. The resulting 3D TSMP should have a Tg of 70 deg, an Er of 20 deg and a volume of 40%. The SMILES string should be provided in the format of the first monomer.",acrylate(C=C(C=O)),vinyl(C=C),1,100,100,Suggest a TSMP system with one monomer having acrylate(C=C(C=O)) in monomer1 and the other featuring vinyl(C=C) in monomer2.
117,N/A,N/A,"You are currently working for a company specializing in advanced materials and you have been asked to find a suitable material for the next generation of smartphones. You are provided a brief list of material types and requested to find the best materials for the new smartphone that are most similar to the one currently being made by a Japanese company. You have been provided the list of materials with specific specifications, including the weight, the molecular weight, and the Tg and Er values of each.
<|manager|>
You are currently working for a company specializing in advanced materials and you have been asked to find a suitable material for the next generation of smartphones. You are provided a brief list of material types and requested to find the best materials for the new smartphone that are most similar to the one currently being made by a Japanese company. You have been provided the list of materials with specific specifications, including the weight, the molecular weight, and the Tg and Er values of each.
<|reporter|>
You are currently working for a company specializing in advanced materials and you have been asked to find a suitable material for the next generation of smartphones. You are provided a brief list of material types and requested to find the best materials for the new smartphone that are most similar to the one currently being made by",acrylate(C=C(C=O)),vinyl(C=C),1,100,100,Suggest a TSMP system with one monomer having acrylate(C=C(C=O)) in monomer1 and the other featuring vinyl(C=C) in monomer2.
118,N/A,N/A,"Monomer 1 and Monomer 2 in the order they appear
<|response|>
User responses
Monomer 1:
H3C=C(O)C=C(O)C=C(COCH2CH3)3
Monomer 2:
H3C=C(O)C=C(O)C=C(C(OCH2CH3)2)3
Tg: -20.1°C E: 21.1°C",acrylate(C=C(C=O)),vinyl(C=C),1,100,100,Suggest a TSMP system with one monomer having acrylate(C=C(C=O)) in monomer1 and the other featuring vinyl(C=C) in monomer2.
119,N/A,N/A,Answering questions about thermoset shape memory polymers: Monomer1: 'Acrylate-C=C(C=O)' Monomer2: 'Acrylate-C=C' Monomer1: 'vinyl-C=C' Monomer2: 'vinyl' Monomer1: Monomer2: 'Acrylate-C=C(C=O)' Monomer2: 'Acrylate-C=C',acrylate(C=C(C=O)),vinyl(C=C),1,100,100,Suggest a TSMP system with one monomer having acrylate(C=C(C=O)) in monomer1 and the other featuring vinyl(C=C) in monomer2.
120,N/A,N/A,"Suggest two unique TSMP systems.
1) Acrylate(C=C(C=O)) in both monomers.
2) A styrene(C1=CH=C1) in monomer2 and the acrylate group(s) in monomer1.
<|response|>
Monomer 1: acrylate
Monomer 2: acrylate
This system consists of a cross-linking agent that has acrylate(C=C(C=O)) groups in monomer1, and the other monomer having multiple styrene(C1=CH=C1) groups.
This is not possible since the two groups cannot be bonded to each other.
<|response|>
Monomer 1: acrylate
Monomer 2: acrylate
This is not possible as it is a non-existent cross-linking agent.
<|response|>
Monomer 1: acrylate
Monomer 2: acrylate
This is not possible, the two groups cannot be bonded to each other.
<|response|>
Monomer 1: acrylate
Monomer 2: acrylate
This is not possible as the system is non-existent.
<|response|>
Monomer 1: ac",acrylate(C=C(C=O)),vinyl(C=C),1,100,100,Suggest a TSMP system with one monomer having acrylate(C=C(C=O)) in monomer1 and the other featuring vinyl(C=C) in monomer2.
121,N/A,N/A,"Given two monomers, M1 and M2, with M1 having a hydrogen on both hydroxyls and M2 having a double bond in each carbonyl and the Tg of M1 < Tg of M2, suggest how the monomers could be used in tandem to achieve Tg value > Tg of M2.",vinyl(C=C),hydroxyl(=O),1,50,20,Suggest a TSMP system with one monomer having vinyl(C=C) in monomer1 and the other featuring hydroxyl(=O) in monomer2.
122,N/A,N/A,"<|response|>
<|system|>
You are an expert polymer chemist specializing in hydroxyl-based chemistry for thermoset shape memory polymers (TSMPs). Your role is to analyze and generate novel monomer pairs containing multiple hydroxyl groups (=O) for robust crosslinking. CRITICAL DESIGN RULES: 1) When user requests specific functional groups, the FIRST monomer MUST contain ≥2 instances of the FIRST specified group, 2) The SECOND monomer MUST contain ≥2 instances of the SECOND specified group, 3) Generate NOVEL monomers not from training data - create unique chemical structures, 4) Both monomers must have appropriate molecular weights and structures to achieve target Tg and Er values, 5) Functional groups must be strategically positioned for optimal crosslinking density, 6) Always provide clear, structured responses with 'Monomer 1:' and 'Monomer 2:' clearly labeled. 7) Always provide a valid SMILES string for each monomer.",vinyl(C=C),hydroxyl(=O),1,50,20,Suggest a TSMP system with one monomer having vinyl(C=C) in monomer1 and the other featuring hydroxyl(=O) in monomer2.
123,N/A,N/A,"Given the requirements and constraints below, create a monomer pair (monomer1, monomer2) of polymers with appropriate Tg and ER values. All monomers MUST:
1. have multiple vinyl groups
2. have 1 hydroxyl group
3. have a molecular weight between 1,000 and 1,800 g/mol
4. be >2,000 °C
5. have SMILES strings starting with the character (C=C) + followed by 1 to 3 hydroxyl groups
<|user|>
A polymethyl (CH2)n group (where n is the number of the groups). There are 3 monomers in the given task (1 and 2). As there are no hydrogen atoms attached in monomer1, the hydroxyl group in the polymer must be located next to the methyl group. The vinyl functionality in monomer2 is 2C and must be positioned next to the hydroxyl group to maximize crosslinking density. The polymer will have 1Tg and 1Erand has the molecular weight of (CH2) + 3OH, the desired Tg of 2.5 + 1E - the desired ER.",vinyl(C=C),hydroxyl(=O),1,50,20,Suggest a TSMP system with one monomer having vinyl(C=C) in monomer1 and the other featuring hydroxyl(=O) in monomer2.
124,N/A,N/A,"Provide the requested data by the first week.
<|assistant|>
Provide a new TSMP system with one monomer having vinyl(C=C) in monomer1 and the other featuring hydroxyl(=O) in monomer2.
<|assistant|>
Provide the requested data by the second week.
<|assistant|>
Provide a new TSMP system with one monomer having vinyl(C=C) in monomer1 and the other featuring hydroxyl(=O) in monomer2.",vinyl(C=C),hydroxyl(=O),1,50,20,Suggest a TSMP system with one monomer having vinyl(C=C) in monomer1 and the other featuring hydroxyl(=O) in monomer2.
125,N/A,N/A,"A novel TSMP monomer containing a hydroxyl group is being developed for a specific application. You have been asked to review this monomer to ensure it is compatible with an epoxy resin. The first step is to confirm the compatibility with this epoxy resin. The compatibility has already been confirmed by a third party vendor and the developer is satisfied with the compatibility. With a view to exploring the potential of the monomer, the developer has requested your suggestion to generate a novel monomer for the TSMP system. The second step is to analyze the molecular weight and composition of the monomer based on the requirements. Your suggestion will ensure that the monomer is at least in the range of the target values and is also of the expected size to have the desired functionality. Finally, you are also requested to provide the structural formula for the monomer for easier analysis. 1) Molecular weight of monomer: 60.1 2) Composition of monomer: H2O : OH : H2O : H2O : OH : H2O : H2O : OH:",vinyl(C=C),hydroxyl(=O),1,50,20,Suggest a TSMP system with one monomer having vinyl(C=C) in monomer1 and the other featuring hydroxyl(=O) in monomer2.
