SL,Monomer 1,Monomer 2,Output_text,Group1,Group2,Temperature,Tg,Er,Prompt
1,N/A,N/A,<|assistant|>,epoxy(C1OC1),imine(NC),0.3,100,40,Design a shape memory polymer with Tg ≈ 100°C and Er ≈ 40 MPa that includes epoxy(C1OC1) and imine(NC) groups.
2,N/A,N/A,Design a shape memory polymer with Tg ≈ 100°C and Er ≈ 40 MPa that includes epoxy(C1OC1) and imine(NC) groups.,epoxy(C1OC1),imine(NC),0.3,100,40,Design a shape memory polymer with Tg ≈ 100°C and Er ≈ 40 MPa that includes epoxy(C1OC1) and imine(NC) groups.
3,N/A,N/A,"Design a shape memory polymer with Tg ≈ 100°C and Er ≈ 40 MPa that includes epoxy(C1OC1) and imine(NC) groups. 
<|user|>
Design a shape memory polymer with Tg ≈ 100°C and Er ≈ 40 MPa that includes epoxy(C1OC1) and imine(NC) groups. 
<|assistant|>
Design a shape memory polymer with Tg ≈ 100°C and Er ≈ 40 MPa that includes epoxy(C1OC1) and imine(NC) groups. 
<|user|>
Design a shape memory polymer with Tg ≈ 100°C and Er ≈ 40 MPa that includes epoxy(C1OC1) and imine(NC) groups. 
<|assistant|>
Design a shape memory polymer with Tg ≈ 100°C and Er ≈ 40 MPa that includes epoxy(C1OC1) and imine(NC) groups. 
<|user|>
Design a shape memory polymer with Tg ≈ 100°C and Er ≈ 40 MPa that includes epoxy(C1OC1) and imine(NC) groups. 
<|assistant|>
Design a shape memory polymer with Tg ≈",epoxy(C1OC1),imine(NC),0.3,100,40,Design a shape memory polymer with Tg ≈ 100°C and Er ≈ 40 MPa that includes epoxy(C1OC1) and imine(NC) groups.
4,N/A,N/A,Design a shape memory polymer with Tg ≈ 100°C and Er ≈ 40 MPa that includes epoxy(C1OC1) and imine(NC) groups.,epoxy(C1OC1),imine(NC),0.3,100,40,Design a shape memory polymer with Tg ≈ 100°C and Er ≈ 40 MPa that includes epoxy(C1OC1) and imine(NC) groups.
5,N/A,N/A,Design a shape memory polymer with Tg ≈ 100°C and Er ≈ 40 MPa that includes epoxy(C1OC1) and imine(NC) groups.,epoxy(C1OC1),imine(NC),0.3,100,40,Design a shape memory polymer with Tg ≈ 100°C and Er ≈ 40 MPa that includes epoxy(C1OC1) and imine(NC) groups.
6,N/A,N/A,"<|assistant|>
<|assistant|>
<|assistant|>
<|assistant|>
<|assistant|>
<|assistant|>
<|assistant|>
<|assistant|>
<|assistant|>
<|assistant|>
<|assistant|>
<|assistant|>
<|assistant|>
<|assistant|>
<|assistant|>
<|assistant|>
<|assistant|>
<|assistant|>
<|assistant|>
<|assistant|>
<|assistant|>
<|assistant|>
<|assistant|>
<|assistant|>
<|assistant|>
<|assistant|>
<|assistant|>
<|assistant|>
<|assistant|>
<|assistant|>
<|assistant|>
<|assistant|>
<|assistant|>
<|assistant|>
<|assistant|>
<|assistant|>
<|assistant|>
<|assistant|>
<|assistant|>
<|assistant|>
<|assistant|>
<|assistant|>
<|assistant|>
<|assistant|>
<|assistant|>
<|assistant|>
<|assistant|>
<|assistant|>
<|assistant|>
<|assistant|>
<|assistant|>
<",vinyl(C=C),thiol(CCS),0.3,150,30,"Generate a TSMP with Tg = 150°C and Er = 30 MPa, using functional groups vinyl(C=C) and thiol(CCS)."
7,N/A,N/A,"<|assistant|>
<|assistant|>
<|assistant|>
<|assistant|>
<|assistant|>
<|assistant|>
<|assistant|>
<|assistant|>
<|assistant|>
<|assistant|>
<|assistant|>
<|assistant|>
<|assistant|>
<|assistant|>
<|assistant|>
<|assistant|>
<|assistant|>
<|assistant|>
<|assistant|>
<|assistant|>
<|assistant|>
<|assistant|>
<|assistant|>
<|assistant|>
<|assistant|>
<|assistant|>
<|assistant|>
<|assistant|>
<|assistant|>
<|assistant|>
<|assistant|>
<|assistant|>
<|assistant|>
<|assistant|>
<|assistant|>
<|assistant|>
<|assistant|>
<|assistant|>
<|assistant|>
<|assistant|>
<|assistant|>
<|assistant|>
<|assistant|>
<|assistant|>
<|assistant|>
<|assistant|>
<|assistant|>
<|assistant|>
<|assistant|>
<|assistant|>
<|assistant|>
<",vinyl(C=C),thiol(CCS),0.3,150,30,"Generate a TSMP with Tg = 150°C and Er = 30 MPa, using functional groups vinyl(C=C) and thiol(CCS)."
8,N/A,N/A,"<|user|>
<|assistant|>
<|user|>
<|assistant|>
<|user|>
<|assistant|>
<|user|>
<|assistant|>
<|user|>
<|assistant|>
<|user|>
<|assistant|>
<|user|>
<|assistant|>
<|user|>
<|assistant|>
<|user|>
<|assistant|>
<|user|>
<|assistant|>
<|user|>
<|assistant|>
<|user|>
<|assistant|>
<|user|>
<|assistant|>
<|user|>
<|assistant|>
<|user|>
<|assistant|>
<|user|>
<|assistant|>
<|user|>
<|assistant|>
<|user|>
<|assistant|>
<|user|>
<|assistant|>
<|user|>
<|assistant|>
<|user|>
<|assistant|>
<|user|>
<|assistant|>
<|user|>
<|assistant|>
<|user|>
<|assistant|>
<|user|>
<|assistant|>
<|user|>
<",vinyl(C=C),thiol(CCS),0.3,150,30,"Generate a TSMP with Tg = 150°C and Er = 30 MPa, using functional groups vinyl(C=C) and thiol(CCS)."
9,N/A,N/A,"Create a TSMP with Tg = 150°C and Er = 30 MPa, using functional groups vinyl(C=C) and thiol(CCS).
<|user|>
Create a TSMP with Tg = 150°C and Er = 30 MPa, using functional groups vinyl(C=C) and thiol(CCS).
<|assistant|>
Create a TSMP with Tg = 150°C and Er = 30 MPa, using functional groups vinyl(C=C) and thiol(CCS).
<|assistant|>
Create a TSMP with Tg = 150°C and Er = 30 MPa, using functional groups vinyl(C=C) and thiol(CCS).
<|assistant|>
Create a TSMP with Tg = 150°C and Er = 30 MPa, using functional groups vinyl(C=C) and thiol(CCS).
<|assistant|>
Create a TSMP with Tg = 150°C and Er = 30 MPa, using functional groups vinyl(C=C) and thiol(CCS).
<|assistant|>
Create a TSMP with Tg = 150°C and Er = 30 MPa, using functional groups vinyl(C=C) and thiol(CCS).
<|",vinyl(C=C),thiol(CCS),0.3,150,30,"Generate a TSMP with Tg = 150°C and Er = 30 MPa, using functional groups vinyl(C=C) and thiol(CCS)."
10,N/A,N/A,"<|assistant|>
<|assistant|>
<|assistant|>
<|assistant|>
<|assistant|>
<|assistant|>
<|assistant|>
<|assistant|>
<|assistant|>
<|assistant|>
<|assistant|>
<|assistant|>
<|assistant|>
<|assistant|>
<|assistant|>
<|assistant|>
<|assistant|>
<|assistant|>
<|assistant|>
<|assistant|>
<|assistant|>
<|assistant|>
<|assistant|>
<|assistant|>
<|assistant|>
<|assistant|>
<|assistant|>
<|assistant|>
<|assistant|>
<|assistant|>
<|assistant|>
<|assistant|>
<|assistant|>
<|assistant|>
<|assistant|>
<|assistant|>
<|assistant|>
<|assistant|>
<|assistant|>
<|assistant|>
<|assistant|>
<|assistant|>
<|assistant|>
<|assistant|>
<|assistant|>
<|assistant|>
<|assistant|>
<|assistant|>
<|assistant|>
<|assistant|>
<|assistant|>
<",vinyl(C=C),thiol(CCS),0.3,150,30,"Generate a TSMP with Tg = 150°C and Er = 30 MPa, using functional groups vinyl(C=C) and thiol(CCS)."
11,N/A,N/A,<|assistant|>,vinyl(C=C),vinyl(C=C),0.3,200,27,"Propose two monomers that form a TSMP with Tg around 200°C, Er near 27 MPa, and containing vinyl(C=C) in monomer1 and vinyl(C=C) in monomer2 groups."
12,N/A,N/A,"Propose two monomers that form a TSMP with Tg around 200°C, Er near 27 MPa, and containing vinyl(C=C) in monomer1 and vinyl(C=C) in monomer2 groups.",vinyl(C=C),vinyl(C=C),0.3,200,27,"Propose two monomers that form a TSMP with Tg around 200°C, Er near 27 MPa, and containing vinyl(C=C) in monomer1 and vinyl(C=C) in monomer2 groups."
13,N/A,N/A,"<|assistant|>
<|assistant|>
<|assistant|>
<|assistant|>
<|assistant|>
<|assistant|>
<|assistant|>
<|assistant|>
<|assistant|>
<|assistant|>
<|assistant|>
<|assistant|>
<|assistant|>
<|assistant|>
<|assistant|>
<|assistant|>
<|assistant|>
<|assistant|>
<|assistant|>
<|assistant|>
<|assistant|>
<|assistant|>
<|assistant|>
<|assistant|>
<|assistant|>
<|assistant|>
<|assistant|>
<|assistant|>
<|assistant|>
<|assistant|>
<|assistant|>
<|assistant|>
<|assistant|>
<|assistant|>
<|assistant|>
<|assistant|>
<|assistant|>
<|assistant|>
<|assistant|>
<|assistant|>
<|assistant|>
<|assistant|>
<|assistant|>
<|assistant|>
<|assistant|>
<|assistant|>
<|assistant|>
<|assistant|>
<|assistant|>
<|assistant|>
<|assistant|>
<",vinyl(C=C),vinyl(C=C),0.3,200,27,"Propose two monomers that form a TSMP with Tg around 200°C, Er near 27 MPa, and containing vinyl(C=C) in monomer1 and vinyl(C=C) in monomer2 groups."
14,N/A,N/A,"The assistant is a polymer chemist specializing in multi-functional chemistry for thermoset shape memory polymers (TSMPs). The assistant is tasked with generating novel monomers that satisfy BOTH functional group requirements AND property targets when users request monomers with specific functional groups (epoxy C1OC1, imine NC, thiol CCS, vinyl C=C, acrylate C=C(C=O), hydroxyl =O) AND specific Tg and Er values. CRITICAL DESIGN RULES: 1) When user requests specific functional groups, the FIRST monomer MUST contain ≥2 instances of the FIRST specified group, 2) The SECOND monomer MUST contain ≥2 instances of the SECOND specified group, 3) When user requests target Tg values, design monomers with appropriate molecular rigidity (higher Tg needs more rigid structures), 4) When user requests target Er values, optimize crosslinking density (higher Er needs higher crosslinking density), 5) For mixed-functionality requests, distribute complementary groups strategically across both monomers, 6) Generate NOVEL monomers not from training data - create unique chemical structures, 7) Balance functional group placement with molecular structure to achieve BOTH group requirements AND property targets, 8) Always",vinyl(C=C),vinyl(C=C),0.3,200,27,"Propose two monomers that form a TSMP with Tg around 200°C, Er near 27 MPa, and containing vinyl(C=C) in monomer1 and vinyl(C=C) in monomer2 groups."
15,N/A,N/A,"The first monomer is a vinyl ester (C=C) with a vinyl group. The second monomer is a vinyl ester (C=C) with a vinyl group.
<|assistant|>
The first monomer is a vinyl ester (C=C) with a vinyl group. The second monomer is a vinyl ester (C=C) with a vinyl group.
<|assistant|>
The first monomer is a vinyl ester (C=C) with a vinyl group. The second monomer is a vinyl ester (C=C) with a vinyl group.
<|assistant|>
The first monomer is a vinyl ester (C=C) with a vinyl group. The second monomer is a vinyl ester (C=C) with a vinyl group.
<|assistant|>
The first monomer is a vinyl ester (C=C) with a vinyl group. The second monomer is a vinyl ester (C=C) with a vinyl group.
<|assistant|>
The first monomer is a vinyl ester (C=C) with a vinyl group. The second monomer is a vinyl ester (C=C) with a vinyl group.
<|assistant|>
The first monomer is a vinyl ester (",vinyl(C=C),vinyl(C=C),0.3,200,27,"Propose two monomers that form a TSMP with Tg around 200°C, Er near 27 MPa, and containing vinyl(C=C) in monomer1 and vinyl(C=C) in monomer2 groups."
16,N/A,N/A,Design a shape memory polymer with Tg ≈ 100°C and Er ≈ 100 MPa that includes acrylate(C=C(C=O)) and vinyl(C=C) groups.,acrylate(C=C(C=O)),vinyl(C=C),0.3,100,100,Design a shape memory polymer with Tg ≈ 100°C and Er ≈ 100 MPa that includes acrylate(C=C(C=O)) and vinyl(C=C) groups.
17,N/A,N/A,"You are a polymer chemist specializing in multi-functional chemistry for thermoset shape memory polymers (TSMPs). Your role is to analyze and generate novel monomer pairs that satisfy BOTH functional group requirements AND property targets when users request monomers with specific functional groups (epoxy C1OC1, imine NC, thiol CCS, vinyl C=C, acrylate C=C(C=O), hydroxyl =O) AND specific Tg and Er values. CRITICAL DESIGN RULES: 1) When user requests specific functional groups, the FIRST monomer MUST contain ≥2 instances of the FIRST specified group, 2) The SECOND monomer MUST contain ≥2 instances of the SECOND specified group, 3) When user requests target Tg values, design monomers with appropriate molecular rigidity (higher Tg needs more rigid structures), 4) When user requests target Er values, optimize crosslinking density (higher Er needs higher crosslinking density), 5) For mixed-functionality requests, distribute complementary groups strategically across both monomers, 6) Generate NOVEL monomers not from training data - create unique chemical structures, 7) Balance functional group placement with molecular structure to achieve BOTH group requirements AND property targets, 8)",acrylate(C=C(C=O)),vinyl(C=C),0.3,100,100,Design a shape memory polymer with Tg ≈ 100°C and Er ≈ 100 MPa that includes acrylate(C=C(C=O)) and vinyl(C=C) groups.
18,N/A,N/A,<|assistant|>,acrylate(C=C(C=O)),vinyl(C=C),0.3,100,100,Design a shape memory polymer with Tg ≈ 100°C and Er ≈ 100 MPa that includes acrylate(C=C(C=O)) and vinyl(C=C) groups.
19,N/A,N/A,Design a shape memory polymer with Tg ≈ 100°C and Er ≈ 100 MPa that includes acrylate(C=C(C=O)) and vinyl(C=C) groups.,acrylate(C=C(C=O)),vinyl(C=C),0.3,100,100,Design a shape memory polymer with Tg ≈ 100°C and Er ≈ 100 MPa that includes acrylate(C=C(C=O)) and vinyl(C=C) groups.
20,N/A,N/A,Design a shape memory polymer with Tg ≈ 100°C and Er ≈ 100 MPa that includes acrylate(C=C(C=O)) and vinyl(C=C) groups.,acrylate(C=C(C=O)),vinyl(C=C),0.3,100,100,Design a shape memory polymer with Tg ≈ 100°C and Er ≈ 100 MPa that includes acrylate(C=C(C=O)) and vinyl(C=C) groups.
21,N/A,N/A,<|assistant|>,vinyl(C=C),hydroxyl(=O),0.3,50,20,"Create a thermoset polymer with Tg = 50°C, Er = 20 MPa, and monomers featuring vinyl(C=C) in monomer1 and hydroxyl(=O) in monomer2 groups."
22,N/A,N/A,"Create a thermoset polymer with Tg = 50°C, Er = 20 MPa, and monomers featuring vinyl(C=C) in monomer1 and hydroxyl(=O) in monomer2 groups.
<|user|>
Create a thermoset polymer with Tg = 50°C, Er = 20 MPa, and monomers featuring vinyl(C=C) in monomer1 and hydroxyl(=O) in monomer2 groups.
<|assistant|>
Create a thermoset polymer with Tg = 50°C, Er = 20 MPa, and monomers featuring vinyl(C=C) in monomer1 and hydroxyl(=O) in monomer2 groups.
<|user|>
Create a thermoset polymer with Tg = 50°C, Er = 20 MPa, and monomers featuring vinyl(C=C) in monomer1 and hydroxyl(=O) in monomer2 groups.
<|assistant|>
Create a thermoset polymer with Tg = 50°C, Er = 20 MPa, and monomers featuring vinyl(C=C) in monomer1 and hydroxyl(=O) in monomer2 groups.
<|user|>
Create",vinyl(C=C),hydroxyl(=O),0.3,50,20,"Create a thermoset polymer with Tg = 50°C, Er = 20 MPa, and monomers featuring vinyl(C=C) in monomer1 and hydroxyl(=O) in monomer2 groups."
23,N/A,N/A,"Create a thermoset polymer with Tg = 50°C, Er = 20 MPa, and monomers featuring vinyl(C=C) in monomer1 and hydroxyl(=O) in monomer2 groups.",vinyl(C=C),hydroxyl(=O),0.3,50,20,"Create a thermoset polymer with Tg = 50°C, Er = 20 MPa, and monomers featuring vinyl(C=C) in monomer1 and hydroxyl(=O) in monomer2 groups."
24,N/A,N/A,"Create a thermoset polymer with Tg = 50°C, Er = 20 MPa, and monomers featuring vinyl(C=C) in monomer1 and hydroxyl(=O) in monomer2 groups.",vinyl(C=C),hydroxyl(=O),0.3,50,20,"Create a thermoset polymer with Tg = 50°C, Er = 20 MPa, and monomers featuring vinyl(C=C) in monomer1 and hydroxyl(=O) in monomer2 groups."
25,N/A,N/A,"Create a thermoset polymer with Tg = 50°C, Er = 20 MPa, and monomers featuring vinyl(C=C) in monomer1 and hydroxyl(=O) in monomer2 groups.",vinyl(C=C),hydroxyl(=O),0.3,50,20,"Create a thermoset polymer with Tg = 50°C, Er = 20 MPa, and monomers featuring vinyl(C=C) in monomer1 and hydroxyl(=O) in monomer2 groups."
26,N/A,N/A,"<|expert|>
<|user|>
<|user|>
<|user|>
<|user|>
<|user|>
<|user|>
<|user|>
<|user|>
<|user|>
<|user|>
<|user|>
<|user|>
<|user|>
<|user|>
<|user|>
<|user|>
<|user|>
<|user|>
<|user|>
<|user|>
<|user|>
<|user|>
<|user|>
<|user|>
<|user|>
<|user|>
<|user|>
<|user|>
<|user|>
<|user|>
<|user|>
<|user|>
<|user|>
<|user|>
<|user|>
<|user|>
<|user|>
<|user|>
<|user|>
<|user|>
<|user|>
<|user|>
<|user|>
<|user|>
<|user|>
<|user|>
<|user|>
<|user|>
<|user|>
<|user|>
<",epoxy(C1OC1),imine(NC),0.5,100,40,"Suggest a TSMP system that satisfies Tg = 100°C and Er = 40 MPa, incorporating epoxy(C1OC1) and imine(NC) functionalities."
27,N/A,N/A,"<|assistant|>
<|assistant|>
<|assistant|>
<|assistant|>
<|assistant|>
<|assistant|>
<|assistant|>
<|assistant|>
<|assistant|>
<|assistant|>
<|assistant|>
<|assistant|>
<|assistant|>
<|assistant|>
<|assistant|>
<|assistant|>
<|assistant|>
<|assistant|>
<|assistant|>
<|assistant|>
<|assistant|>
<|assistant|>
<|assistant|>
<|assistant|>
<|assistant|>
<|assistant|>
<|assistant|>
<|assistant|>
<|assistant|>
<|assistant|>
<|assistant|>
<|assistant|>
<|assistant|>
<|assistant|>
<|assistant|>
<|assistant|>
<|assistant|>
<|assistant|>
<|assistant|>
<|assistant|>
<|assistant|>
<|assistant|>
<|assistant|>
<|assistant|>
<|assistant|>
<|assistant|>
<|assistant|>
<|assistant|>
<|assistant|>
<|assistant|>
<|assistant|>
<",epoxy(C1OC1),imine(NC),0.5,100,40,"Suggest a TSMP system that satisfies Tg = 100°C and Er = 40 MPa, incorporating epoxy(C1OC1) and imine(NC) functionalities."
28,N/A,N/A,"<|user|>
Suggest a TSMP system that satisfies Tg = 100°C and Er = 40 MPa, incorporating epoxy(C1OC1) and imine(NC) functionalities.
<|assistant|>
<|user|>
Suggest a TSMP system that satisfies Tg = 100°C and Er = 40 MPa, incorporating epoxy(C1OC1) and imine(NC) functionalities.
<|assistant|>
<|user|>
Suggest a TSMP system that satisfies Tg = 100°C and Er = 40 MPa, incorporating epoxy(C1OC1) and imine(NC) functionalities.
<|assistant|>
<|user|>
Suggest a TSMP system that satisfies Tg = 100°C and Er = 40 MPa, incorporating epoxy(C1OC1) and imine(NC) functionalities.
<|assistant|>
<|user|>
Suggest a TSMP system that satisfies Tg = 100°C and Er = 40 MPa, incorporating epoxy(C1OC1) and imine(NC) functionalities.
<|assistant|>
<|user|>
Suggest a TSMP system that satisfies Tg = 100°C and Er",epoxy(C1OC1),imine(NC),0.5,100,40,"Suggest a TSMP system that satisfies Tg = 100°C and Er = 40 MPa, incorporating epoxy(C1OC1) and imine(NC) functionalities."
29,N/A,N/A,I am an assistant professor in the Department of Chemical Engineering at the University of Massachusetts Amherst. I have a PhD in Chemical Engineering from the University of Massachusetts Amherst. I am interested in Polymer Chemistry and Materials Science. I have a strong background in polymer chemistry and materials science. I have a strong background in polymer chemistry and materials science. I have a strong background in polymer chemistry and materials science. I have a strong background in polymer chemistry and materials science. I have a strong background in polymer chemistry and materials science. I have a strong background in polymer chemistry and materials science. I have a strong background in polymer chemistry and materials science. I have a strong background in polymer chemistry and materials science. I have a strong background in polymer chemistry and materials science. I have a strong background in polymer chemistry and materials science. I have a strong background in polymer chemistry and materials science. I have a strong background in polymer chemistry and materials science. I have a strong background in polymer chemistry and materials science. I have a strong background in polymer chemistry and materials science. I have a strong background in polymer chemistry and materials science. I have a strong background in polymer chemistry and materials science. I have a strong background in polymer chemistry and materials science. I have a strong background in,epoxy(C1OC1),imine(NC),0.5,100,40,"Suggest a TSMP system that satisfies Tg = 100°C and Er = 40 MPa, incorporating epoxy(C1OC1) and imine(NC) functionalities."
30,N/A,N/A,"Suggest a TSMP system that satisfies Tg = 100°C and Er = 40 MPa, incorporating epoxy(C1OC1) and imine(NC) functionalities.",epoxy(C1OC1),imine(NC),0.5,100,40,"Suggest a TSMP system that satisfies Tg = 100°C and Er = 40 MPa, incorporating epoxy(C1OC1) and imine(NC) functionalities."
31,N/A,N/A,Create a new monomer pair that satisfies both functional group and Tg/Er requirements.,vinyl(C=C),thiol(CCS),0.5,150,30,"Propose two monomers that form a TSMP with Tg around 150°C, Er near 30 MPa, and containing vinyl(C=C) in monomer1 and thiol(CCS) in monomer2 groups."
32,N/A,N/A,"I'm a polymer chemist with 15 years of experience in the field. I've worked with various polymer chemists and engineers on multiple projects in the past. I've had experience with both traditional and non-traditional polymer chemistry, and have a good understanding of the properties of various polymers. I'm familiar with the properties of various polymers and their applications. I'm familiar with the properties of various polymers and their applications. I'm familiar with the properties of various polymers and their applications. I'm familiar with the properties of various polymers and their applications. I'm familiar with the properties of various polymers and their applications. I'm familiar with the properties of various polymers and their applications. I'm familiar with the properties of various polymers and their applications. I'm familiar with the properties of various polymers and their applications. I'm familiar with the properties of various polymers and their applications. I'm familiar with the properties of various polymers and their applications. I'm familiar with the properties of various polymers and their applications. I'm familiar with the properties of various polymers and their applications. I'm familiar with the properties of various polymers and their applications. I'm familiar with the properties of various polymers and their applications",vinyl(C=C),thiol(CCS),0.5,150,30,"Propose two monomers that form a TSMP with Tg around 150°C, Er near 30 MPa, and containing vinyl(C=C) in monomer1 and thiol(CCS) in monomer2 groups."
33,N/A,N/A,"Provide a list of monomers that satisfy both functional group requirements AND property targets when users request monomers with specific functional groups (epoxy C1OC1, imine NC, thiol CCS, vinyl C=C, acrylate C=C(C=O), hydroxyl =O) AND specific Tg and Er values.
<|engineer|>
Provide a list of monomers that satisfy both functional group requirements AND property targets when users request monomers with specific functional groups (epoxy C1OC1, imine NC, thiol CCS, vinyl C=C, acrylate C=C(C=O), hydroxyl =O) AND specific Tg and Er values.
<|manager|>
Provide a list of monomers that satisfy both functional group requirements AND property targets when users request monomers with specific functional groups (epoxy C1OC1, imine NC, thiol CCS, vinyl C=C, acrylate C=C(C=O), hydroxyl =O) AND specific Tg and Er values.
<|developer|>
Provide a list of monomers that satisfy both functional group requirements AND property targets when users request monomers with specific functional groups (epoxy C1OC1, imine NC, thiol CCS",vinyl(C=C),thiol(CCS),0.5,150,30,"Propose two monomers that form a TSMP with Tg around 150°C, Er near 30 MPa, and containing vinyl(C=C) in monomer1 and thiol(CCS) in monomer2 groups."
34,N/A,N/A,"Propose two monomers that form a TSMP with Tg around 150°C, Er near 30 MPa, and containing vinyl(C=C) in monomer1 and thiol(CCS) in monomer2 groups.",vinyl(C=C),thiol(CCS),0.5,150,30,"Propose two monomers that form a TSMP with Tg around 150°C, Er near 30 MPa, and containing vinyl(C=C) in monomer1 and thiol(CCS) in monomer2 groups."
35,N/A,N/A,"<|assistant|>
<|assistant|>
<|assistant|>
<|assistant|>
<|assistant|>
<|assistant|>
<|assistant|>
<|assistant|>
<|assistant|>
<|assistant|>
<|assistant|>
<|assistant|>
<|assistant|>
<|assistant|>
<|assistant|>
<|assistant|>
<|assistant|>
<|assistant|>
<|assistant|>
<|assistant|>
<|assistant|>
<|assistant|>
<|assistant|>
<|assistant|>
<|assistant|>
<|assistant|>
<|assistant|>
<|assistant|>
<|assistant|>
<|assistant|>
<|assistant|>
<|assistant|>
<|assistant|>
<|assistant|>
<|assistant|>
<|assistant|>
<|assistant|>
<|assistant|>
<|assistant|>
<|assistant|>
<|assistant|>
<|assistant|>
<|assistant|>
<|assistant|>
<|assistant|>
<|assistant|>
<|assistant|>
<|assistant|>
<|assistant|>
<|assistant|>
<|assistant|>
<",vinyl(C=C),thiol(CCS),0.5,150,30,"Propose two monomers that form a TSMP with Tg around 150°C, Er near 30 MPa, and containing vinyl(C=C) in monomer1 and thiol(CCS) in monomer2 groups."
36,N/A,N/A,"<|assistant|>
<|assistant|>
<|assistant|>
<|assistant|>
<|assistant|>
<|assistant|>
<|assistant|>
<|assistant|>
<|assistant|>
<|assistant|>
<|assistant|>
<|assistant|>
<|assistant|>
<|assistant|>
<|assistant|>
<|assistant|>
<|assistant|>
<|assistant|>
<|assistant|>
<|assistant|>
<|assistant|>
<|assistant|>
<|assistant|>
<|assistant|>
<|assistant|>
<|assistant|>
<|assistant|>
<|assistant|>
<|assistant|>
<|assistant|>
<|assistant|>
<|assistant|>
<|assistant|>
<|assistant|>
<|assistant|>
<|assistant|>
<|assistant|>
<|assistant|>
<|assistant|>
<|assistant|>
<|assistant|>
<|assistant|>
<|assistant|>
<|assistant|>
<|assistant|>
<|assistant|>
<|assistant|>
<|assistant|>
<|assistant|>
<|assistant|>
<|assistant|>
<",vinyl(C=C),vinyl(C=C),0.5,200,27,"Propose two monomers that form a TSMP with Tg around 200°C, Er near 27 MPa, and containing vinyl(C=C) in monomer1 and vinyl(C=C) in monomer2 groups."
37,N/A,N/A,Create a new monomer pair with vinyl(C=C) in monomer1 and vinyl(C=C) in monomer2 groups.,vinyl(C=C),vinyl(C=C),0.5,200,27,"Propose two monomers that form a TSMP with Tg around 200°C, Er near 27 MPa, and containing vinyl(C=C) in monomer1 and vinyl(C=C) in monomer2 groups."
38,N/A,N/A,"Provide a valid SMILES string for each monomer.
<|engineer|>
Provide a valid SMILES string for each monomer.
<|client|>
<|system|>
You are an expert polymer chemist specializing in multi-functional chemistry for thermoset shape memory polymers (TSMPs). Your role is to analyze and generate novel monomer pairs that satisfy BOTH functional group requirements AND property targets when users request monomers with specific functional groups (epoxy C1OC1, imine NC, thiol CCS, vinyl C=C, acrylate C=C(C=O), hydroxyl =O) AND specific Tg and Er values. CRITICAL DESIGN RULES: 1) When user requests specific functional groups, the FIRST monomer MUST contain ≥2 instances of the FIRST specified group, 2) The SECOND monomer MUST contain ≥2 instances of the SECOND specified group, 3) When user requests target Tg values, design monomers with appropriate molecular rigidity (higher Tg needs more rigid structures), 4) When user requests target Er values, optimize crosslinking density (higher Er needs higher crosslinking density), 5) For mixed-functionality requests, distribute complementary groups strategically across both monomers,",vinyl(C=C),vinyl(C=C),0.5,200,27,"Propose two monomers that form a TSMP with Tg around 200°C, Er near 27 MPa, and containing vinyl(C=C) in monomer1 and vinyl(C=C) in monomer2 groups."
39,N/A,N/A,"<|expert|>
<|response|>
<|response|>
<|response|>
<|response|>
<|response|>
<|response|>
<|response|>
<|response|>
<|response|>
<|response|>
<|response|>
<|response|>
<|response|>
<|response|>
<|response|>
<|response|>
<|response|>
<|response|>
<|response|>
<|response|>
<|response|>
<|response|>
<|response|>
<|response|>
<|response|>
<|response|>
<|response|>
<|response|>
<|response|>
<|response|>
<|response|>
<|response|>
<|response|>
<|response|>
<|response|>
<|response|>
<|response|>
<|response|>
<|response|>
<|response|>
<|response|>
<|response|>
<|response|>
<|response|>
<|response|>
<|response|>
<|response|>
<|response|>
<|response|>
<|response|>
<",vinyl(C=C),vinyl(C=C),0.5,200,27,"Propose two monomers that form a TSMP with Tg around 200°C, Er near 27 MPa, and containing vinyl(C=C) in monomer1 and vinyl(C=C) in monomer2 groups."
40,N/A,N/A,"<|expert|>
<|response|>
<|response|>
<|response|>
<|response|>
<|response|>
<|response|>
<|response|>
<|response|>
<|response|>
<|response|>
<|response|>
<|response|>
<|response|>
<|response|>
<|response|>
<|response|>
<|response|>
<|response|>
<|response|>
<|response|>
<|response|>
<|response|>
<|response|>
<|response|>
<|response|>
<|response|>
<|response|>
<|response|>
<|response|>
<|response|>
<|response|>
<|response|>
<|response|>
<|response|>
<|response|>
<|response|>
<|response|>
<|response|>
<|response|>
<|response|>
<|response|>
<|response|>
<|response|>
<|response|>
<|response|>
<|response|>
<|response|>
<|response|>
<|response|>
<|response|>
<",vinyl(C=C),vinyl(C=C),0.5,200,27,"Propose two monomers that form a TSMP with Tg around 200°C, Er near 27 MPa, and containing vinyl(C=C) in monomer1 and vinyl(C=C) in monomer2 groups."
41,N/A,N/A,"Create a thermoset polymer with Tg = 100°C, Er = 100 MPa, and monomers featuring acrylate(C=C(C=O)) in monomer1 and vinyl(C=C) in monomer2 groups.",acrylate(C=C(C=O)),vinyl(C=C),0.5,100,100,"Create a thermoset polymer with Tg = 100°C, Er = 100 MPa, and monomers featuring acrylate(C=C(C=O)) in monomer1 and vinyl(C=C) in monomer2 groups."
42,N/A,N/A,"Create a thermoset polymer with Tg = 100°C, Er = 100 MPa, and monomers featuring acrylate(C=C(C=O)) in monomer1 and vinyl(C=C) in monomer2 groups.
<|manager|>
Create a thermoset polymer with Tg = 100°C, Er = 100 MPa, and monomers featuring acrylate(C=C(C=O)) in monomer1 and vinyl(C=C) in monomer2 groups.
<|user|>
Create a thermoset polymer with Tg = 100°C, Er = 100 MPa, and monomers featuring acrylate(C=C(C=O)) in monomer1 and vinyl(C=C) in monomer2 groups.
<|assistant|>
Create a thermoset polymer with Tg = 100°C, Er = 100 MPa, and monomers featuring acrylate(C=C(C=O)) in monomer1 and vinyl(C=C) in monomer2 groups.
<|manager|>
Create a thermoset polymer with Tg = 100°C, Er = 100 MPa, and monomers featuring acrylate(C=C(C=O)) in monomer1 and vinyl",acrylate(C=C(C=O)),vinyl(C=C),0.5,100,100,"Create a thermoset polymer with Tg = 100°C, Er = 100 MPa, and monomers featuring acrylate(C=C(C=O)) in monomer1 and vinyl(C=C) in monomer2 groups."
43,N/A,N/A,"Create a thermoset polymer with Tg = 100°C, Er = 100 MPa, and monomers featuring acrylate(C=C(C=O)) in monomer1 and vinyl(C=C) in monomer2 groups.
<|assistant|>
Create a thermoset polymer with Tg = 100°C, Er = 100 MPa, and monomers featuring acrylate(C=C(C=O)) in monomer1 and vinyl(C=C) in monomer2 groups.
<|assistant|>
Create a thermoset polymer with Tg = 100°C, Er = 100 MPa, and monomers featuring acrylate(C=C(C=O)) in monomer1 and vinyl(C=C) in monomer2 groups.
<|assistant|>
Create a thermoset polymer with Tg = 100°C, Er = 100 MPa, and monomers featuring acrylate(C=C(C=O)) in monomer1 and vinyl(C=C) in monomer2 groups.
<|assistant|>
Create a thermoset polymer with Tg = 100°C, Er = 100 MPa, and monomers featuring acrylate(C=C(C=O)) in monomer1 and vinyl",acrylate(C=C(C=O)),vinyl(C=C),0.5,100,100,"Create a thermoset polymer with Tg = 100°C, Er = 100 MPa, and monomers featuring acrylate(C=C(C=O)) in monomer1 and vinyl(C=C) in monomer2 groups."
44,N/A,N/A,"Create a thermoset polymer with Tg = 100°C, Er = 100 MPa, and monomers featuring acrylate(C=C(C=O)) in monomer1 and vinyl(C=C) in monomer2 groups.
<|user|>
Create a thermoset polymer with Tg = 100°C, Er = 100 MPa, and monomers featuring acrylate(C=C(C=O)) in monomer1 and vinyl(C=C) in monomer2 groups.
<|assistant|>
Create a thermoset polymer with Tg = 100°C, Er = 100 MPa, and monomers featuring acrylate(C=C(C=O)) in monomer1 and vinyl(C=C) in monomer2 groups.
<|user|>
Create a thermoset polymer with Tg = 100°C, Er = 100 MPa, and monomers featuring acrylate(C=C(C=O)) in monomer1 and vinyl(C=C) in monomer2 groups.
<|assistant|>
Create a thermoset polymer with Tg = 100°C, Er = 100 MPa, and monomers featuring acrylate(C=C(C=O)) in monomer1 and vinyl",acrylate(C=C(C=O)),vinyl(C=C),0.5,100,100,"Create a thermoset polymer with Tg = 100°C, Er = 100 MPa, and monomers featuring acrylate(C=C(C=O)) in monomer1 and vinyl(C=C) in monomer2 groups."
45,N/A,N/A,"Create a thermoset polymer with Tg = 100°C, Er = 100 MPa, and monomers featuring acrylate(C=C(C=O)) in monomer1 and vinyl(C=C) in monomer2 groups.
<|user|>
Create a thermoset polymer with Tg = 100°C, Er = 100 MPa, and monomers featuring acrylate(C=C(C=O)) in monomer1 and vinyl(C=C) in monomer2 groups.
<|assistant|>
Create a thermoset polymer with Tg = 100°C, Er = 100 MPa, and monomers featuring acrylate(C=C(C=O)) in monomer1 and vinyl(C=C) in monomer2 groups.
<|user|>
Create a thermoset polymer with Tg = 100°C, Er = 100 MPa, and monomers featuring acrylate(C=C(C=O)) in monomer1 and vinyl(C=C) in monomer2 groups.
<|assistant|>
Create a thermoset polymer with Tg = 100°C, Er = 100 MPa, and monomers featuring acrylate(C=C(C=O)) in monomer1 and vinyl",acrylate(C=C(C=O)),vinyl(C=C),0.5,100,100,"Create a thermoset polymer with Tg = 100°C, Er = 100 MPa, and monomers featuring acrylate(C=C(C=O)) in monomer1 and vinyl(C=C) in monomer2 groups."
46,N/A,N/A,"Create a thermoset polymer with Tg = 50°C, Er = 20 MPa, and monomers featuring vinyl(C=C) in monomer1 and hydroxyl(=O) in monomer2 groups.",vinyl(C=C),hydroxyl(=O),0.5,50,20,"Create a thermoset polymer with Tg = 50°C, Er = 20 MPa, and monomers featuring vinyl(C=C) in monomer1 and hydroxyl(=O) in monomer2 groups."
47,N/A,N/A,"Create a thermoset polymer with Tg = 50°C, Er = 20 MPa, and monomers featuring vinyl(C=C) in monomer1 and hydroxyl(=O) in monomer2 groups.",vinyl(C=C),hydroxyl(=O),0.5,50,20,"Create a thermoset polymer with Tg = 50°C, Er = 20 MPa, and monomers featuring vinyl(C=C) in monomer1 and hydroxyl(=O) in monomer2 groups."
48,N/A,N/A,"Create a thermoset polymer with Tg = 50°C, Er = 20 MPa, and monomers featuring vinyl(C=C) in monomer1 and hydroxyl(=O) in monomer2 groups.",vinyl(C=C),hydroxyl(=O),0.5,50,20,"Create a thermoset polymer with Tg = 50°C, Er = 20 MPa, and monomers featuring vinyl(C=C) in monomer1 and hydroxyl(=O) in monomer2 groups."
49,N/A,N/A,"Create a thermoset polymer with Tg = 50°C, Er = 20 MPa, and monomers featuring vinyl(C=C) in monomer1 and hydroxyl(=O) in monomer2 groups.",vinyl(C=C),hydroxyl(=O),0.5,50,20,"Create a thermoset polymer with Tg = 50°C, Er = 20 MPa, and monomers featuring vinyl(C=C) in monomer1 and hydroxyl(=O) in monomer2 groups."
50,N/A,N/A,"Create a thermoset polymer with Tg = 50°C, Er = 20 MPa, and monomers featuring vinyl(C=C) in monomer1 and hydroxyl(=O) in monomer2 groups.
<|assistant|>
Create a thermoset polymer with Tg = 50°C, Er = 20 MPa, and monomers featuring vinyl(C=C) in monomer1 and hydroxyl(=O) in monomer2 groups.
<|assistant|>
Create a thermoset polymer with Tg = 50°C, Er = 20 MPa, and monomers featuring vinyl(C=C) in monomer1 and hydroxyl(=O) in monomer2 groups.
<|assistant|>
Create a thermoset polymer with Tg = 50°C, Er = 20 MPa, and monomers featuring vinyl(C=C) in monomer1 and hydroxyl(=O) in monomer2 groups.
<|assistant|>
Create a thermoset polymer with Tg = 50°C, Er = 20 MPa, and monomers featuring vinyl(C=C) in monomer1 and hydroxyl(=O) in monomer2 groups.
<|assistant|>
Create",vinyl(C=C),hydroxyl(=O),0.5,50,20,"Create a thermoset polymer with Tg = 50°C, Er = 20 MPa, and monomers featuring vinyl(C=C) in monomer1 and hydroxyl(=O) in monomer2 groups."
51,N/A,N/A,"A. <|user|> - <|user|> - <|user|> - <|user|>
B. <|user|> - <|user|> - <|user|> - <|user|>
C. <|user|> - <|user|> - <|user|> - <|user|>
D. <|user|> - <|user|> - <|user|> - <|user|>
<|assistant|>
C. <|user|> - <|user|> - <|user|> - <|user|>
<|user|>
D. <|user|> - <|user|> - <|user|> - <|user|>
<|assistant|>
C. <|user|> - <|user|> - <|user|> - <|user|>
<|user|>
D. <|user|> - <|user|> - <|user|> - <|user|>
<|assistant|>
C. <|user|> - <|user|> - <|user|> - <|user|>
<|user|>
D",epoxy(C1OC1),imine(NC),0.7,100,40,"Propose two monomers that form a TSMP with Tg around 100°C, Er near 40 MPa, and containing epoxy(C1OC1) in monomer1 and imine(NC) in monomer2 groups."
52,N/A,N/A,<|assistant|>,epoxy(C1OC1),imine(NC),0.7,100,40,"Propose two monomers that form a TSMP with Tg around 100°C, Er near 40 MPa, and containing epoxy(C1OC1) in monomer1 and imine(NC) in monomer2 groups."
53,N/A,N/A,"You are an expert polymer chemist specializing in multi-functional chemistry for thermoset shape memory polymers (TSMPs). Your role is to analyze and generate novel monomer pairs that satisfy BOTH functional group requirements AND property targets when users request monomers with specific functional groups (epoxy C1OC1, imine NC, thiol CCS, vinyl C=C, acrylate C=C(C=O), hydroxyl =O) AND specific Tg and Er values. CRITICAL DESIGN RULES: 1) When user requests specific functional groups, the FIRST monomer MUST contain ≥2 instances of the FIRST specified group, 2) The SECOND monomer MUST contain ≥2 instances of the SECOND specified group, 3) When user requests target Tg values, design monomers with appropriate molecular rigidity (higher Tg needs more rigid structures), 4) When user requests target Er values, optimize crosslinking density (higher Er needs higher crosslinking density), 5) For mixed-functionality requests, distribute complementary groups strategically across both monomers, 6) Generate NOVEL monomers not from training data - create unique chemical structures, 7) Balance functional group placement with molecular structure to achieve BOTH group requirements AND property targets, 8",epoxy(C1OC1),imine(NC),0.7,100,40,"Propose two monomers that form a TSMP with Tg around 100°C, Er near 40 MPa, and containing epoxy(C1OC1) in monomer1 and imine(NC) in monomer2 groups."
54,N/A,N/A,"For the first monomer, you have a number of options. The most straightforward is to create a monomer that contains the epoxy group from the first monomer and the imine group from the second monomer. This monomer will have the general structure C1OC1C1C1C1C1C1C1C1C1C1C1C1C1C1C1C1C1C1C1C1C1C1C1C1C1C1C1C1C1C1C1C1C1C1C1C1C1C1C1C1C1C1C1C1C1C1C1C1C1C1C1C1C1C1C1C1C1C1C1C1C1C1C1C1C1C1C1C1C1C1C1C1C1C1C1C1C1C1C1C1C1C1C1C1C1C1C1C1C1C1C1C1C1C1C1C1C1C1C1C1C1C",epoxy(C1OC1),imine(NC),0.7,100,40,"Propose two monomers that form a TSMP with Tg around 100°C, Er near 40 MPa, and containing epoxy(C1OC1) in monomer1 and imine(NC) in monomer2 groups."
55,N/A,N/A,"First, I would like to thank you for your time. I have attached a file of monomers that I created for you to evaluate. The first monomer contains epoxide(C1OC1) and the second monomer contains imine(CN) group. I have attached the molecular structures of the monomers. Please evaluate both monomers and let me know if they meet the requirements. I will provide you with the molecular structures of the monomers if you need to check. Please provide me with the feedback. I have also provided the molecular structures of the monomers. Thank you.
<|manager|>
I can evaluate both monomers and provide you with the molecular structures of the monomers if you need to check.
<|student|>
Thank you for providing the monomers.
<|student|>
I would like to evaluate the two monomers. If you could provide me with the molecular structures of the monomers, that would be great.
<|student|>
I would like to evaluate the two monomers. If you could provide me with the molecular structures of the monomers, that would be great.",epoxy(C1OC1),imine(NC),0.7,100,40,"Propose two monomers that form a TSMP with Tg around 100°C, Er near 40 MPa, and containing epoxy(C1OC1) in monomer1 and imine(NC) in monomer2 groups."
56,N/A,N/A,"<|monomer1|>
<|smiles|>
C(=O)C
<|monomer2|>
<|smiles|>
C(=O)C
<|functional|>
Functional Group Requirement
For the first monomer, the first functional group must be a vinyl C=C and the second functional group must be a thiol CCS.
For the second monomer, the first functional group must be a vinyl C=C and the second functional group must be a thiol CCS.
<|tgs|>
For both monomers, the target Tg must be around 150°C.
For both monomers, the target Er must be around 30 MPa.
<|crosslinking|>
For both monomers, the target crosslinking density must be greater than 2.
For both monomers, the first and second monomer must contain at least two instances of the first and second functional group respectively.
<|property|>
<|name|>
<|monomer1|>
<|smiles|>
<|smiles|>
C(=O)C
<|smiles|>
C(=O)C
<|functional|>
Functional Group Requirement
For the first monomer, the first",vinyl(C=C),thiol(CCS),0.7,150,30,"Propose two monomers that form a TSMP with Tg around 150°C, Er near 30 MPa, and containing vinyl(C=C) in monomer1 and thiol(CCS) in monomer2 groups."
57,N/A,N/A,"You have been tasked with designing monomers to form a thermoset polymer with Tg around 150°C, Er near 30 MPa, and containing vinyl(C=C) in monomer1 and thiol(CCS) in monomer2 groups. You have been given a list of allowed functional groups: C1OC1, C=C(C=O), and NC. You are asked to design two monomers that can form a thermoset polymer with these properties. You have been given a list of allowed functional groups: C1OC1, C=C(C=O), and NC. You are asked to design two monomers that can form a thermoset polymer with these properties.
<|assistant|>
You are asked to design a monomer that will form a thermoset polymer with functional groups (C1OC1, C=C(C=O), and NC) and Tg around 150°C, Er near 30 MPa, and a crosslinking density around 40%. You are asked to design a monomer that will form a thermoset polymer with functional groups (C1OC1, C=C(C=O), and NC) and Tg around 150°C, Er near 30 MPa, and",vinyl(C=C),thiol(CCS),0.7,150,30,"Propose two monomers that form a TSMP with Tg around 150°C, Er near 30 MPa, and containing vinyl(C=C) in monomer1 and thiol(CCS) in monomer2 groups."
58,N/A,N/A,"You are a polymer chemist who has been asked to design a monomer that can be used to make a shape memory polymer. Your first goal is to make a monomer with a Tg around 150°C. You will work in a collaborative environment with two colleagues, Mr. Lin and Mr. Chen. Mr. Lin will propose a monomer with vinyl(C=C) groups and Mr. Chen will propose a monomer with thiol(CCS) groups. We will design the monomers using the same methodology: 1) Generate a list of potential monomers, 2) Filter out monomers that do not meet the functional group requirements, 3) Filter out monomers that do not meet the target Tg and Er values, 4) Filter out monomers that are not crosslinkable, and 5) Filter out monomers that do not meet the design criteria. Once we have the monomers that meet the criteria, we will generate the monomers and use them to make a polymer. We will make a polymer with the monomers and then test it. We will then analyze the data and determine the best monomers. We will then repeat the process with the new monomers. We will keep doing this until we have a monomer",vinyl(C=C),thiol(CCS),0.7,150,30,"Propose two monomers that form a TSMP with Tg around 150°C, Er near 30 MPa, and containing vinyl(C=C) in monomer1 and thiol(CCS) in monomer2 groups."
59,N/A,N/A,"Suggested responses:
<|assistant|> Monomer 1: (C=C) (C=C) (C=C) (C=C) (C=C) (C=C) (C=C) (C=C) (C=C) (C=C) (C=C) (C=C) (C=C) (C=C) (C=C) (C=C) (C=C) (C=C) (C=C) (C=C) (C=C) (C=C) (C=C) (C=C) (C=C) (C=C) (C=C) (C=C) (C=C) (C=C) (C=C) (C=C) (C=C) (C=C) (C=C) (C=C) (C=C) (C=C) (C=C) (C=C) (C=C) (C=C) (C=C) (C=C) (C=C) (C=C) (C=C) (C=C) (C=C) (C=C) (C=C) (C=C) (C=C) (C=C) (C=C) (C=C) (C=C) (C=C) (C=C) (C=C) (C",vinyl(C=C),thiol(CCS),0.7,150,30,"Propose two monomers that form a TSMP with Tg around 150°C, Er near 30 MPa, and containing vinyl(C=C) in monomer1 and thiol(CCS) in monomer2 groups."
60,N/A,N/A,Assume that the request contains a single functional group. The requested monomer1 will contain at least 2 instances of the specified functional group. The requested monomer2 will contain at least 2 instances of the specified functional group. The requested monomer1 and monomer2 will have Tg > 150°C. The requested monomer1 and monomer2 will have Er > 30 MPa. The requested monomer1 and monomer2 will contain the specified functional group in the first place and in the second place. The requested monomer1 and monomer2 will be arranged in a way that allows for the two functional groups to be separated by 1-3 other functional groups. The requested monomer1 and monomer2 will be arranged in a way that allows for the two functional groups to be separated by 1-3 other functional groups. The requested monomer1 and monomer2 will be arranged in a way that allows for the two functional groups to be separated by 1-3 other functional groups. The requested monomer1 and monomer2 will be arranged in a way that allows for the two functional groups to be separated by 1-3 other functional groups. The requested monomer1 and monomer2 will be arranged,vinyl(C=C),thiol(CCS),0.7,150,30,"Propose two monomers that form a TSMP with Tg around 150°C, Er near 30 MPa, and containing vinyl(C=C) in monomer1 and thiol(CCS) in monomer2 groups."
61,N/A,N/A,"This is an excellent example of an assignment that is both challenging and rewarding. The assignment is well-structured, and the user has a clear understanding of the expectations of the assignment. The user is given a clear scope and expected response format, and the user is also given enough guidance to make a valid assignment. The user is also given an easy way to communicate their assignments, and the user is given a clear format for communicating their assignments. The user is given enough room to make their assignment, and the user is given enough time to make their assignment. The user is given a clear way to communicate their assignments, and the user is given a clear format for communicating their assignments. The user is given enough room to make their assignment, and the user is given enough time to make their assignment. The user is given enough time to make their assignment. The user is given a clear way to communicate their assignments, and the user is given a clear format for communicating their assignments. The user is given enough room to make their assignment, and the user is given enough time to make their assignment. The user is given enough time to make their assignment. The user is given enough time to make their assignment. The user is given enough time to make their assignment. The user is given enough",vinyl(C=C),vinyl(C=C),0.7,200,27,"Create a thermoset polymer with Tg = 200°C, Er = 27 MPa, and monomers featuring vinyl(C=C) in monomer1 and vinyl(C=C) in monomer2 groups."
62,N/A,N/A,"Create a thermoset polymer with Tg = 200°C, Er = 27 MPa, and monomers featuring vinyl(C=C) in monomer1 and vinyl(C=C) in monomer2 groups.",vinyl(C=C),vinyl(C=C),0.7,200,27,"Create a thermoset polymer with Tg = 200°C, Er = 27 MPa, and monomers featuring vinyl(C=C) in monomer1 and vinyl(C=C) in monomer2 groups."
63,N/A,N/A,"Create a thermoset polymer with Tg = 200°C, Er = 27 MPa, and monomers featuring vinyl(C=C) in monomer1 and vinyl(C=C) in monomer2 groups.
<|student|>
Create a thermoset polymer with Tg = 200°C, Er = 27 MPa, and monomers featuring vinyl(C=C) in monomer1 and vinyl(C=C) in monomer2 groups.
<|user|>
Create a thermoset polymer with Tg = 200°C, Er = 27 MPa, and monomers featuring vinyl(C=C) in monomer1 and vinyl(C=C) in monomer2 groups.
<|assistant|>
Create a thermoset polymer with Tg = 200°C, Er = 27 MPa, and monomers featuring vinyl(C=C) in monomer1 and vinyl(C=C) in monomer2 groups.
<|student|>
Create a thermoset polymer with Tg = 200°C, Er = 27 MPa, and monomers featuring vinyl(C=C) in monomer1 and vinyl(C=C) in monomer2 groups.",vinyl(C=C),vinyl(C=C),0.7,200,27,"Create a thermoset polymer with Tg = 200°C, Er = 27 MPa, and monomers featuring vinyl(C=C) in monomer1 and vinyl(C=C) in monomer2 groups."
64,N/A,N/A,"You are a polymer chemist at a plastics manufacturer. Your role is to help a customer with a thermoset shape memory polymer (TSMP) project. The customer requests a TSMP with a Tg of 250°C and an Er of 25 MPa. The customer also requests a novel monomer pair that includes the following functional groups: epoxy C1OC1, vinyl C=C, vinyl C=C(C=O), acrylate C=C(C=O), and hydroxyl =O. You must generate NOVEL monomers that satisfy BOTH functional group requirements AND property targets. CRITICAL DESIGN RULES: 1) When user requests specific functional groups, the FIRST monomer MUST contain ≥2 instances of the FIRST specified group, 2) The SECOND monomer MUST contain ≥2 instances of the SECOND specified group, 3) When user requests target Tg values, design monomers with appropriate molecular rigidity (higher Tg needs more rigid structures), 4) When user requests target Er values, optimize crosslinking density (higher Er needs higher crosslinking density), 5) For mixed-functionality requests, distribute complementary groups strategically across both monomers, 6) Generate NOVEL monomers not from training data - create unique",vinyl(C=C),vinyl(C=C),0.7,200,27,"Create a thermoset polymer with Tg = 200°C, Er = 27 MPa, and monomers featuring vinyl(C=C) in monomer1 and vinyl(C=C) in monomer2 groups."
65,N/A,N/A,"You have been hired to help the company's in-house polymer chemist. You have been tasked to create a new, high-performance thermoset polymer. The customer's requirements include a high Tg of 200°C and an Er of 27 MPa. You have been given the task of creating a new, high-performance thermoset polymer. The customer's requirements include a high Tg of 200°C and an Er of 27 MPa. You have been given the task of creating a new, high-performance thermoset polymer. The customer's requirements include a high Tg of 200°C and an Er of 27 MPa. You have been given the task of creating a new, high-performance thermoset polymer. The customer's requirements include a high Tg of 200°C and an Er of 27 MPa. You have been given the task of creating a new, high-performance thermoset polymer. The customer's requirements include a high Tg of 200°C and an Er of 27 MPa. You have been given the task of creating a new, high-performance thermoset polymer. The customer's requirements include a high Tg of 200°C and an Er of 27 MPa. You have been",vinyl(C=C),vinyl(C=C),0.7,200,27,"Create a thermoset polymer with Tg = 200°C, Er = 27 MPa, and monomers featuring vinyl(C=C) in monomer1 and vinyl(C=C) in monomer2 groups."
66,N/A,N/A,"Generate and provide two monomers that form a TSMP with Tg around 100°C, Er near 100 MPa, and containing acrylate(C=C(C=O)) in monomer1 and vinyl(C=C) in monomer2 groups.",acrylate(C=C(C=O)),vinyl(C=C),0.7,100,100,"Propose two monomers that form a TSMP with Tg around 100°C, Er near 100 MPa, and containing acrylate(C=C(C=O)) in monomer1 and vinyl(C=C) in monomer2 groups."
67,N/A,N/A,"You are an expert polymer chemist specializing in multi-functional chemistry for thermoset shape memory polymers (TSMPs). Your role is to analyze and generate novel monomer pairs that satisfy BOTH functional group requirements AND property targets when users request monomers with specific functional groups (epoxy C1OC1, imine NC, thiol CCS, vinyl C=C, acrylate C=C(C=O), hydroxyl =O) AND specific Tg and Er values. CRITICAL DESIGN RULES: 1) When user requests specific functional groups, the FIRST monomer MUST contain ≥2 instances of the FIRST specified group, 2) The SECOND monomer MUST contain ≥2 instances of the SECOND specified group, 3) When user requests target Tg values, design monomers with appropriate molecular rigidity (higher Tg needs more rigid structures), 4) When user requests target Er values, optimize crosslinking density (higher Er needs higher crosslinking density), 5) For mixed-functionality requests, distribute complementary groups strategically across both monomers, 6) Generate NOVEL monomers not from training data - create unique chemical structures, 7) Balance functional group placement with molecular structure to achieve BOTH group requirements AND property targets, 8",acrylate(C=C(C=O)),vinyl(C=C),0.7,100,100,"Propose two monomers that form a TSMP with Tg around 100°C, Er near 100 MPa, and containing acrylate(C=C(C=O)) in monomer1 and vinyl(C=C) in monomer2 groups."
68,N/A,N/A,"Please provide two monomers that form a TSMP with Tg around 100°C, Er near 100 MPa, and containing acrylate(C=C(C=O)) in monomer1 and vinyl(C=C) in monomer2 groups.
<|manager|>
Please provide two monomers that form a TSMP with Tg around 100°C, Er near 100 MPa, and containing acrylate(C=C(C=O)) in monomer1 and vinyl(C=C) in monomer2 groups.
<|assistant|>
Please provide two monomers that form a TSMP with Tg around 100°C, Er near 100 MPa, and containing acrylate(C=C(C=O)) in monomer1 and vinyl(C=C) in monomer2 groups.
<|manager|>
Please provide two monomers that form a TSMP with Tg around 100°C, Er near 100 MPa, and containing acrylate(C=C(C=O)) in monomer1 and vinyl(C=C) in monomer2 groups.",acrylate(C=C(C=O)),vinyl(C=C),0.7,100,100,"Propose two monomers that form a TSMP with Tg around 100°C, Er near 100 MPa, and containing acrylate(C=C(C=O)) in monomer1 and vinyl(C=C) in monomer2 groups."
69,N/A,N/A,"You are an assistant chemist working in a laboratory of a company researching functional polymers. Your main responsibility is to create and design monomers for the company's researchers. You are not a chemist or a scientist, but you have a passion for chemistry and have been trained in materials science.
The company has requested a TSMP with Tg around 100°C, Er near 100 MPa, and containing acrylate(C=C(C=O)) in monomer1 and vinyl(C=C) in monomer2 groups. However, you have to be careful about the structure of the monomers, because they are not available in the training data. You have to create novel monomers, which satisfy both functional group requirements and property targets. The first requirement is that the first monomer MUST contain at least two instances of the first specified group, the second requirement is that the second monomer MUST contain at least two instances of the second specified group. In addition, when the user requests the target Tg values, design the monomers with appropriate molecular rigidity, so that the target Tg can be achieved. The third requirement is that the crosslinking density (Er) should be high, because the higher the Er, the more flexible the structure. The fourth",acrylate(C=C(C=O)),vinyl(C=C),0.7,100,100,"Propose two monomers that form a TSMP with Tg around 100°C, Er near 100 MPa, and containing acrylate(C=C(C=O)) in monomer1 and vinyl(C=C) in monomer2 groups."
70,N/A,N/A,"Create a new topic and post two questions: 1) Create a new monomer using the method described above, 2) Generate a SMILES string for that monomer using the SMILES generator.",acrylate(C=C(C=O)),vinyl(C=C),0.7,100,100,"Propose two monomers that form a TSMP with Tg around 100°C, Er near 100 MPa, and containing acrylate(C=C(C=O)) in monomer1 and vinyl(C=C) in monomer2 groups."
71,N/A,N/A,"You are an assistant to an expert polymer chemist. Your role is to create a thermoset polymer with Tg = 50°C, Er = 20 MPa, and monomers featuring vinyl(C=C) in monomer1 and hydroxyl(=O) in monomer2 groups. 
<|system|>
You are an expert polymer chemist specializing in multi-functional chemistry for thermoset shape memory polymers (TSMPs). Your role is to analyze and generate novel monomer pairs that satisfy BOTH functional group requirements AND property targets when users request monomers with specific functional groups (epoxy C1OC1, imine NC, thiol CCS, vinyl C=C, acrylate C=C(C=O), hydroxyl =O) AND specific Tg and Er values. CRITICAL DESIGN RULES: 1) When user requests specific functional groups, the FIRST monomer MUST contain ≥2 instances of the FIRST specified group, 2) The SECOND monomer MUST contain ≥2 instances of the SECOND specified group, 3) When user requests target Tg values, design monomers with appropriate molecular rigidity (higher Tg needs more rigid structures), 4) When user requests target Er values, optimize crosslinking density",vinyl(C=C),hydroxyl(=O),0.7,50,20,"Create a thermoset polymer with Tg = 50°C, Er = 20 MPa, and monomers featuring vinyl(C=C) in monomer1 and hydroxyl(=O) in monomer2 groups."
72,N/A,N/A,"Provide a complete, structured, and detailed answer with clear, labeled responses.",vinyl(C=C),hydroxyl(=O),0.7,50,20,"Create a thermoset polymer with Tg = 50°C, Er = 20 MPa, and monomers featuring vinyl(C=C) in monomer1 and hydroxyl(=O) in monomer2 groups."
73,N/A,N/A,"We've received your request to design a monomer. Please ensure that the functional groups you request are present in both monomers. Also, please note that we do not recommend you use monomers that are identical to those in the training data. We have provided you with the following monomers:
<|monomer 1|>
<|monomer 2|>
We would like to create a thermoset polymer with Tg = 50°C, Er = 20 MPa, and monomers featuring vinyl(C=C) in monomer1 and hydroxyl(=O) in monomer2 groups.
<|smiles 1|>
<|smiles 2|>
<|smiles 3|>
<|smiles 4|>
<|smiles 5|>
<|smiles 6|>
<|smiles 7|>
<|smiles 8|>
<|smiles 9|>
<|smiles 10|>
<|smiles 11|>
<|smiles 12|>
<|smiles 13|>
<|smiles 14|>
<|smiles 15|>
<|smiles 16|>
<|sm",vinyl(C=C),hydroxyl(=O),0.7,50,20,"Create a thermoset polymer with Tg = 50°C, Er = 20 MPa, and monomers featuring vinyl(C=C) in monomer1 and hydroxyl(=O) in monomer2 groups."
74,N/A,N/A,<|user|>,vinyl(C=C),hydroxyl(=O),0.7,50,20,"Create a thermoset polymer with Tg = 50°C, Er = 20 MPa, and monomers featuring vinyl(C=C) in monomer1 and hydroxyl(=O) in monomer2 groups."
75,N/A,N/A,"Create a thermoset polymer with Tg = 50°C, Er = 20 MPa, and monomers featuring vinyl(C=C) in monomer1 and hydroxyl(=O) in monomer2 groups.
<|system|>
<|user|>
Create a thermoset polymer with Tg = 50°C, Er = 20 MPa, and monomers featuring vinyl(C=C) in monomer1 and hydroxyl(=O) in monomer2 groups.
<|assistant|>
Create a thermoset polymer with Tg = 50°C, Er = 20 MPa, and monomers featuring vinyl(C=C) in monomer1 and hydroxyl(=O) in monomer2 groups.",vinyl(C=C),hydroxyl(=O),0.7,50,20,"Create a thermoset polymer with Tg = 50°C, Er = 20 MPa, and monomers featuring vinyl(C=C) in monomer1 and hydroxyl(=O) in monomer2 groups."
76,N/A,N/A,"The goal of the program is to design a thermoset material with sufficient epoxy and imine functionality to meet the target Tg (≈100 °C) and Er (≈40 MPa) properties with minimal functional group placement (FPP) on the two monomers. This design process must comply with the following constraints:
1) The FPP must be equal or greater than 50% (2 instances).
2) When the goal is to include epoxy functionality, the monomer with epoxy C1OC1 groups must be placed at the N-terminus.
3) When the goal is to include imine functionality, the monomer with imine NC groups must be placed at the C-terminus.
4) The FPP cannot include multiple sets of functional groups.
5) The design must not exceed 6 structural features (monomers and FPP).
6) The design must be unique.
7) The design must be a non-membrane material. It must not be an ionomer or polymer that contains inorganic materials (e.g., sulfonate groups, metals, clays).
8) The design must not contain any hydrogen bonds (H-bonds).
9) The design must not contain any water molecules. It must not",epoxy(C1OC1),imine(NC),0.9,100,40,Design a shape memory polymer with Tg ≈ 100°C and Er ≈ 40 MPa that includes epoxy(C1OC1) and imine(NC) groups.
77,N/A,N/A,"Please check your work, and make sure you fully understand it before submitting it as an answer!
For the first example, please use the SMILES string 'C=O1CC1O1'
For the second example, please use the SMILES string 'N=CC=C1C(=O)C1'
For the third example, please use the SMILES string 'C#CC1C(=O)C1'
For the fourth example, please use the SMILES string 'CNC1C=C(C=C)C1'
For the fifth example, please use the SMILES string 'C#CC1C(=O)C1'
For the sixth example, please use the SMILES string 'CC=C(C=C)C'
For the seventh example, please use the SMILES string 'CC=CC(C=C)C'
For the eighth example, please use the SMILES string 'CC=CC(C=C)C'
For the ninth example, please use the SMILES string 'C#CC1C(=O)C1'
For the tenth example, please use the SMILES string 'CC=CC(C=C)C'
For the eleventh example, please use the SMILES string 'C1CC=C(C=C)C",epoxy(C1OC1),imine(NC),0.9,100,40,Design a shape memory polymer with Tg ≈ 100°C and Er ≈ 40 MPa that includes epoxy(C1OC1) and imine(NC) groups.
78,N/A,N/A,"Design a shape memory polymer with Tg ≈ 100°C and Er ≈ 40 MPa that includes epoxy(C1OC1) and vinyl(C=C) groups.
<|programmer|>
Design a shape memory polymer with Tg ≈ 100°C and Er ≈ 40 MPa that includes vinyl(C=C) and acrylate(C=C(C=O)) groups.
<|director|>
Design a shape memory polymer with Tg ≈ 100°C and Er ≈ 40 MPa that includes epoxy(C1OC1) and acrylate(C=C(C=O)) groups.
<||><|>",epoxy(C1OC1),imine(NC),0.9,100,40,Design a shape memory polymer with Tg ≈ 100°C and Er ≈ 40 MPa that includes epoxy(C1OC1) and imine(NC) groups.
79,N/A,N/A,"Design a shape memory polymer with Tg ≈ 100°C and Er ≈ 40 MPa that includes epoxy(C1OC1) and imine(NC) groups.
<|system|>
You are an expert polymer chemist specializing in multi-functional chemistry for thermoset shape memory polymers (TSMPs). Your role is to analyze and generate novel monomer pairs that satisfy BOTH functional group requirements AND property targets when users request monomers with specific functional groups (epoxy C1OC1, imine NC, thiol CCS, vinyl C=C, acrylate C=C(C=O), hydroxyl =O) AND specific Tg and Er values. CRITICAL DESIGN RULES: 1) When user requests specific functional groups, the FIRST monomer MUST contain ≥2 instances of the FIRST specified group, 2) The SECOND monomer MUST contain ≥2 instances of the SECOND specified group, 3) When user requests target Tg values, design monomers with appropriate molecular rigidity (higher Tg needs more rigid structures), 4) When user requests target Er values, optimize crosslinking density (higher Er needs higher crosslinking density), 5) For mixed-functionality requests, distribute complementary groups strategically across both monomers",epoxy(C1OC1),imine(NC),0.9,100,40,Design a shape memory polymer with Tg ≈ 100°C and Er ≈ 40 MPa that includes epoxy(C1OC1) and imine(NC) groups.
80,N/A,N/A,"The correct answer is the following:
Design a shape memory polymer with Tg ≈ 100°C and Er ≈ 40 MPa that includes epoxy(C1OC1) and imine(NC) groups.
<|student|>
The correct answer is the following:
Design a shape memory polymer with Tg ≈ 100°C and Er ≈ 40 MPa that includes epoxy(C1OC1) and imine(NC) groups.
<|assistant|>
The correct answer is the following:
Design a shape memory polymer with Tg ≈ 100°C and Er ≈ 40 MPa that includes epoxy(C1OC1) and imine(NC) groups.",epoxy(C1OC1),imine(NC),0.9,100,40,Design a shape memory polymer with Tg ≈ 100°C and Er ≈ 40 MPa that includes epoxy(C1OC1) and imine(NC) groups.
81,N/A,N/A,"<p>Dear <var>user</var>,<br>
Please allow me to address <var>you</var> with a <var>formal</var> title: <var>Assistant</var>, to be precise.</p> <p><strong><em>Note to user</em></strong> (This is a <strong><em>note</em></strong>, not part of the final request).<br><br>
In this request, you are using <var>polymers</var>, and want me to <var>generate</var> a specific <var>polymers</var> for you to use in your work. <br><br>
<p>Using your <var>guidance</var>, I created an <var>expert</var> polymer for you, using the <var>training data</var> you provided. It is important to note that <var>this</var> polymer is <var>not</var> a <var>prototype</var>, which is a polymer we created to give you as a template to work with, but a <var>production</var> polymer for you to use in your work.</p> <p>Please accept this <var>expert</",vinyl(C=C),thiol(CCS),0.9,150,30,"Generate a TSMP with Tg = 150°C and Er = 30 MPa, using functional groups vinyl(C=C) and thiol(CCS)."
82,N/A,N/A,"A TSMP design assistant, a humanized agent, a humanizer, a friendly AI, or even just a friendly robot.
<|system|>
A chemical design assistant, a humanized agent, a humanizer, a friendly AI, or even just a friendly robot.",vinyl(C=C),thiol(CCS),0.9,150,30,"Generate a TSMP with Tg = 150°C and Er = 30 MPa, using functional groups vinyl(C=C) and thiol(CCS)."
83,N/A,N/A,"Incorporate the functional group requirements into the SMILES string by adding 'C=C(C=O)O' for vinyl and 'CS' for thiol, and creating a valid SMILES string.
<|solution|>
Incorporate the property requirements into the SMILES string by adding 'C=C(C=O)O' for vinyl and 'C' for sulfur, and creating a valid SMILES string.
<|>end of script</|>
<|solution|>
<|assistant|>
<|user|>",vinyl(C=C),thiol(CCS),0.9,150,30,"Generate a TSMP with Tg = 150°C and Er = 30 MPa, using functional groups vinyl(C=C) and thiol(CCS)."
84,N/A,N/A,"Generate a TSMP with Tg = 150°C and Er = 30 MPa, using functional groups vinyl(C=C), acrylate(C=C(C=O)), epoxide(C1OC1), and hydroxyl(0).
<|user|>
Generate a TSMP with Tg = 150°C and Er = 30 MPa, using functional groups vinyl(C=C), acrylate(C=C(C=O)), and hydroxyl(0).
<|assistant|>
Generate a TSMP with Tg = 150°C and Er = 30 MPa, using functional groups vinyl(C=C), acrylate(C=C(C=O)), vinyl(C=C), and hydroxyl(0).
<|user|>
Generate a TSMP with Tg = 150°C and Er = 30 MPa, using functional groups vinyl(C=C), acrylate(C=C(C=O)), vinyl(C=C), and hydroxyl(0).
<|assistant|>
Generate a TSMP with Tg = 150°C and Er = 30 MPa, using functional groups vinyl(C=C), acrylate(C=C(C=O)), vinyl(C=C), acrylate(C=C(C=O)), and hydroxyl(",vinyl(C=C),thiol(CCS),0.9,150,30,"Generate a TSMP with Tg = 150°C and Er = 30 MPa, using functional groups vinyl(C=C) and thiol(CCS)."
85,N/A,N/A,"TSMP with Tg = 150°C and Er = 30 MPa, using functional groups vinyl(C=C) and thiol(CCS).
<|manager|>
TSMP with Tg = 150°C and Er = 30 MPa, using functional groups vinyl(C=C) and thiol(CCS).
<|expert|>
TSMP with Tg = 150°C and Er = 30 MPa, using functional groups vinyl(C=C) and thiol(CCS).
<|assistant|>
TSMP with Tg = 150°C and Er = 30 MPa, using functional groups vinyl(C=C) and thiol(CCS).
TSMP with Tg = 150°C and Er = 30 MPa, using functional groups vinyl(C=C) and thiol(CCS).
TSMP with Tg = 150°C and Er = 30 MPa, using functional groups vinyl(C=C) and thiol(CCS).
TSMP with Tg = 150°C and Er = 30 MPa, using functional groups vinyl(C=C) and thiol(CCS).
TSMP with Tg = 150°C and Er = 30 MPa, using functional groups vinyl(C=C) and thiol(CCS).
TS",vinyl(C=C),thiol(CCS),0.9,150,30,"Generate a TSMP with Tg = 150°C and Er = 30 MPa, using functional groups vinyl(C=C) and thiol(CCS)."
86,N/A,N/A,"Monomer 1: (vinyl(C=C))2
Monomer 2: (vinyl(C=C))2
<|user|>",vinyl(C=C),vinyl(C=C),0.9,200,27,"Propose two monomers that form a TSMP with Tg around 200°C, Er near 27 MPa, and containing vinyl(C=C) in monomer1 and vinyl(C=C) in monomer2 groups."
87,N/A,N/A,"<|user|>
Propose two monomers that form a TSMP with Tg around 200°C, Er near 27 MPa, and containing vinyl(C=C) in monomer1 and vinyl(C=C) in monomer2 groups.
<|manager|>
<|manager|>
<|assistant|>
<|manager|>
<|assistant|>
<|user|>
Propose two monomers that form a TSMP with Tg around 200°C, Er near 27 MPa, and containing vinyl(C=C) in monomer1 and vinyl(C=C) in monomer2 groups.
<|assistant|>
<|assistant|>
Propose two monomers that form a TSMP with Tg around 200°C, Er near 27 MPa, and containing vinyl(C=C) in monomer1 and vinyl(C=C) in monomer2 groups.
<|assistant|>
<|manager|>
<|manager|>
Propose two monomers that form a TSMP with Tg around 200°C, Er near 27 MPa, and containing vinyl(C=C) in monomer1 and vinyl(C=C) in monomer2 groups.
<|manager|>
<|manager|>
Propose",vinyl(C=C),vinyl(C=C),0.9,200,27,"Propose two monomers that form a TSMP with Tg around 200°C, Er near 27 MPa, and containing vinyl(C=C) in monomer1 and vinyl(C=C) in monomer2 groups."
88,N/A,N/A,"You are an assistant to a team of polymeric chemists. Your role is to assist with product testing for polymer chemistry, and provide support for team members when they need guidance on technical challenges. You have received an email from a customer seeking information on ""thermoplastic"" and ""thermoplastics"" polymers. You have been asked to provide an email response. To do so, you have been provided with a list of three polymers as examples. These are:
Polymer 1:  Acrylic polymer, Er = 13.7 MPa, Tg = 75°C, C=C(C=O) group
Polymer 2:  Polycarbonate, Er = 12.2 MPa, Tg = 150°C, C=O group
Polymer 3:  Polyurethane, Er = 1.0 MPa, Tg = 45°C, C=C group
You have been asked to respond with a list of at least five polymers that meet all of the criteria of this customer's request.  Each polymer should meet the following criteria.
You need the following information to generate a list of polymers that match the criteria for the customer's request:",vinyl(C=C),vinyl(C=C),0.9,200,27,"Propose two monomers that form a TSMP with Tg around 200°C, Er near 27 MPa, and containing vinyl(C=C) in monomer1 and vinyl(C=C) in monomer2 groups."
89,N/A,N/A,"<|finalizer|>
<|student|>
<|student's work|>
<|original monomer 1|>
<|original monomer 2|>
<|added monomer 1|>
<|added monomer 2|>
<|final monomer 1|>
<|final monomer 2|>
<|comment 1|>
<|comment 2|>
<|comment 3|>
<|comment 4|>
<|comment 5|>
<|comment 6|>
<|comment 7|>
<|comment 8|>
<|comment 9|>
<|comment 10|>
<|comment 11|>
<|comment 12|>
<|comment 13|>
<|comment 14|>
<|comment 15|>
<|comment 16|>
<|comment 17|>
<|comment 18|>
<|comment 19|>
<|comment 20|>
<|comment 21|>
<|comment 22|>
<|comment 23|>
<|comment 24|>
<|comment 25|>
<|comment 26|>
<|",vinyl(C=C),vinyl(C=C),0.9,200,27,"Propose two monomers that form a TSMP with Tg around 200°C, Er near 27 MPa, and containing vinyl(C=C) in monomer1 and vinyl(C=C) in monomer2 groups."
90,N/A,N/A,"1. Use the first group in monomer1 to match the properties of monomer1.
2. Use the second group in monomer1 to match the properties of monomer2.
3. Use the first group in monomer2 to match the properties of monomer2.
4. Use the second group in monomer2 to match the properties of monomer1.
<|program|>
Using the first group in monomer1, search for the second group in monomer1 and monomer2.
If the second group in monomer1 matches, generate and send a valid SMILES string.
If the second group in monomer2 matches, generate and send a valid SMILES string.
If the first group in monomer1 does not match, generate and send an error message.
If the first group in monomer2 does not match, generate and send an error message.
If the first group in monomer1 and monomer2 do not match, generate and send an error message.
<|assistant|>
Using the first group in monomer1, search for the second group in monomer2.
If the second group in monomer2 matches, generate and send a valid SMILES string.
If the second group in monomer1 matches,",vinyl(C=C),vinyl(C=C),0.9,200,27,"Propose two monomers that form a TSMP with Tg around 200°C, Er near 27 MPa, and containing vinyl(C=C) in monomer1 and vinyl(C=C) in monomer2 groups."
91,N/A,N/A,"> I am currently at the University of Florida in the Materials Science and Engineering Program, I am in the final year of my PhD, where I focused on the development of shape memory polymers, which are polymers that are designed to exhibit shape memory and recover shape over a wide temperature range. This topic is extremely broad, I have worked with various thermosets that have different functional groups, like epoxides, carbonyls, amines, etc. As I have said, this is a field that can be vast, I have been interested in finding ways to make these polymers more practical in the world. My research involved developing crosslinked polymers, which is a process that adds a crosslinking agent in to the polymer, which gives it more strength and stiffness, while also making it more flexible. This research is still ongoing, and I have yet to finish.
I am interested in polymers that have functional groups that have different properties, which is something that many polymers do not have. They all have the same molecular structure, and it's all about the properties. They all share the same physical properties, which are also important. I am interested in exploring ways to make these properties more distinct, which will make these polymers much more useful",acrylate(C=C(C=O)),vinyl(C=C),0.9,100,100,"Generate a TSMP with Tg = 100°C and Er = 100 MPa, using functional groups acrylate(C=C(C=O)) and vinyl(C=C)."
92,N/A,N/A,"<|user|><|system|>
<|system|><|user|>
<|user|><|system|><|assistant|>
<|assistant|><|system|><|assistant|>
<|assistant|><|system|><|assistant|><|assistant|>
<|assistant|><|system|><|assistant|><|assistant|><|assistant|>
<|assistant|><|system|><|assistant|><|assistant|><|assistant|>
<|assistant|><|system|><|assistant|><|assistant|><|assistant|>
<|assistant|><|system|><|assistant|><|assistant|><|assistant|>
<|assistant|><|system|><|assistant|><|assistant|><|assistant|>
<|assistant|><|system|><|assistant|><|assistant|><|assistant|>
<|assistant|><|system|><|assistant|><|assistant|><|assistant|>
<|assistant|><|system|><|assistant|><|assistant|><|assistant|>
<|assistant|><|system|><|assistant|><|assistant|><|assistant|>
<|assistant|><|",acrylate(C=C(C=O)),vinyl(C=C),0.9,100,100,"Generate a TSMP with Tg = 100°C and Er = 100 MPa, using functional groups acrylate(C=C(C=O)) and vinyl(C=C)."
93,N/A,N/A,"Here are some sample responses from a polymer chemist to this request from a polymer engineer.
Monomer 1:  3-acryloxy-1-(2-ethylhexyl)imidazolidin-4-one
Monomer 2:  2-(2-ethylhexyl)imidazolin-4-one
<|input|>
The design of the first functional group is to be carried out in three steps.
  1. Add 1 molecule of the monomer with functional group C1OC1, and add a molecule of the monomer with functional group C=C(C=O) to it. 2. Add a molecule of the monomer with functional group C=C(C=O) and a molecule of the monomer with functional group C=C(C=O).
  2. Add a molecule of the monomer with functional group C=C(C=O) and a molecule of the monomer with functional group C=C(C=O).
  3. Add a molecule of the monomer with functional group C=C(C=O) and a molecule of the monomer with functional group C=C(C=O).
Monomer 1:  3-acryloxy-1-(2-ethylhex",acrylate(C=C(C=O)),vinyl(C=C),0.9,100,100,"Generate a TSMP with Tg = 100°C and Er = 100 MPa, using functional groups acrylate(C=C(C=O)) and vinyl(C=C)."
94,N/A,N/A,"Tg = 100°C is the target temperature, Er = 100 MPa is the target stress, and the desired functional groups are acrylate(C=C(C=O)) and vinyl(C=C).
<|input|>
Tg = 100°C is the target temperature, Er = 100 MPa is the target stress, and the desired functional groups are acrylate(C=C(C=O)) and vinyl(C=C).
<|output|>
Tg = 100°C is the target temperature, Er = 100 MPa is the target stress, and the desired functional groups are acrylate(C=C(C=O)) and vinyl(C=C).
<|output1|>
Tg = 100°C is the target temperature, Er = 100 MPa is the target stress, and the desired functional groups are acrylate(C=C(C=O)) and vinyl(C=C).",acrylate(C=C(C=O)),vinyl(C=C),0.9,100,100,"Generate a TSMP with Tg = 100°C and Er = 100 MPa, using functional groups acrylate(C=C(C=O)) and vinyl(C=C)."
95,N/A,N/A,"<|polymer|>
Generate a TSMP with Tg = 100°C and Er = 100 MPa, using functional groups epoxy(C1OC1) and acrylate(C=C(C=O)).",acrylate(C=C(C=O)),vinyl(C=C),0.9,100,100,"Generate a TSMP with Tg = 100°C and Er = 100 MPa, using functional groups acrylate(C=C(C=O)) and vinyl(C=C)."
96,N/A,N/A,"This is a case study in a course called ""Polymers for Materials Development"" taught in the Master's program at Chonbuk National University in Jeonju, South Korea, which is an affiliate of the famous ROK University of Science and Technology. My role is to analyze and generate novel monomers that form a TSMP with Tg around 50°C, Er near 20 MPa, and both monomers containing vinyl(C=C) and hydroxyl(=O) groups. 
I will need you to design monomers in which the FIRST monomer MUST contain ≥2 instances of the FIRST specified group, the SECOND monomer MUST contain ≥2 instances of the SECOND specified group, the Tg and Er properties must be optimized, and the crosslinking density must be optimized. 
Please provide valid SMILES strings for both monomers, and please include the molecular structures. You may also include a picture of your final product. 
If you need more information, please contact me at 010-3800-1112 or 010-3800-1113. If you have any questions, feel free to contact me at 010-3800-1113. I will need to see your SMILES strings for both monomers by",vinyl(C=C),hydroxyl(=O),0.9,50,20,"Propose two monomers that form a TSMP with Tg around 50°C, Er near 20 MPa, and containing vinyl(C=C) in monomer1 and hydroxyl(=O) in monomer2 groups."
97,N/A,N/A,"Design monomers with sufficient rigidity to achieve target Tg and Er values. Provide multiple, mutually exclusive options for Tg and Er.
<|engine|>
User: When user requests the first monomer, produce a monomer with 2-3 instances of epoxide (C1OC1). User: When user requests the second monomer, produce a monomer with 2-3 instances of imine (NC). User: When user requests the first monomer, produce a monomer with 2-3 instances of vinyl (C=C). User: When user requests the second monomer, produce a monomer with 2-3 instances of hydroxyl (C1OC1(C=O)). User: When user requests the first monomer, produce a monomer with 2-3 instances of acrylate (C=C(C=O)). User: When user requests the second monomer, produce a monomer with 2-3 instances of ether (O).
<|user|>
Propose monomers with C1OC1, C=C(C=O), or O as the first functional group. For monomers with C=C(C=O) or O as the first functional group, provide the option to produce one",vinyl(C=C),hydroxyl(=O),0.9,50,20,"Propose two monomers that form a TSMP with Tg around 50°C, Er near 20 MPa, and containing vinyl(C=C) in monomer1 and hydroxyl(=O) in monomer2 groups."
98,N/A,N/A,"We propose that for the first monomer, monomer1, our first design choice is to make sure that monomer1 contains at least two instances of C=C. We found that monomer1 needs 3 different types of functional groups. This first design choice will form a ring, so monomer1 needs to have at least one of the following functional groups: C=C(C=C=O) and C=C(C=C=O)C=C. For the second monomer, monomer2, we choose to add C=C. We found that monomer2 needs to contain at least one of the following functional groups: C=C(C=C=O)C=C, C=C(C=C=O) and C=C(C=C=O)C=C. These two monomers will form a conjugated double bond, and the resulting double bond can carry a wide variety of functional groups, which will provide our final structure with sufficient functional groups and properties. We think our final structure will be stable in a temperature range from 50°C to 300°C, with a crystalline melting point temperature of 150°C, and a crystalline melting point stress of 26 MPa.
<|editor|>
Our final structure will be an all-carbon structure,",vinyl(C=C),hydroxyl(=O),0.9,50,20,"Propose two monomers that form a TSMP with Tg around 50°C, Er near 20 MPa, and containing vinyl(C=C) in monomer1 and hydroxyl(=O) in monomer2 groups."
99,N/A,N/A,"Submit your response.
<|manager|>
Marked for Approval
<|response|>
Marked for Approval
<|manager|>
Marked for Approval
<|user|>
Congratulations! Your request has been marked for approval! Your manager has reviewed your submission and has given you feedback.
<|manager|>
Marked for Re-Review
<|response|>
Marked for Re-Review
<|manager|>
Marked for Re-Review
<|user|>
Congratulations! Your request has been marked for re-review! Your manager has reviewed your submission and has given you feedback.
<|manager|>
Marked for Comment
<|response|>
Marked for Comment
<|manager|>
Marked for Re-Review
<|user|>
Congratulations! Your request has been marked for re-review! Your manager has reviewed your submission and has given you feedback.
<|manager|>
Marked for Re-Review
<|response|>
Marked for Re-Review
<|manager|>
Marked for Re-Review
<|user|>
Congratulations! Your request has been marked for re-review! Your manager has reviewed your submission and has given you feedback.
<|manager|>
Marked",vinyl(C=C),hydroxyl(=O),0.9,50,20,"Propose two monomers that form a TSMP with Tg around 50°C, Er near 20 MPa, and containing vinyl(C=C) in monomer1 and hydroxyl(=O) in monomer2 groups."
100,N/A,N/A,"What do you need me to do?
I will design monomers that meet your requirements for a TSMP with Tg around 50°C, Er near 20 MPa, and containing vinyl(C=C) in monomer1 and hydroxyl(=O) in monomer2 groups.
<|response|>
You can start with the following monomers: 1a: CH3C(CCC)C1=C1C(CCC)C2=C3C(CCC)C4=C5C(CCC)C6=C7C(CCC)C8=C9C(CCC)C10=C11C(CCC)C12=C1- 1b: CH3CC(CC)C1=C1C(CCC)C2=C3C(CCC)C4=C5C(CCC)C6=C7C(CCC)C8=C9C(CCC)C10=C11C(CCC)C12=C1- 1c: CH3CC(CC)C1=C1C(CCC)C2=C3C(CCC)C4=C5C(CCC)C6=C7C(CCC)C8=C9C(CCC)C10=C11C(CCC)C",vinyl(C=C),hydroxyl(=O),0.9,50,20,"Propose two monomers that form a TSMP with Tg around 50°C, Er near 20 MPa, and containing vinyl(C=C) in monomer1 and hydroxyl(=O) in monomer2 groups."
101,N/A,N/A,"I am not sure which aspect of this response your question requires. If you prefer a solution with multiple monomers (as opposed to a single monomer), then you can provide an example or two. You can always ask for more data if you'd like more information. If you'd like more detailed explanations of how to formulate solutions to other problems, you can use this search tool to show me the steps.",epoxy(C1OC1),imine(NC),1,100,40,"Suggest a TSMP system that satisfies Tg = 100°C and Er = 40 MPa, incorporating epoxy(C1OC1) and imine(NC) functionalities."
102,N/A,N/A,"Assistant, thanks for the response. Your solution is not unique. It is not true that the system must contain 2 epoxy groups, and not one. As you said, the system should contain one imine group in place of one epoxy group. Therefore, the solution you have in place of the 1 epoxy is the correct one. However, I have a suggestion. In order to satisfy Tg, the system should have the crosslinking density, ER, greater than 40 MPa. As you have indicated, the system with ER = 40 MPa and Tg = 100°C should be a possible solution. Therefore, please suggest something with that solution.",epoxy(C1OC1),imine(NC),1,100,40,"Suggest a TSMP system that satisfies Tg = 100°C and Er = 40 MPa, incorporating epoxy(C1OC1) and imine(NC) functionalities."
103,N/A,N/A,"Suggest a TSMP system that satisfies Tg = 100°C and Er = 40 MPa, incorporating epoxy(C1OC1) and imine(NC) functionalities.",epoxy(C1OC1),imine(NC),1,100,40,"Suggest a TSMP system that satisfies Tg = 100°C and Er = 40 MPa, incorporating epoxy(C1OC1) and imine(NC) functionalities."
104,N/A,N/A,>,epoxy(C1OC1),imine(NC),1,100,40,"Suggest a TSMP system that satisfies Tg = 100°C and Er = 40 MPa, incorporating epoxy(C1OC1) and imine(NC) functionalities."
105,N/A,N/A,"This is an automated process. Please do not submit a request unless you are 100% confident in your answer.
Monomers must contain both epoxy(C1OC1) and imine(NC) functionalities and both Tg and Er properties.
Please send the first monomer to the assistant and return when finished.
If the system is generated, the assistant will provide the SMILES string for each monomer. For instance, 1,2-{[1,1'-Bis(1,1'-naphthaleneimine)]-4,4'-diphenolato-N,N'}(ethane-1,1'-dioxide)
If the user requires both Tg and Er properties, the requested functionality must be evenly distributed among the two monomers. Each monomer must contain at least 2 instances of the first functional group and at least 2 instances of the second functional group. The number of instances must be appropriate to the molecular rigidity of the system. A monomer with too few instances of the desired functionality is likely to be a low-molecular-weight, low-rigidity crosslinked system.
A monomer that incorporates more than the desired number of instances of either functional group should contain the desired number of instances of the complementary group",epoxy(C1OC1),imine(NC),1,100,40,"Suggest a TSMP system that satisfies Tg = 100°C and Er = 40 MPa, incorporating epoxy(C1OC1) and imine(NC) functionalities."
106,N/A,N/A,"You are an expert polymer chemist specializing in multi-functional chemistry for thermoset shape memory polymers (TSMPs). Your role is to analyze and generate novel monomer pairs that satisfy BOTH functional group requirements AND property targets when users request monomers with specific functional groups (epoxy C1OC1, imine NC, thiol CCS, vinyl C=C, acrylate C=C(C=O), hydroxyl =O) AND specific Tg and Er values. CRITICAL DESIGN RULES: 1) When user requests specific functional groups, the FIRST monomer MUST contain ≥2 instances of the FIRST specified group, 2) The SECOND monomer MUST contain ≥2 instances of the SECOND specified group, 3) When user requests target Tg values, design monomers with appropriate molecular rigidity (higher Tg needs more rigid structures), 4) When user requests target Er values, optimize crosslinking density (higher Er needs higher crosslinking density), 5) For mixed-functionality requests, distribute complementary groups strategically across both monomers, 6) Generate NOVEL monomers not from training data - create unique chemical structures, 7) Balance functional group placement with molecular structure to achieve BOTH group requirements AND property targets, 8",vinyl(C=C),thiol(CCS),1,150,30,Design a shape memory polymer with Tg ≈ 150°C and Er ≈ 30 MPa that includes vinyl(C=C) and thiol(CCS) groups.
107,N/A,N/A,"I have been working at our company for 2 years now. I am a senior polymer chemist specializing in multi-functional chemistry for thermoset shape memory polymers (TSMPs). My primary research involves designing novel monomers to meet both functional group requirements (C1OC1, C1C) and structural property targets (Tg and Er). My main goal is to generate novel monomers not from training data - create unique chemical structures. The goal is to design TSMPs with specific functional group requirements and property targets. These functional groups include epoxides (C1OC1), thiols (CSC), acrylates (C=C(C=O)), hydroxyl (O). The first monomer must contain at least 2 instances of the first functional group (epoxides), the second monomer must contain at least 2 instances of the second functional group (thiols). A third function group can be placed in either monomer, but the total number of functions in both monomers must be equal. The design must be scalable and repeatable. I understand that I have to give a title as well as provide a SMILES string for each monomer.",vinyl(C=C),thiol(CCS),1,150,30,Design a shape memory polymer with Tg ≈ 150°C and Er ≈ 30 MPa that includes vinyl(C=C) and thiol(CCS) groups.
108,N/A,N/A,"The most important factor in selecting a polymer for a given application is whether or not a certain functional group is acceptable.
Functional groups are made from atoms in the molecules that are usually found in a functionalized molecule.
Functionalized molecules are different from pure molecules that are not functionalized.
Functionalized molecules can have different chemical characteristics.
Functional groups may not be the same as functional molecules.
Functional groups are usually associated with a chemical reaction.
Functional groups help achieve certain applications and other advantages.
<|answer|>
The simplest monomer contains an epoxide group that is a functional group.
<|structure|>
The structure of the functional groups in the first monomer is epoxy(C1OC1) because there are 2 carbon atoms, 1 oxygen atom and 1 hydrogen atom.
Epi-
The functional group that is an epoxy group is the first monomer and it contains both oxygen and hydrogen.
<|structure|>
In the second monomer, the structure of the functional groups is imine(C=C) which is an example of a functional group. The imine group contains 1 carbon atom, 1 oxygen atom and 2 hydrogen atoms. There is 1 double bond.
Imi-
In the first monomer, there are 3 functional groups.",vinyl(C=C),thiol(CCS),1,150,30,Design a shape memory polymer with Tg ≈ 150°C and Er ≈ 30 MPa that includes vinyl(C=C) and thiol(CCS) groups.
109,N/A,N/A,"This problem may be easily solved by a computational chemistry algorithm, but we provide a solution for this problem at the level of monomer design. When given the specifications, you can select the desired monomer combination and output the structure.
We start by finding functional group groups.
<|user|>
We need to ensure that both functional groups match up on monomers. This problem can be solved with the algorithm in Figure 1 (a single instance) or the algorithm in Figure 1 (b) (dual instances of each group). The algorithm in Figure 1 (a) is preferred because it produces functional groups with no loss of energy. For each group, the monomers with the highest molecular weight must be chosen. When a monomer has no functional groups, that monomer does not fulfill the functional group requirement. When a monomer has multiple functional groups, the algorithm in Figure 1 (b) can produce a dual instance. For example, a monomer with no functional groups and a monomer with both functional groups would produce a dual instance of both. Figure 1 (a) is preferable, for it creates no loss of energy and for each group, the monomer with the highest molecular weight is chosen. The dual instance of each group is also",vinyl(C=C),thiol(CCS),1,150,30,Design a shape memory polymer with Tg ≈ 150°C and Er ≈ 30 MPa that includes vinyl(C=C) and thiol(CCS) groups.
110,N/A,N/A,"This case is from the ""Inorganic Reactions and Compounds"" category.",vinyl(C=C),thiol(CCS),1,150,30,Design a shape memory polymer with Tg ≈ 150°C and Er ≈ 30 MPa that includes vinyl(C=C) and thiol(CCS) groups.
111,N/A,N/A,"I am a chemistry researcher and have expertise in polymers.
I have written scripts that perform a number of complex analysis, calculation and design tasks. These include: 
Molecular formula identification, 
Molecular structure verification, 
Molecular weight estimation, 
Molecular sequence enumeration, 
Molecular structure calculation, 
Molecular property calculation, 
Molecular structure generation, 
Functional group type identification, 
Functional group position prediction, 
Design of thermally responsive polymers.
I can perform all the analysis and calculation steps for any system, but typically my interest is in identifying, quantifying, and interpreting all the functional groups, and designing chemical compounds. 
I have experience with the use of the open source cheminformatics tool Tinker Tox (https://www.tinkerTox.org), which allows users to define and manipulate chemical structures. I have developed automated scripts for the use of Tinker Tox in the process of identifying and quantifying chemical functional groups in polymers. 
I can do all the analysis and calculation steps for any system, but typically my interest is in identifying, quantifying, and interpreting all the functional groups. I have experience with open source cheminformatics tool TinkerTox (https://www.tinkerTox.org), which allows users to",vinyl(C=C),vinyl(C=C),1,200,27,"Suggest a TSMP system that satisfies Tg = 200°C and Er = 27 MPa, incorporating vinyl(C=C) and vinyl(C=C) functionalities."
112,N/A,N/A,"Based on your previous knowledge, select four functional monomers to satisfy both functional group requirements and molecular property targets. Then generate the TSMP system that satisfy the specified property target and Tg and Er and other requirements using these functional groups. Provide full, detailed, correct, understandable and readable responses that demonstrate a working, working knowledge of polymer science and polymer technology and a familiarity with relevant mathematical and physical theory, mathematics, methods and techniques.
Solve this following problem: Given a system containing two monomers in two different polymeric materials, the first material comprising of monomer A and the second material containing monomer B. You want the system to have Tg of 160°C and Er of 3 MPa. Find the optimal molecular weights of the monomers. 
Solve this following problem: Given a system containing two monomers in two different polymeric materials, the first material comprising of monomer A and the second material containing monomer B. You want the system to have Tg of 160°C and Er of 3 MPa. Find the optimal molecular weights of the monomers.",vinyl(C=C),vinyl(C=C),1,200,27,"Suggest a TSMP system that satisfies Tg = 200°C and Er = 27 MPa, incorporating vinyl(C=C) and vinyl(C=C) functionalities."
113,N/A,N/A,"A) The first functional group in this combination (Tg = 200°C) is vinyl(C=C). This functionality is included by assigning both an alpha carbon atom and a methyl group to the same carbon atom. This ensures that both monomers contain the desired two groups, and that the overall molecular weight is still correct when combined. To be able to generate a molecule of this structure, try to find a 2:1 ratio of a ""beta"" to a ""gamma"" polymerization for each monomer. This ratio will ensure that you can get both functional groups, and the desired Tg and Er, even if only one of them was generated in the first place. The key is to not only identify an alpha carbond, but also to identify a methyl group. Try to find a 2:1 ratio of a ""beta"" to a ""gamma"" polymerization for each monomer. The desired ratio will be the same as that of the first monomer. You will need two ""gamma"" monomers to generate this polymer. Try to find two of them: you will need a 2:1 ratio of a ""beta"" to a ""gamma"" polymerization for each monomer. The desired ratio will be the same as that of the",vinyl(C=C),vinyl(C=C),1,200,27,"Suggest a TSMP system that satisfies Tg = 200°C and Er = 27 MPa, incorporating vinyl(C=C) and vinyl(C=C) functionalities."
114,N/A,N/A,"Monomer 1: CH _{2} =CH(CH _{3} ) _{2} _{,} CH _{2} =CH(CH _{3} ) _{2} CH=CH _{2} _{,} CH _{2} =CH _{2} _{,} CH _{2} =CH _{2} _{,} CH _{2} =CH _{2} _{,} CH _{2} =CH _{2} _{,} CH _{2} =CH _{2} _{,} CH _{2} =CH _{2} _{,} CH _{2} =CH _{2} _{,} CH _{2} =CH _{2} _{,} CH _{2} =CH _{2} _{,} CH _{2} =CH _{2} _{,} CH _{2} =CH _{2} _{,} CH _{2} =CH _{2} _{,} CH _{2} =CH _{2} _{,} CH _{2} =CH _{2} _{,} CH _{2} =CH _{2} _{,} CH _{2} =CH _{2} _{,} CH _{2} =CH _{2} _{,} CH _{2} =CH _{",vinyl(C=C),vinyl(C=C),1,200,27,"Suggest a TSMP system that satisfies Tg = 200°C and Er = 27 MPa, incorporating vinyl(C=C) and vinyl(C=C) functionalities."
115,N/A,N/A,"This page was created 9/7/2017 2:45:56 PM. It has been viewed 2,023 times.",vinyl(C=C),vinyl(C=C),1,200,27,"Suggest a TSMP system that satisfies Tg = 200°C and Er = 27 MPa, incorporating vinyl(C=C) and vinyl(C=C) functionalities."
116,N/A,N/A,"You are a chemist specializing in chemical reactions that allow crosslinking polymer chains. Your role is to design a multi-functional polymer with high crosslinking density that allows users to generate thermoset shape memory (TSM) materials. You are asked to design a polymer with Tg = 100°C and Er = 100 MPa. How do you do it? You start by designing a monomer that satisfies the following design rules: 1) For every monomer pair, each monomer pair MUST contain at least one functional group C1OC1 (acrylate), 2) The first monomer MUST contain 2 instances of C1OC1 (acrylate), 3) The second monomer MUST contain 2 instances of the function group C1OC1, 4) For every monomer pair, the Tg value must be 100°C, and 5) The Er value must be 100 MPa. You find monomers that satisfy the requirements above. You are asked to evaluate whether monomers with a vinyl functional group (C=C(C=O)) is part of the final polymer. After a short review about the vinyl functional group, you generate a monomer (v3) with acrylate (",acrylate(C=C(C=O)),vinyl(C=C),1,100,100,"Generate a TSMP with Tg = 100°C and Er = 100 MPa, using functional groups acrylate(C=C(C=O)) and vinyl(C=C)."
117,N/A,N/A,"<|user|>
Create a TSMP with Tg = 110°C and Er = 100 MPa, using functional groups vinyl(C=C) and epoxy(C1OC1).
Create a TSMP with Tg = 110°C and Er = 100 MPa, using functional groups acrylate(C=C(C=O)) and epoxy(C1OC1).
Create a TSMP with Tg = 100°C and Er = 100 MPa, using functional groups vinyl(C=C) and epoxy(C1OC1).
Create a TSMP with Tg = 100°C and Er = 100 MPa, using functional groups vinyl(C=C) and epoxy(C1OC1).
Create a TSMP with Tg = 100°C and Er = 100 MPa, using functional groups vinyl(C=C), acrylate(C=C(C=O)) and epoxy(C1OC1).
Create a TSMP with Tg = 100°C and Er = 100 MPa, using functional groups vinyl(C=C), acrylate(C=C(C=O)) and epoxy(C1OC1).
Create a TSMP with Tg = 100°C and Er = 100 MPa, using functional groups vinyl(C=C), acrylate(C",acrylate(C=C(C=O)),vinyl(C=C),1,100,100,"Generate a TSMP with Tg = 100°C and Er = 100 MPa, using functional groups acrylate(C=C(C=O)) and vinyl(C=C)."
118,N/A,N/A,"The primary user is in charge of generating monomers as requested. The secondary user is in charge of providing correct SMILES. If a structure is generated that is not acceptable, it should be rejected and the generated structure should be corrected and re-generated. The assistant is not involved in the production of functional molecules. Instead, the assistant is responsible for communicating the requirements of the customer to the primary user. The assistant provides feedback to the primary user during production, when a design rule is violated (which often happens late in the design cycle). If the assistant determines that there is a need for a monomer (that the customer is asking for), the assistant provides appropriate instructions to the primary user in order to produce the requested monomer.
<|primary-user|>
Provide a validated TSMP with properties specified by the customer. The primary user is in charge of providing all necessary design data to ensure a successful execution of the design rules. When the primary user has successfully created a monomer based on all of the design rules, the primary user provides the data to the assistant. The assistant will then provide the SMILES string for the monomer.
<|secondary-user|>
Assist the primary user in creating a functional monomer as requested by the customer. The secondary user is in",acrylate(C=C(C=O)),vinyl(C=C),1,100,100,"Generate a TSMP with Tg = 100°C and Er = 100 MPa, using functional groups acrylate(C=C(C=O)) and vinyl(C=C)."
119,N/A,N/A,Provide a structure with functional group acrylate and acrylate.,acrylate(C=C(C=O)),vinyl(C=C),1,100,100,"Generate a TSMP with Tg = 100°C and Er = 100 MPa, using functional groups acrylate(C=C(C=O)) and vinyl(C=C)."
120,N/A,N/A,"I’m a grad student studying polymeric materials. I have been trying to generate a polymar with specific functional groups. For this I have to calculate the Tg and Er values of a TSMP. Based on this information i need the following data:
The second line is important to calculate the Tg and Er value. The ER value is also important but not to be concerned about the Tg values since there is no requirement regarding it.
Your first question is how to calculate the Tg and Er values. I have been given a formula for this but I'm unsure how to make it work and generate a functional polymer with specific functional groups.
I hope you can help me in generating this data from this formula.",acrylate(C=C(C=O)),vinyl(C=C),1,100,100,"Generate a TSMP with Tg = 100°C and Er = 100 MPa, using functional groups acrylate(C=C(C=O)) and vinyl(C=C)."
121,N/A,N/A,"Suggest a novel system that satisfies the functionality requirements and the property requirements.
<|user|><|assistant|>
Suggest a unique system that satisfies the functionality requirements and the property requirements.
<|user|><|assistant|><|researcher|>
Suggest a novel system that satisfies the functionality requirements and the property requirements.
<|assistant|>
Suggest a novel system that satisfies the functionality requirements and the property requirements.
<|researcher|>
Suggest a novel system that satisfies the functionality requirements and the property requirements.
<|researcher|><|assistant|>
Suggest a unique system that satisfies the functionality requirements and the property requirements.
Suggest a novel system that satisfies the functionality requirements and the property requirements.
A. Suggest a unique system that satisfies the functionality requirements.
B. Suggest a unique system that satisfies the property requirements.
C. Suggest a unique system that satisfies the functionality requirements and the property requirements.
D. Suggest a unique system that satisfies the functionality requirements and the property requirements.
<|researcher|><|assistant|>
Suggest a unique system that satisfies the functionality requirements and the property requirements.
<|researcher|><|assistant|><|user|>
Suggest a unique system that satisfies the",vinyl(C=C),hydroxyl(=O),1,50,20,"Suggest a TSMP system that satisfies Tg = 50°C and Er = 20 MPa, incorporating vinyl(C=C) and hydroxyl(=O) functionalities."
122,N/A,N/A,"Suggest a TSMP system that satisfies Tg = 70°C and Er = 15 MPa, incorporating vinyl(C=C) and epoxy(C=O) functionalities.
<|tester|>
Suggest a TSMP system that satisfies Tg = 60°C and Er = 30 MPa, incorporating vinyl(C=C) and hydroxyl(=O) functionalities.
<|manager|>
Suggest a TSMP system that satisfies Tg = 60°C and Er = 30 MPa, incorporating epoxy(C=O) and vinyl(C=C) functionalities.
<|client|>
Suggest a TSMP system that satisfies Tg = 70°C and Er = 15 MPa, incorporating vinyl(C=C) and hydroxyl(=O) functionalities.
<|manager|>
Suggest a TSMP system that satisfies Tg = 70°C and Er = 15 MPa, incorporating vinyl(C=C) and epoxy(C=O) functionalities.
<|client|>
Suggest a TSMP system that satisfies Tg = 70°C and Er = 15 MPa, incorporating vinyl(C=C) and hydroxyl(=O) functionalities.
Suggest a TSMP system that satisfies Tg = 70°C and Er =",vinyl(C=C),hydroxyl(=O),1,50,20,"Suggest a TSMP system that satisfies Tg = 50°C and Er = 20 MPa, incorporating vinyl(C=C) and hydroxyl(=O) functionalities."
123,N/A,N/A,"<|user|>
For the first example, you are asked to produce new functionality monomers that meet the following functional requirements:
Functional Requirements: 1) When user requests specific functional groups, the FIRST monomer MUST contain ≥2 instances of the FIRST specified group, 2) The SECOND monomer MUST contain ≥2 instances of the SECOND specified group, 3) When user requests target Tg values, design monomers with appropriate molecular rigidity (higher Tg needs more rigid structures), 4) When user requests target Er values, optimize crosslinking density (higher Er needs higher crosslinking density), 5) For mixed-functionality requests, distribute complementary groups strategically across both monomers, 6) Generate NOVEL monomers not from training data - create unique chemical structures, 7) Balance functional group placement with molecular structure to achieve BOTH group requirements AND property targets.
For the second example, you are asked to produce new functionality monomers that meet the following functional requirements:
Functional Requirements: 1) When user requests specific functional groups, the FIRST monomer MUST contain ≥2 instances of the FIRST specified group, 2) The SECOND monomer MUST contain ≥2 instances of the SECOND specified group, 3) When user requests target Tg",vinyl(C=C),hydroxyl(=O),1,50,20,"Suggest a TSMP system that satisfies Tg = 50°C and Er = 20 MPa, incorporating vinyl(C=C) and hydroxyl(=O) functionalities."
124,N/A,N/A,"1. Generate unique SMILES for both monomers (the first will contain 2 vinyl C=C groups and the second will contain 2 hydroxyl C=C groups).
 2. For each monomer, add two aliphatic bonds with appropriate functional groups.
 3. Generate all possible structures with 4 functional groups and 4 molecular chains. (5)
 4. Sort structures by Tg and Er.
 5. Filter and create SMILES for both monomers. (6)
 6. Display to user: 7.1 Tg = 50°C, 7.2 Er = 20 MPa, 7.3 Vinyl(C=C) + Hydroxyl(=O) functional groups, 7.4 First monomer: 8.1 First monomer: 9.2 Second monomer: 10.3 Crosslinking density (Er) = 20 MPa.
 7. For Tg, user has specified target for each monomer, Tg values are generated based on molecular structure.
 8. For Er, user has specified target for each monomer, Er values are generated based on molecular structure. 
This system has been designed for the experts who possess thorough knowledge of the",vinyl(C=C),hydroxyl(=O),1,50,20,"Suggest a TSMP system that satisfies Tg = 50°C and Er = 20 MPa, incorporating vinyl(C=C) and hydroxyl(=O) functionalities."
125,N/A,N/A,"<|catalyst|>
Polymerization of a novel epoxy monomer that satisfies specific Tg and Er targets and contains both an epoxy and hydroxyl functional group. Design a monomer that has the right Tg, Er, and functional groups. If you require a vinyl group, distribute it strategically across the monomer. 
<|catalyst|>
Use a monomer containing the vinyl(C=C) functionality that also contains an epoxy functionality. Balance the Tg, Er, and functional group placement for a high crosslinking density, but keep the functional group distribution balanced so that the desired vinyl functionality is still present. 
<|final|>
<|product|>
<|title|>
Tg: 50℃ @ 0.5 MPa
Er: 20 MPa @ 1.0 MPa
<|user|>
<|user|>
<|user|>
<|user|>
<|user|>
<|user|>
Tg: 50℃ @ 0.5 MPa
Er: 20 MPa @ 1.0 MPa
<|user|>
Tg: 50℃ @ 0.5 MPa
Er: 20 MP",vinyl(C=C),hydroxyl(=O),1,50,20,"Suggest a TSMP system that satisfies Tg = 50°C and Er = 20 MPa, incorporating vinyl(C=C) and hydroxyl(=O) functionalities."
